ticker,snapshot_date,pe_ratio,forward_pe,peg_ratio,price_to_sales,price_to_book,ev_ebitda,ev_sales,fcf_yield,earnings_yield,revenue,revenue_growth_yoy,ebitda,ebitda_growth_yoy,eps,eps_growth_yoy,fcf,fcf_growth_yoy,gross_margin,operating_margin,net_margin,roe,roa,roic,cash,total_debt,net_debt,debt_to_equity,net_debt_ebitda,current_ratio,quick_ratio,interest_coverage
AAPL,2025-11-24,34.060000,31.600000,4.010000,8.550000,48.350000,24.430000,9.440000,0.029530,0.029590,391000000000,0.057800,131767000000,0.063500,6.970000,0.075000,103224000000,0.059000,0.456900,0.309800,0.231000,1.562900,0.252700,0.575600,70380000000,679626000000,609246000000,1.758500,4.624000,0.837000,0.695000,6.450000
MSFT,2025-11-24,35.890000,28,1.400000,11.950000,12.020000,22.420000,13.780000,0.021100,0.028250,254000000000,0.138300,135890000000,0.161000,12.410000,0.211900,64262000000,0.143400,0.685300,0.435300,0.350800,0.343100,0.179900,0.275000,45720000000,140166000000,94446000000,0.319200,0.695000,1.325000,1.061000,34.090000
NVDA,2025-11-24,54.630000,34.230000,0.340000,27.550000,49.520000,44.090000,30.160000,0.017650,0.018450,130500000000,0.738400,82737000000,0.826100,2.940000,0.986300,60291000000,0.784800,0.737900,0.605400,0.536100,0.882300,0.640100,0.760500,23490000000,62568000000,39078000000,0.125300,0.472000,4.043000,3.414000,88.840000
META,2025-11-24,27.300000,22.260000,0.880000,9.440000,7.940000,17.340000,9.430000,0.035730,0.036630,164500000000,0.202000,87349500000,0.238200,22.040000,0.266900,53298000000,0.208400,0.797200,0.412300,0.368000,0.360300,0.226900,0.300200,29610000000,66546000000,36936000000,0.259800,0.423000,2.920000,2.400000,41.130000
GOOGL,2025-11-24,23.870000,22.560000,1.430000,6.690000,7.490000,17.430000,6.750000,0.032290,0.040650,350000000000,0.136700,142800000000,0.149300,8.040000,0.148600,72450000000,0.126400,0.566500,0.313300,0.278400,0.292800,0.204700,0.254300,63000000000,81711000000,18711000000,0.089200,0.131000,1.761000,1.468000,122.700000
AMZN,2025-11-24,43.910000,33.100000,2.580000,3.610000,7.470000,18.890000,3.920000,0.015750,0.023420,638000000000,0.100600,104632000000,0.118200,5.140000,0.125600,37004000000,0.116200,0.486200,0.105700,0.088300,0.206900,0.084000,0.138200,114840000000,226134000000,111294000000,0.531400,1.064000,1.021000,0.847000,20.060000
TSLA,2025-11-24,124.190000,93.090000,85.280000,13.040000,17.510000,64.990000,13.280000,0.002910,0.008450,97700000000,0.008400,13189500000,0.009800,2.040000,0.010800,3614900000,0.009700,0.175600,0.071300,0.071500,0.100000,0.059700,0.079000,17586000000,38484000000,20898000000,0.172100,1.584000,1.961000,1.583000,55.850000
JPM,2025-11-24,13.280000,13.140000,0.840000,3.790000,2.150000,11.700000,4.090000,0.045690,0.078130,177600000000,0.114600,71395200000,0.135400,19.750000,0.164600,32678400000,0.129400,0.615600,0.415800,0.325700,0.172000,0.014200,0.111100,31968000000,112989600000,81021600000,1.299200,1.135000,1.121000,0.926000,9.760000
V,2025-11-24,30.580000,27.590000,1.610000,14.840000,15.860000,20,18.080000,0.030880,0.032890,36000000000,0.108500,25272000000,0.138000,9.730000,0.166300,18432000000,0.142300,0.800300,0.674000,0.561200,0.516600,0.212100,0.429600,6480000000,34570800000,28090800000,0.523900,1.112000,1.308000,1.082000,25.990000
NFLX,2025-11-24,41.170000,35.060000,1.820000,9.580000,16.110000,29.500000,10.360000,0.018330,0.022620,39000000000,0.148000,11076000000,0.172600,19.830000,0.190500,6786000000,0.137200,0.457200,0.260600,0.215200,0.348700,0.137100,0.232600,7020000000,32032800000,25012800000,0.705400,2.258000,1.197000,0.962000,15.970000
AAPL,2025-12-01,33.360000,30.400000,4.080000,9.520000,53.460000,23.550000,9.890000,0.027470,0.029590,391424836538,0.056500,131910169913,0.064400,6.980000,0.073800,103336156846,0.059900,0.459200,0.306200,0.234700,1.517500,0.247400,0.564600,70456470577,679702470577,609246000000,1.717800,4.619000,0.848000,0.681000,6.090000
MSFT,2025-12-01,35.700000,28.110000,1.740000,12.410000,10.560000,22.710000,12.420000,0.021400,0.028250,254698011538,0.142900,136263436173,0.163800,12.451000,0.170000,64438596919,0.158500,0.685900,0.428900,0.351500,0.341600,0.178200,0.278900,45845642077,140291642077,94446000000,0.311000,0.693000,1.324000,1.084000,33.950000
NVDA,2025-12-01,53.710000,34.130000,0.340000,25.590000,43.070000,40.090000,26.150000,0.017970,0.018450,132377945192,0.748300,83927617252,0.839000,2.997000,1.003100,61158610679,0.793600,0.745100,0.595700,0.536900,0.909000,0.639500,0.760600,23828030135,62906030135,39078000000,0.123200,0.466000,4.050000,3.273000,82.110000
META,2025-12-01,27.410000,24.210000,0.850000,8.750000,8.880000,17.520000,9.200000,0.036850,0.036630,165152305769,0.206200,87695874363,0.230800,22.156000,0.273700,53509347069,0.219800,0.801700,0.409300,0.363700,0.363400,0.228800,0.295100,29727415038,66663415038,36936000000,0.265400,0.421000,2.851000,2.379000,41.640000
GOOGL,2025-12-01,24.960000,21.190000,1.180000,6.760000,7.090000,17.130000,7.170000,0.030300,0.040650,350847403846,0.125900,143145740769,0.157600,8.068000,0.179100,72625412596,0.133000,0.575500,0.311100,0.281400,0.292800,0.204000,0.254400,63152532692,81863532692,18711000000,0.084900,0.131000,1.794000,1.440000,127.990000
AMZN,2025-12-01,43.910000,31.480000,2.510000,3.400000,8.530000,19.910000,3.930000,0.014910,0.023420,639225696154,0.099900,104833014169,0.118000,5.153000,0.128900,37075090377,0.110700,0.477900,0.107400,0.089600,0.206300,0.086700,0.135300,115060625308,226354625308,111294000000,0.526400,1.062000,1.046000,0.848000,21.280000
TSLA,2025-12-01,124.810000,94.240000,88.560000,13.620000,16.960000,70.800000,13.510000,0.002630,0.008450,97716721731,0.008900,13191757434,0.010000,2.040000,0.010400,3615518704,0.008700,0.175000,0.071800,0.070500,0.099900,0.059900,0.077900,17589009912,38487009912,20898000000,0.175800,1.584000,1.964000,1.593000,64.890000
JPM,2025-12-01,12.340000,13.030000,0.890000,3.870000,2.230000,10.830000,4.080000,0.052650,0.078130,177991061538,0.114500,71552406738,0.138000,19.809000,0.155400,32750355323,0.124800,0.607500,0.411400,0.328500,0.174300,0.014000,0.111300,32038391077,113059991077,81021600000,1.332800,1.132000,1.101000,0.907000,8.950000
V,2025-12-01,27.930000,26.830000,1.740000,16.970000,14.530000,20.390000,16.420000,0.031460,0.032890,36073038462,0.105500,25323273000,0.134300,9.759000,0.153800,18469395692,0.144400,0.806100,0.678500,0.554100,0.530700,0.208900,0.437100,6493146923,34583946923,28090800000,0.527800,1.109000,1.305000,1.078000,25.120000
NFLX,2025-12-01,46.330000,36.040000,1.740000,9.850000,15.420000,31.700000,10.630000,0.018390,0.022620,39109500000,0.146000,11107098000,0.173600,19.906000,0.198400,6805053000,0.149400,0.449700,0.259400,0.216400,0.349600,0.138800,0.232400,7039710000,32052510000,25012800000,0.697200,2.252000,1.185000,0.968000,15.380000
AAPL,2025-12-08,32.690000,30.040000,3.970000,9.220000,54.040000,23.860000,8.760000,0.028760,0.029590,391843657692,0.056100,132051312642,0.069600,6.990000,0.075900,103446725631,0.055100,0.457800,0.310700,0.234900,1.484900,0.248300,0.560100,70531858385,679777858385,609246000000,1.759300,4.614000,0.852000,0.681000,5.730000
MSFT,2025-12-08,36.730000,29.580000,1.560000,11.490000,10.480000,22.460000,13.850000,0.019310,0.028250,255377461538,0.141000,136626941923,0.166000,12.500000,0.189400,64610497769,0.144600,0.687100,0.440400,0.347700,0.339700,0.177500,0.268400,45967943077,140413943077,94446000000,0.318300,0.691000,1.330000,1.082000,32.450000
NVDA,2025-12-08,50.920000,35.190000,0.380000,24.810000,45.440000,42.960000,26.650000,0.017500,0.018450,134231296154,0.743400,85102641762,0.846800,3.039000,0.875400,62014858823,0.653400,0.737900,0.608200,0.542500,0.872300,0.628900,0.763600,24161633308,63239633308,39078000000,0.121600,0.459000,4.058000,3.348000,87.260000
META,2025-12-08,28.180000,25.530000,0.830000,9.350000,8.790000,16.830000,10.200000,0.033650,0.036630,165820428846,0.208700,88050647717,0.235400,22.280000,0.283400,53725818946,0.201900,0.797000,0.412700,0.362800,0.359800,0.225200,0.296500,29847677192,66783677192,36936000000,0.260100,0.419000,2.880000,2.358000,42.890000
GOOGL,2025-12-08,23.930000,20.970000,1.290000,6.450000,8.020000,17.050000,7.380000,0.031830,0.040650,351706923077,0.126800,143496424615,0.151900,8.091000,0.164900,72803333077,0.153400,0.569300,0.313100,0.281200,0.303700,0.201300,0.261500,63307246154,82018246154,18711000000,0.087500,0.130000,1.785000,1.456000,116.750000
AMZN,2025-12-08,42.580000,30.940000,2.590000,3.560000,7.750000,19,3.870000,0.016260,0.023420,640473476923,0.100800,105037650215,0.128200,5.165000,0.125300,37147461662,0.109400,0.482000,0.106400,0.087600,0.201000,0.084800,0.138800,115285225846,226579225846,111294000000,0.524500,1.060000,1.033000,0.853000,20.760000
TSLA,2025-12-08,124.440000,93.010000,83.730000,12.700000,18.210000,75.570000,14.750000,0.002760,0.008450,97731940385,0.008500,13193811952,0.009600,2.041000,0.011000,3616081794,0.008600,0.173200,0.069800,0.070300,0.099400,0.059900,0.078400,17591749269,38489749269,20898000000,0.172600,1.584000,1.984000,1.611000,63.130000
JPM,2025-12-08,12.700000,14.090000,0.900000,4.040000,2.020000,11.520000,3.860000,0.049600,0.078130,178378024615,0.113900,71707965895,0.132800,19.867000,0.153700,32821556529,0.127800,0.609100,0.412700,0.317900,0.174800,0.013800,0.112500,32108044431,113129644431,81021600000,1.351500,1.130000,1.131000,0.931000,8.700000
V,2025-12-08,30.310000,26.180000,1.730000,16.060000,15.030000,21.460000,17.050000,0.028570,0.032890,36153692308,0.111000,25379892000,0.131400,9.788000,0.155100,18510690462,0.127500,0.804200,0.672600,0.559700,0.526900,0.214000,0.430900,6507664615,34598464615,28090800000,0.535700,1.107000,1.325000,1.079000,25.570000
NFLX,2025-12-08,41.460000,35.580000,1.770000,9.180000,17.360000,28.830000,10.590000,0.017300,0.022620,39227250000,0.151500,11140539000,0.161400,19.979000,0.195500,6825541500,0.142200,0.452700,0.258200,0.218400,0.348900,0.139200,0.235300,7060905000,32073705000,25012800000,0.689700,2.245000,1.148000,0.974000,15.470000
AAPL,2025-12-15,34.280000,30.500000,4.340000,8.340000,51.210000,23.990000,10.080000,0.029960,0.029590,392319625000,0.058500,132211713625,0.063100,6.998000,0.069300,103572381000,0.057000,0.454300,0.309200,0.229600,1.502700,0.251400,0.565000,70617532500,679863532500,609246000000,1.797000,4.608000,0.840000,0.683000,5.900000
MSFT,2025-12-15,34.520000,27.480000,1.630000,11.770000,11.040000,20.390000,12.410000,0.019440,0.028250,256146788462,0.146500,137038531827,0.175000,12.540000,0.181300,64805137481,0.150600,0.686300,0.436700,0.345400,0.340800,0.178700,0.273800,46106421923,140552421923,94446000000,0.320300,0.689000,1.319000,1.057000,32.800000
NVDA,2025-12-15,52.470000,32.970000,0.400000,27.770000,44.170000,45.100000,24.990000,0.019790,0.018450,135944861538,0.723200,86189042215,0.830400,3.082000,0.836400,62806526031,0.696600,0.740200,0.615700,0.530800,0.869500,0.634800,0.747600,24470075077,63548075077,39078000000,0.126300,0.453000,4.111000,3.276000,89.040000
META,2025-12-15,27.050000,22.650000,0.960000,9.080000,7.890000,17.490000,10.510000,0.036520,0.036630,166395229808,0.199700,88355867028,0.238100,22.351000,0.244700,53912054458,0.205000,0.801800,0.414400,0.363900,0.359400,0.224800,0.294100,29951141365,66887141365,36936000000,0.264000,0.418000,2.868000,2.369000,40.890000
GOOGL,2025-12-15,24.680000,21.210000,1.290000,6.880000,7.460000,17.260000,6.770000,0.033310,0.040650,352633076923,0.130400,143874295385,0.146500,8.116000,0.164700,72995046923,0.127700,0.577400,0.312900,0.274600,0.298300,0.200800,0.255000,63473953846,82184953846,18711000000,0.089700,0.130000,1.771000,1.413000,126.250000
AMZN,2025-12-15,42.430000,29.470000,2.440000,3.800000,8.090000,18.910000,3.600000,0.016600,0.023420,641798553846,0.103200,105254962831,0.122300,5.179000,0.132800,37224316123,0.109000,0.476600,0.104800,0.088300,0.198800,0.084500,0.136700,115523739692,226817739692,111294000000,0.511400,1.057000,1.007000,0.834000,20.110000
TSLA,2025-12-15,121.240000,88.890000,89.420000,13.060000,16.790000,71.470000,14.630000,0.003060,0.008450,97749601538,0.008800,13196196208,0.010000,2.041000,0.010300,3616735257,0.008200,0.173700,0.070700,0.070500,0.102500,0.059300,0.080000,17594928277,38492928277,20898000000,0.169800,1.584000,1.962000,1.608000,63.140000
JPM,2025-12-15,12.840000,14.300000,0.960000,3.900000,2.080000,11.240000,3.860000,0.047990,0.078130,178727076923,0.110000,71848284923,0.132000,19.914000,0.144300,32885782154,0.120500,0.607900,0.410600,0.328200,0.170900,0.014000,0.112100,32170873846,113192473846,81021600000,1.333600,1.128000,1.118000,0.916000,9.100000
V,2025-12-15,30.020000,27.320000,1.830000,16.350000,16.160000,22.630000,16.270000,0.030730,0.032890,36223061538,0.107400,25428589200,0.140200,9.812000,0.146300,18546207508,0.136300,0.812400,0.681200,0.573400,0.535900,0.213200,0.435400,6520151077,34610951077,28090800000,0.527500,1.105000,1.301000,1.085000,23.910000
NFLX,2025-12-15,44.660000,36.390000,1.770000,9.920000,17.430000,29.800000,10.580000,0.016590,0.022620,39311400000,0.138400,11164437600,0.174100,20.054000,0.195500,6840183600,0.139300,0.453600,0.260700,0.214800,0.349400,0.138200,0.233500,7076052000,32088852000,25012800000,0.702300,2.240000,1.187000,0.952000,16.020000
AAPL,2025-12-22,34.210000,28.950000,4.020000,8.930000,50.660000,25.310000,9.390000,0.028610,0.029590,392768523077,0.058800,132362992277,0.067300,7.010000,0.074900,103690890092,0.049600,0.449300,0.307800,0.237600,1.528500,0.247900,0.569400,70698334154,679944334154,609246000000,1.843000,4.603000,0.827000,0.683000,6.470000
MSFT,2025-12-22,36.020000,30.430000,1.830000,12.560000,10.980000,22.430000,12.850000,0.019850,0.028250,256723661538,0.139400,137347158923,0.166500,12.564000,0.161500,64951086369,0.152800,0.679400,0.436200,0.351200,0.335200,0.177400,0.274100,46210259077,140656259077,94446000000,0.322000,0.688000,1.291000,1.058000,33.590000
NVDA,2025-12-22,51.790000,34.110000,0.360000,25.260000,49.300000,48.690000,28.560000,0.019330,0.018450,137715646154,0.718800,87311719662,0.772300,3.154000,0.945300,63624628523,0.747800,0.741200,0.603000,0.538000,0.901300,0.608200,0.766500,24788816308,63866816308,39078000000,0.125100,0.448000,4.058000,3.355000,86.040000
META,2025-12-22,27.300000,24.740000,1.050000,9.010000,8.230000,17.340000,10.220000,0.034950,0.036630,166945988462,0.193300,88648319873,0.240100,22.417000,0.222300,54090500262,0.206600,0.802800,0.410100,0.367900,0.355400,0.228800,0.288800,30050277923,66986277923,36936000000,0.254900,0.417000,2.861000,2.373000,41.160000
GOOGL,2025-12-22,24.400000,20.610000,1.370000,6.710000,6.920000,17.920000,7.540000,0.032020,0.040650,353448846154,0.128100,144207129231,0.151700,8.136000,0.155300,73163911154,0.149900,0.572600,0.312300,0.282700,0.302100,0.205700,0.254700,63620792308,82331792308,18711000000,0.087300,0.130000,1.778000,1.460000,117.360000
AMZN,2025-12-22,42.830000,33.110000,2.520000,3.650000,7.900000,20.150000,3.780000,0.016650,0.023420,642681938462,0.095400,105399837908,0.122800,5.191000,0.128800,37275552431,0.093600,0.482800,0.104800,0.089200,0.197100,0.084700,0.135100,115682748923,226976748923,111294000000,0.518200,1.056000,1.033000,0.841000,21.200000
TSLA,2025-12-22,123.610000,85.630000,90.290000,12.520000,17.890000,63.690000,12.760000,0.002720,0.008450,97762377692,0.008300,13197920988,0.010000,2.042000,0.010200,3617207975,0.008700,0.174000,0.072100,0.070200,0.101400,0.059800,0.078300,17597227985,38495227985,20898000000,0.178700,1.583000,1.947000,1.637000,59.520000
JPM,2025-12-22,14.490000,14.190000,0.980000,3.960000,2.170000,11.590000,4.100000,0.047770,0.078130,179112332308,0.110700,72003157588,0.135600,19.966000,0.142100,32956669145,0.129700,0.605600,0.406900,0.325800,0.166800,0.013800,0.110800,32240219815,113261819815,81021600000,1.285300,1.125000,1.099000,0.904000,8.910000
V,2025-12-22,32.550000,27.350000,1.660000,17.010000,13.640000,21.290000,17.610000,0.030410,0.032890,36300184615,0.108400,25482729600,0.135700,9.851000,0.161600,18585694523,0.133500,0.807900,0.688100,0.561700,0.533800,0.210500,0.443400,6534033231,34624833231,28090800000,0.540500,1.102000,1.310000,1.083000,24.690000
NFLX,2025-12-22,46.270000,34.720000,2.100000,10.190000,16.310000,31.020000,9.900000,0.018630,0.022620,39465300000,0.155100,11208145200,0.160300,20.082000,0.165100,6866962200,0.164600,0.451600,0.261500,0.211800,0.343600,0.136300,0.234600,7103754000,32116554000,25012800000,0.706400,2.232000,1.193000,0.978000,14.960000
AAPL,2025-12-29,33.420000,29.740000,3.850000,9.250000,50.460000,25.750000,9.060000,0.028180,0.029590,393105384615,0.056000,132476514615,0.066400,7.022000,0.078200,103779821538,0.056600,0.453800,0.308800,0.232000,1.495500,0.238800,0.567700,70758969231,680004969231,609246000000,1.807300,4.599000,0.852000,0.698000,5.830000
MSFT,2025-12-29,35.880000,27.350000,1.660000,12.680000,11.410000,21.460000,12.460000,0.020180,0.028250,257499826923,0.143300,137762407404,0.156500,12.622000,0.177800,65147456212,0.163000,0.684900,0.440600,0.349400,0.341400,0.176400,0.270400,46349968846,140795968846,94446000000,0.316300,0.686000,1.296000,1.060000,34.800000
NVDA,2025-12-29,56.710000,32.050000,0.390000,26.590000,47.720000,43.230000,26.250000,0.017630,0.018450,139379019231,0.707600,88366298192,0.774600,3.183000,0.860400,64393106885,0.705800,0.738000,0.610700,0.547500,0.876500,0.632300,0.759800,25088223462,64166223462,39078000000,0.123600,0.442000,4.085000,3.360000,82.110000
META,2025-12-29,26.510000,24.630000,0.880000,9.420000,8.660000,17.080000,9.480000,0.035000,0.036630,167759947115,0.206100,89080531918,0.240800,22.601000,0.264700,54354222865,0.201500,0.794500,0.412500,0.360500,0.363100,0.231200,0.289500,30196790481,67132790481,36936000000,0.257400,0.415000,2.900000,2.327000,41.020000
GOOGL,2025-12-29,22.950000,20.920000,1.310000,6.780000,7.510000,17.140000,7.150000,0.029270,0.040650,354432211538,0.131700,144608342308,0.156900,8.165000,0.161500,73367467788,0.152900,0.578000,0.311800,0.286800,0.302800,0.205700,0.263000,63797798077,82508798077,18711000000,0.087300,0.129000,1.824000,1.416000,122.180000
AMZN,2025-12-29,43.830000,31.990000,2.750000,3.510000,7.580000,19.780000,3.820000,0.016680,0.023420,644226634615,0.101500,105653168077,0.113500,5.198000,0.117800,37365144808,0.112400,0.488200,0.104900,0.089500,0.200800,0.084000,0.136900,115960794231,227254794231,111294000000,0.506300,1.053000,1.026000,0.847000,20.880000
TSLA,2025-12-29,106.800000,97.360000,92.100000,13.620000,18.240000,73.400000,14.090000,0.002880,0.008450,97780790385,0.008600,13200406702,0.009100,2.042000,0.009700,3617889244,0.008800,0.174100,0.069200,0.070300,0.099900,0.058900,0.078400,17600542269,38498542269,20898000000,0.170900,1.583000,1.967000,1.624000,61.380000
JPM,2025-12-29,12.430000,13.310000,0.930000,3.480000,2.150000,11.260000,4.130000,0.046300,0.078130,179345261538,0.102200,72096795138,0.125300,20.034000,0.149600,32999528123,0.108900,0.609500,0.410200,0.317500,0.169200,0.013800,0.112600,32282147077,113303747077,81021600000,1.320700,1.124000,1.110000,0.918000,8.930000
V,2025-12-29,28.370000,26.440000,1.690000,16.400000,16.160000,20.820000,18.620000,0.030630,0.032890,36387692308,0.112000,25544160000,0.132000,9.878000,0.158400,18630498462,0.117100,0.808900,0.676400,0.572000,0.543100,0.212200,0.439200,6549784615,34640584615,28090800000,0.526900,1.100000,1.340000,1.101000,25.560000
NFLX,2025-12-29,44.190000,33.280000,1.850000,9.730000,16.590000,28.820000,10.010000,0.019140,0.022620,39543375000,0.144900,11230318500,0.162200,20.187000,0.187000,6880547250,0.152000,0.451500,0.258400,0.213800,0.353500,0.138700,0.241600,7117807500,32130607500,25012800000,0.697300,2.227000,1.190000,0.953000,15.260000
AAPL,2026-01-05,36.520000,29.290000,4.190000,8.600000,51.090000,21.960000,9.550000,0.029200,0.029590,393490369231,0.055200,132606254431,0.063900,7.028000,0.071900,103881457477,0.059200,0.451000,0.305200,0.235000,1.494400,0.246500,0.559400,70828266462,680074266462,609246000000,1.787500,4.594000,0.850000,0.675000,5.930000
MSFT,2026-01-05,35.630000,29.960000,1.800000,12.560000,11.210000,24.470000,13.430000,0.022220,0.028250,258000500000,0.136500,138030267500,0.170100,12.646000,0.164500,65274126500,0.145600,0.683000,0.431400,0.352300,0.342600,0.178700,0.275500,46440090000,140886090000,94446000000,0.314700,0.684000,1.293000,1.059000,32.830000
NVDA,2026-01-05,55.350000,32.670000,0.360000,24.480000,46.360000,40.880000,26.650000,0.019050,0.018450,141844465385,0.753400,89929391054,0.833400,3.254000,0.926700,65532143008,0.747300,0.735800,0.610700,0.545900,0.866900,0.628300,0.765500,25532003769,64610003769,39078000000,0.126600,0.435000,3.985000,3.384000,85.330000
META,2026-01-05,28.380000,22.740000,0.950000,8.930000,8.310000,17.620000,9.530000,0.036260,0.036630,168525821154,0.212100,89487211033,0.216600,22.669000,0.247300,54602366054,0.208300,0.805700,0.410700,0.358200,0.360500,0.224900,0.291100,30334647808,67270647808,36936000000,0.256200,0.413000,2.831000,2.338000,41.850000
GOOGL,2026-01-05,24.140000,22.180000,1.200000,7,7.150000,18.890000,7.230000,0.034590,0.040650,355064230769,0.125400,144866206154,0.147600,8.204000,0.176400,73498295769,0.136800,0.575800,0.319700,0.278900,0.300800,0.203100,0.256900,63911561538,82622561538,18711000000,0.088500,0.129000,1.787000,1.461000,122.800000
AMZN,2026-01-05,41.710000,33.160000,2.520000,3.650000,7.880000,20.130000,3.590000,0.015590,0.023420,645854761538,0.106700,105920180892,0.115300,5.216000,0.128600,37459576169,0.106100,0.479800,0.105800,0.088900,0.196800,0.083400,0.136900,116253857077,227547857077,111294000000,0.516700,1.051000,1.016000,0.855000,20.440000
TSLA,2026-01-05,116.530000,91.210000,85.280000,13.090000,17.530000,62.720000,14.060000,0.002880,0.008450,97794693846,0.008400,13202283669,0.010100,2.043000,0.010800,3618403672,0.009200,0.176600,0.070600,0.070700,0.101400,0.059500,0.079600,17603044892,38501044892,20898000000,0.171300,1.583000,1.932000,1.568000,59.860000
JPM,2026-01-05,13.090000,13.980000,1,3.670000,2.110000,11.860000,4.040000,0.048650,0.078130,179794726154,0.107100,72277479914,0.120300,20.066000,0.138600,33082229612,0.109700,0.601000,0.407600,0.321600,0.166300,0.013700,0.109800,32363050708,113384650708,81021600000,1.288000,1.121000,1.098000,0.901000,8.880000
V,2026-01-05,29.410000,27.890000,1.690000,16.240000,16.160000,21.220000,17.560000,0.030160,0.032890,36456507692,0.109900,25592468400,0.127500,9.908000,0.158300,18665731938,0.126300,0.817600,0.680000,0.554300,0.528600,0.214700,0.428400,6562171385,34652971385,28090800000,0.540900,1.098000,1.338000,1.079000,24.900000
NFLX,2026-01-05,43.230000,32.530000,1.800000,9.570000,16.680000,29.990000,10.790000,0.018330,0.022620,39629100000,0.139800,11254664400,0.164300,20.269000,0.191700,6895463400,0.147800,0.453100,0.257300,0.215600,0.354600,0.135900,0.235900,7133238000,32146038000,25012800000,0.682300,2.222000,1.175000,0.969000,15.070000
AAPL,2026-01-12,35.050000,29.670000,4.700000,9.030000,49.470000,22.930000,10.040000,0.029140,0.029590,393958065385,0.056200,132763868035,0.064900,7.030000,0.064100,104004929262,0.063700,0.459000,0.303800,0.227700,1.546200,0.244600,0.568100,70912451769,680158451769,609246000000,1.816400,4.589000,0.834000,0.691000,6.140000
MSFT,2026-01-12,34.420000,31.570000,1.600000,12.930000,11.550000,22.230000,13.060000,0.020330,0.028250,258968142308,0.145300,138547956135,0.162100,12.719000,0.185100,65518940004,0.141200,0.681800,0.435200,0.346600,0.334500,0.180600,0.272300,46614265615,141060265615,94446000000,0.316700,0.682000,1.316000,1.063000,33.710000
NVDA,2026-01-12,54.830000,32.750000,0.360000,26.010000,44.740000,43.020000,25.510000,0.020000,0.018450,143499807692,0.740000,90978878077,0.876300,3.314000,0.943800,66296911154,0.720400,0.734400,0.608000,0.546700,0.892200,0.628800,0.745900,25829965385,64907965385,39078000000,0.124600,0.430000,3.952000,3.421000,85.670000
META,2026-01-12,27.270000,23.690000,0.870000,9.110000,9.560000,17.820000,9.030000,0.034080,0.036630,168840269231,0.196000,89654182962,0.225700,22.835000,0.267800,54704247231,0.184300,0.804900,0.400600,0.367800,0.361300,0.227000,0.291700,30391248462,67327248462,36936000000,0.258700,0.412000,2.849000,2.316000,41.040000
GOOGL,2026-01-12,23,20.750000,1.160000,6.470000,7.490000,19.020000,6.540000,0.032220,0.040650,356459519231,0.137100,145435483846,0.156800,8.237000,0.182100,73787120481,0.137800,0.570300,0.313300,0.284400,0.301400,0.205300,0.261500,64162713462,82873713462,18711000000,0.088600,0.129000,1.826000,1.485000,127.780000
AMZN,2026-01-12,44.210000,30.470000,2.430000,3.760000,8.420000,18.980000,4.170000,0.017310,0.023420,646751642308,0.101900,106067269338,0.114700,5.232000,0.133400,37511595254,0.093200,0.479000,0.105000,0.090200,0.199400,0.084300,0.134300,116415295615,227709295615,111294000000,0.523300,1.049000,1.036000,0.850000,20.530000
TSLA,2026-01-12,120.380000,89.300000,86.070000,13.420000,17.610000,80.460000,14.810000,0.002920,0.008450,97811791346,0.008500,13204591832,0.009700,2.043000,0.010700,3619036280,0.008900,0.174600,0.070700,0.071700,0.101100,0.059700,0.079600,17606122442,38504122442,20898000000,0.173500,1.583000,1.938000,1.591000,61.260000
JPM,2026-01-12,12.700000,13.620000,0.980000,3.960000,2.020000,10.980000,4.230000,0.052710,0.078130,180213110769,0.109300,72445670529,0.126100,20.126000,0.141300,33159212382,0.110100,0.607000,0.401900,0.318600,0.166900,0.013900,0.110100,32438359938,113459959938,81021600000,1.282300,1.118000,1.121000,0.901000,8.980000
V,2026-01-12,29.700000,27.650000,1.810000,17.250000,15.020000,21.860000,17.620000,0.028720,0.032890,36506907692,0.104600,25627849200,0.125900,9.924000,0.148000,18691536738,0.133700,0.811300,0.675600,0.561000,0.537900,0.212300,0.435300,6571243385,34662043385,28090800000,0.529700,1.096000,1.344000,1.072000,26.530000
NFLX,2026-01-12,45.970000,34.540000,1.730000,9.900000,15.730000,29.340000,10.410000,0.018170,0.022620,39740775000,0.141100,11286380100,0.167700,20.363000,0.199700,6914894850,0.140800,0.450800,0.257500,0.214000,0.344200,0.137500,0.236100,7153339500,32166139500,25012800000,0.699900,2.216000,1.198000,0.937000,15.170000
AAPL,2026-01-16,35.550000,30.080000,4.170000,8.540000,50.090000,24.200000,9.650000,0.027980,0.029590,394326507692,0.055300,132888033092,0.058800,7.047000,0.072200,104102198031,0.053300,0.453200,0.304700,0.236000,1.542100,0.245400,0.568600,70978771385,680224771385,609246000000,1.788600,4.585000,0.835000,0.673000,5.990000
MSFT,2026-01-16,37.920000,28.510000,1.720000,12.100000,11.960000,23.930000,12.830000,0.019400,0.028250,259666153846,0.145000,138921392308,0.158600,12.739000,0.172100,65695536923,0.142900,0.681700,0.430300,0.356900,0.337700,0.179300,0.269000,46739907692,141185907692,94446000000,0.309000,0.680000,1.277000,1.044000,35.100000
NVDA,2026-01-16,55.490000,36.630000,0.380000,28.610000,46.400000,44.730000,28.790000,0.019380,0.018450,144644192308,0.704500,91704417923,0.820000,3.344000,0.892100,66825616846,0.698200,0.735400,0.615100,0.535200,0.868400,0.639600,0.760500,26035954615,65113954615,39078000000,0.126600,0.426000,3.913000,3.249000,84.700000
META,2026-01-16,27.050000,22.880000,0.890000,8.910000,9.070000,17.630000,9.530000,0.034760,0.036630,169665300000,0.204100,90092274300,0.232400,22.931000,0.262700,54971557200,0.209300,0.791000,0.408700,0.363700,0.356600,0.228900,0.297500,30539754000,67475754000,36936000000,0.249800,0.410000,2.860000,2.317000,39.180000
GOOGL,2026-01-16,22.990000,20.940000,1.200000,6.700000,7.570000,17.880000,6.440000,0.033550,0.040650,357199230769,0.133700,145737286154,0.163600,8.259000,0.177200,73940240769,0.138600,0.588400,0.315100,0.277500,0.308600,0.206900,0.261800,64295861538,83006861538,18711000000,0.087500,0.128000,1.838000,1.483000,128.100000
AMZN,2026-01-16,47.140000,31.380000,2.550000,3.760000,8.410000,19.070000,3.770000,0.016510,0.023420,648276707692,0.104700,106317380062,0.117600,5.240000,0.127000,37600049046,0.093300,0.480100,0.103800,0.089800,0.198100,0.083800,0.136600,116689807385,227983807385,111294000000,0.515700,1.047000,1.011000,0.833000,21.050000
TSLA,2026-01-16,121.010000,94.600000,84.500000,14.340000,17.130000,70.990000,15.220000,0.002890,0.008450,97818743077,0.007900,13205530315,0.009400,2.043000,0.010900,3619293494,0.007700,0.174700,0.071500,0.070600,0.099100,0.060000,0.077100,17607373754,38505373754,20898000000,0.174200,1.583000,1.918000,1.623000,59.800000
JPM,2026-01-16,12.840000,14.190000,0.950000,3.680000,2.060000,11.230000,3.670000,0.047820,0.078130,180529033846,0.107200,72572671606,0.123800,20.193000,0.145700,33217342228,0.116000,0.607000,0.403900,0.313400,0.166100,0.013600,0.111400,32495226092,113516826092,81021600000,1.279600,1.116000,1.110000,0.877000,8.450000
V,2026-01-16,29.720000,25.620000,1.830000,16.460000,16.050000,20.530000,19.040000,0.031510,0.032890,36586523077,0.105900,25683739200,0.126500,9.950000,0.146700,18732299815,0.124400,0.809600,0.677600,0.563800,0.523400,0.209200,0.429200,6585574154,34676374154,28090800000,0.534400,1.094000,1.344000,1.093000,25.970000
NFLX,2026-01-16,43.040000,33.620000,1.800000,10.320000,14,32.960000,10.020000,0.017060,0.022620,39899400000,0.149900,11331429600,0.159300,20.418000,0.192700,6942495600,0.148200,0.452400,0.258600,0.214500,0.348400,0.137900,0.232900,7181892000,32194692000,25012800000,0.690800,2.207000,1.158000,0.952000,14.940000
AAPL,2026-01-26,32.950000,29.720000,3.970000,9.220000,49.720000,25.010000,9.470000,0.028700,0.029590,394762623077,0.055600,133035003977,0.065000,7.062000,0.075900,104217332492,0.056100,0.456400,0.306100,0.234300,1.563200,0.248300,0.560400,71057272154,680303272154,609246000000,1.839800,4.580000,0.843000,0.686000,5.840000
MSFT,2026-01-26,34.860000,30.290000,1.610000,13.110000,11.020000,24.390000,11.830000,0.021140,0.028250,260066692308,0.138000,139135680385,0.165600,12.806000,0.184400,65796873154,0.134000,0.684500,0.431000,0.347000,0.333400,0.179600,0.270000,46812004615,141258004615,94446000000,0.319300,0.679000,1.288000,1.056000,33.730000
NVDA,2026-01-26,50.030000,34,0.400000,25.450000,45.410000,44.580000,26.930000,0.019680,0.018450,147385696154,0.747600,93442531362,0.782100,3.365000,0.835500,68092191623,0.724300,0.742500,0.603600,0.530100,0.897500,0.624300,0.762800,26529425308,65607425308,39078000000,0.126000,0.418000,4.033000,3.392000,85.530000
META,2026-01-26,27.420000,23.640000,0.870000,8.740000,8.510000,17.960000,8.990000,0.036480,0.036630,170285338462,0.203200,90421514723,0.216100,23.069000,0.269800,55172449662,0.222900,0.807200,0.409700,0.362900,0.360600,0.224500,0.294700,30651360923,67587360923,36936000000,0.257500,0.408000,2.858000,2.331000,41.400000
GOOGL,2026-01-26,25.650000,21.390000,1.180000,6.350000,7.730000,18.180000,7.010000,0.033530,0.040650,358359615385,0.138000,146210723077,0.157000,8.290000,0.179600,74180440385,0.150700,0.579400,0.316400,0.282700,0.302800,0.208500,0.262300,64504730769,83215730769,18711000000,0.091600,0.128000,1.830000,1.499000,138.230000
AMZN,2026-01-26,45.600000,33.010000,2.420000,3.570000,7.250000,19.020000,3.940000,0.015240,0.023420,648953969231,0.099200,106428450954,0.113900,5.259000,0.133900,37639330215,0.096500,0.480000,0.105000,0.088000,0.203800,0.085500,0.136300,116811714462,228105714462,111294000000,0.514600,1.046000,1.034000,0.830000,21.600000
TSLA,2026-01-26,122.700000,99.610000,92.100000,12.860000,16.870000,71.490000,13.540000,0.002770,0.008450,97838658846,0.008200,13208218944,0.009000,2.043000,0.009600,3620030377,0.008100,0.177000,0.070900,0.070200,0.099100,0.059800,0.079200,17610958592,38508958592,20898000000,0.171700,1.582000,1.953000,1.555000,62.110000
JPM,2026-01-26,12.800000,14.320000,0.940000,3.770000,2.040000,11.930000,3.700000,0.050400,0.078130,180753766154,0.102600,72663013994,0.127000,20.258000,0.148600,33258692972,0.100800,0.604100,0.403800,0.315700,0.165800,0.013400,0.110200,32535677908,113557277908,81021600000,1.260300,1.115000,1.085000,0.884000,8.690000
V,2026-01-26,30.110000,27.020000,1.790000,16.810000,16,23.460000,16.200000,0.030820,0.032890,36664200000,0.106600,25738268400,0.138900,9.982000,0.149900,18772070400,0.125500,0.810700,0.678400,0.560300,0.518100,0.211000,0.436700,6599556000,34690356000,28090800000,0.520300,1.091000,1.342000,1.099000,25.190000
NFLX,2026-01-26,47.910000,34.220000,2.010000,10.430000,14.450000,30,9.620000,0.019810,0.022620,40006425000,0.149100,11361824700,0.174400,20.421000,0.172200,6961117950,0.146500,0.454800,0.259200,0.214300,0.345300,0.137100,0.230600,7201156500,32213956500,25012800000,0.687600,2.201000,1.171000,0.978000,15.480000
AAPL,2026-02-02,35.480000,30.070000,4.030000,8.780000,52.580000,26.260000,9.530000,0.029900,0.029590,395406269231,0.058600,133251912731,0.065100,7.070000,0.074700,104387255077,0.056500,0.457700,0.310100,0.230800,1.525600,0.248400,0.563800,71173128462,680419128462,609246000000,1.767800,4.572000,0.827000,0.682000,5.930000
MSFT,2026-02-02,34.770000,28.190000,1.710000,12.360000,10.540000,21.940000,14.400000,0.018700,0.028250,260838461538,0.140000,139548576923,0.165700,12.824000,0.173300,65992130769,0.140300,0.687200,0.439400,0.349500,0.344400,0.177400,0.270700,46950923077,141396923077,94446000000,0.319400,0.677000,1.328000,1.060000,33.380000
NVDA,2026-02-02,59.340000,32.800000,0.360000,25.890000,48.680000,44.110000,29.410000,0.021740,0.018450,148872894231,0.732100,94385414942,0.827100,3.468000,0.933800,68779277135,0.680000,0.737400,0.603200,0.548600,0.883000,0.639200,0.766900,26797120962,65875120962,39078000000,0.121300,0.414000,4.041000,3.286000,84.060000
META,2026-02-02,29.370000,23.790000,0.830000,9.200000,8.870000,17.010000,10.020000,0.040320,0.036630,170744673077,0.197400,90665421404,0.223900,23.233000,0.281400,55321274077,0.212400,0.801900,0.413900,0.366900,0.365000,0.228100,0.291100,30734041154,67670041154,36936000000,0.264900,0.407000,2.873000,2.405000,41.500000
GOOGL,2026-02-02,25.250000,22.440000,1.130000,6.680000,7.160000,16.340000,6.960000,0.032120,0.040650,359806730769,0.145700,146801146154,0.164800,8.329000,0.186900,74479993269,0.160100,0.578900,0.325400,0.285700,0.311200,0.204800,0.260600,64765211538,83476211538,18711000000,0.089100,0.127000,1.826000,1.526000,128.810000
AMZN,2026-02-02,43.890000,31.850000,2.580000,3.510000,7.670000,20.190000,3.580000,0.017710,0.023420,650649576923,0.103100,106706530615,0.117700,5.264000,0.125400,37737675462,0.103000,0.481200,0.102600,0.090000,0.200400,0.082900,0.136500,117116923846,228410923846,111294000000,0.518000,1.043000,1.016000,0.850000,20.280000
TSLA,2026-02-02,118.450000,90.010000,92.100000,13.030000,18.200000,67.180000,13.690000,0.002950,0.008450,97865338462,0.008800,13211820692,0.009600,2.044000,0.009900,3621017523,0.008000,0.174700,0.071000,0.071400,0.101300,0.059800,0.076500,17615760923,38513760923,20898000000,0.172600,1.582000,1.959000,1.621000,64.570000
JPM,2026-02-02,13.050000,14.040000,1,3.800000,2.170000,11.410000,4.130000,0.051210,0.078130,181206646154,0.105600,72845071754,0.115900,20.277000,0.138700,33342022892,0.108500,0.601300,0.401900,0.317200,0.163300,0.013600,0.109200,32617196308,113638796308,81021600000,1.275800,1.112000,1.082000,0.928000,8.810000
V,2026-02-02,31.360000,27.600000,1.770000,16.590000,15.070000,21.680000,18.070000,0.027640,0.032890,36740769231,0.107000,25792020000,0.128900,10.014000,0.151600,18811273846,0.129800,0.815400,0.685100,0.564500,0.527100,0.215300,0.427000,6613338462,34704138462,28090800000,0.530500,1.089000,1.307000,1.069000,24.690000
NFLX,2026-02-02,42.540000,35.070000,1.800000,9.510000,17.230000,32.410000,10.730000,0.017020,0.022620,40076250000,0.143500,11381655000,0.173100,20.563000,0.192300,6973267500,0.159100,0.456500,0.260800,0.211400,0.352100,0.134100,0.230400,7213725000,32226525000,25012800000,0.683800,2.198000,1.205000,0.979000,15.860000
AAPL,2026-02-09,34.290000,29.930000,4.220000,9.310000,46.710000,24.030000,9.810000,0.027000,0.029590,395706286538,0.056900,133353018563,0.067900,7.075000,0.071400,104466459646,0.060400,0.458400,0.306000,0.230200,1.517200,0.249800,0.565900,71227131577,680473131577,609246000000,1.806900,4.569000,0.832000,0.681000,6.260000
MSFT,2026-02-09,34.130000,28.870000,1.600000,13.070000,11.080000,22.750000,14.020000,0.021270,0.028250,261592157692,0.141300,139951804365,0.155600,12.895000,0.184700,66182815896,0.137500,0.676200,0.438400,0.350300,0.339100,0.179800,0.275400,47086588385,141532588385,94446000000,0.314400,0.675000,1.300000,1.080000,32.570000
NVDA,2026-02-09,55.870000,33.080000,0.370000,26.570000,45.520000,41.780000,27.270000,0.021070,0.018450,149490008654,0.687900,94776665487,0.829800,3.504000,0.906600,69064383998,0.701300,0.745100,0.602200,0.541800,0.888600,0.631700,0.755700,26908201558,65986201558,39078000000,0.125200,0.412000,3.990000,3.275000,88.090000
META,2026-02-09,27.240000,23.230000,1.010000,8.900000,8.430000,16.460000,10.010000,0.037450,0.036630,171483974038,0.200700,91057990214,0.232100,23.117000,0.231100,55560807588,0.220200,0.808300,0.405400,0.369600,0.358500,0.221600,0.294300,30867115327,67803115327,36936000000,0.254400,0.406000,2.893000,2.342000,40.880000
GOOGL,2026-02-09,23.420000,23.120000,1.150000,6.490000,8.290000,16.310000,7.400000,0.032150,0.040650,360195096154,0.137700,146959599231,0.163500,8.355000,0.185100,74560384904,0.140200,0.580400,0.322400,0.288100,0.304500,0.210300,0.267100,64835117308,83546117308,18711000000,0.092100,0.127000,1.862000,1.477000,128.330000
AMZN,2026-02-09,41.700000,33.070000,2.440000,3.560000,8.690000,18.650000,3.870000,0.015720,0.023420,651563634615,0.100500,106856436077,0.114600,5.285000,0.133000,37790690808,0.119500,0.486000,0.105000,0.090200,0.203000,0.084400,0.138200,117281454231,228575454231,111294000000,0.513900,1.042000,1.034000,0.827000,20.500000
TSLA,2026-02-09,122.800000,89.040000,82.230000,13.530000,18.190000,67.110000,13.980000,0.002820,0.008450,97863271731,0.007900,13211541684,0.010000,2.045000,0.011200,3620941054,0.008800,0.174600,0.071400,0.071200,0.100300,0.060300,0.078100,17615388912,38513388912,20898000000,0.174500,1.582000,1.962000,1.597000,63.090000
JPM,2026-02-09,11.960000,14.810000,0.970000,3.810000,2.080000,11.780000,3.990000,0.047490,0.078130,181319353846,0.099000,72890380246,0.123200,20.346000,0.142700,33362761108,0.105500,0.602400,0.398900,0.313100,0.165900,0.013400,0.107600,32637483692,113659083692,81021600000,1.267200,1.112000,1.085000,0.877000,8.030000
V,2026-02-09,30.060000,28.650000,1.790000,16.240000,16.540000,22.190000,16.950000,0.030850,0.032890,36814846154,0.107000,25844022000,0.127400,10.038000,0.149700,18849201231,0.125100,0.803400,0.680300,0.559700,0.531700,0.215600,0.436800,6626672308,34717472308,28090800000,0.530400,1.087000,1.324000,1.101000,23.880000
NFLX,2026-02-09,45.830000,36.530000,1.830000,10.660000,17.370000,28.820000,10.690000,0.019050,0.022620,40215225000,0.147300,11421123900,0.167900,20.622000,0.188900,6997449150,0.129900,0.452100,0.262800,0.216100,0.347500,0.135800,0.235500,7238740500,32251540500,25012800000,0.688900,2.190000,1.175000,0.964000,15.640000
AAPL,2026-02-13,33.470000,30.280000,3.980000,9.110000,50.340000,24,8.420000,0.030090,0.029590,396043900000,0.055900,133466794300,0.067300,7.092000,0.075600,104555589600,0.053700,0.446100,0.305900,0.232000,1.512300,0.242800,0.558900,71287902000,680533902000,609246000000,1.816300,4.565000,0.839000,0.688000,5.750000
MSFT,2026-02-13,34.720000,30.610000,1.520000,12.660000,10.740000,21.900000,12.530000,0.019510,0.028250,262499230769,0.145000,140437088462,0.166300,12.969000,0.195100,66412305385,0.141600,0.689000,0.441000,0.351300,0.338400,0.181300,0.281800,47249861538,141695861538,94446000000,0.316500,0.673000,1.313000,1.085000,32.660000
NVDA,2026-02-13,56.500000,34.040000,0.360000,28.410000,45.190000,43.440000,26.080000,0.021540,0.018450,152878742308,0.743100,96925122623,0.809100,3.576000,0.937500,70629978946,0.666800,0.742600,0.617600,0.557100,0.898100,0.636200,0.757700,27518173615,66596173615,39078000000,0.125300,0.403000,4.057000,3.299000,81.290000
META,2026-02-13,29.700000,22.930000,0.890000,9.470000,7.990000,17.140000,9.500000,0.036920,0.036630,172471923077,0.210000,91582591154,0.240300,23.372000,0.261900,55880903077,0.213200,0.802100,0.424100,0.357700,0.367600,0.223800,0.294300,31044946154,67980946154,36936000000,0.263300,0.403000,2.858000,2.388000,43.190000
GOOGL,2026-02-13,23.880000,21.230000,1.120000,6.670000,7.490000,17.670000,6.510000,0.029600,0.040650,360936153846,0.135400,147261950769,0.169200,8.392000,0.189900,74713783846,0.153800,0.575000,0.320000,0.286900,0.313500,0.213900,0.267800,64968507692,83679507692,18711000000,0.088900,0.127000,1.824000,1.510000,141.160000
AMZN,2026-02-13,41.830000,30.230000,2.350000,3.470000,8.170000,19.710000,3.910000,0.015900,0.023420,653724246154,0.106800,107210776369,0.120000,5.303000,0.137800,37916006277,0.099200,0.480100,0.104600,0.091000,0.201600,0.086200,0.137300,117670364308,228964364308,111294000000,0.514400,1.038000,1.030000,0.853000,21
TSLA,2026-02-13,113.240000,88.310000,86.890000,13.390000,17.740000,73.840000,14.320000,0.002740,0.008450,97900660769,0.008900,13216589204,0.009600,2.045000,0.010600,3622324448,0.009000,0.175500,0.072200,0.071900,0.102700,0.059900,0.079000,17622118938,38520118938,20898000000,0.172000,1.581000,1.977000,1.622000,66.140000
JPM,2026-02-13,12.640000,13.660000,1.180000,3.690000,2.040000,10.680000,4.180000,0.049100,0.078130,181821415385,0.103000,73092208985,0.129500,20.287000,0.117800,33455140431,0.088600,0.602900,0.407700,0.319000,0.162700,0.013500,0.109100,32727854769,113749454769,81021600000,1.261600,1.108000,1.083000,0.884000,8.260000
V,2026-02-13,29.820000,25.340000,1.880000,17.490000,16.140000,21.770000,18.020000,0.029650,0.032890,36870646154,0.104800,25883193600,0.121400,10.051000,0.142900,18877770831,0.131200,0.808700,0.687500,0.547500,0.531300,0.212800,0.426400,6636716308,34727516308,28090800000,0.531100,1.085000,1.322000,1.065000,24.300000
NFLX,2026-02-13,44.010000,33.370000,1.870000,9.570000,16.400000,30.100000,10,0.017530,0.022620,40318500000,0.146500,11450454000,0.171500,20.676000,0.184800,7015419000,0.141000,0.457000,0.259600,0.219100,0.356900,0.139900,0.235300,7257330000,32270130000,25012800000,0.687200,2.184000,1.189000,0.949000,14.980000
AAPL,2026-02-23,33.380000,31.200000,3.750000,8.610000,48.170000,24.870000,9.530000,0.026990,0.029590,396786800000,0.059200,133717151600,0.065000,7.110000,0.080300,104751715200,0.061200,0.455600,0.308300,0.230900,1.540600,0.246000,0.565600,71421624000,680667624000,609246000000,1.777900,4.556000,0.861000,0.684000,5.900000
MSFT,2026-02-23,38.760000,28.840000,1.550000,12.250000,12.350000,25.290000,13.440000,0.020340,0.028250,262966200000,0.141200,140686917000,0.164100,13.003000,0.191100,66530448600,0.156300,0.688000,0.439000,0.352900,0.347700,0.181000,0.273300,47333916000,141779916000,94446000000,0.321000,0.671000,1.302000,1.078000,33.560000
NVDA,2026-02-23,53.340000,34.670000,0.350000,27.260000,50.720000,41.800000,26.750000,0.021360,0.018450,154381500000,0.732000,97877871000,0.911000,3.655000,0.972500,71324253000,0.830700,0.737300,0.613800,0.549800,0.870000,0.631700,0.776500,27788670000,66866670000,39078000000,0.127200,0.399000,4.123000,3.298000,86.930000
META,2026-02-23,27.450000,22.680000,0.810000,9.380000,9.140000,17.240000,10.150000,0.035530,0.036630,172848375000,0.203000,91782487125,0.234700,23.636000,0.289600,56002873500,0.213800,0.807600,0.407700,0.367200,0.362300,0.227000,0.295100,31112707500,68048707500,36936000000,0.256500,0.402000,2.897000,2.399000,42.340000
GOOGL,2026-02-23,24.630000,22.090000,1.070000,6.470000,8.280000,17.420000,7,0.033280,0.040650,362530000000,0.143200,147912240000,0.164200,8.438000,0.198100,75043710000,0.156800,0.582200,0.327300,0.285100,0.312300,0.213500,0.267700,65255400000,83966400000,18711000000,0.092000,0.127000,1.873000,1.524000,134.530000
AMZN,2026-02-23,44.580000,32.270000,2.560000,3.650000,7.590000,19.150000,3.620000,0.016560,0.023420,654619900000,0.104200,107357663600,0.120400,5.303000,0.126600,37967954200,0.108500,0.481100,0.107100,0.091300,0.199800,0.083600,0.133700,117831582000,229125582000,111294000000,0.514200,1.037000,1.023000,0.838000,21.530000
TSLA,2026-02-23,125.170000,91.210000,85.280000,12.810000,17.440000,67.190000,13.130000,0.002970,0.008450,97912497500,0.008700,13218187163,0.010000,2.046000,0.010800,3622762408,0.009400,0.178100,0.071000,0.070600,0.101700,0.059900,0.079400,17624249550,38522249550,20898000000,0.175100,1.581000,1.997000,1.606000,58.880000
JPM,2026-02-23,12.660000,13.240000,1.090000,3.860000,2.030000,11.020000,4.470000,0.051440,0.078130,182404080000,0.108200,73326440160,0.116400,20.377000,0.127000,33562350720,0.108400,0.603200,0.402100,0.313200,0.166600,0.013400,0.110700,32832734400,113854334400,81021600000,1.257400,1.105000,1.095000,0.874000,8.560000
V,2026-02-23,29.580000,27.900000,1.880000,17.530000,15.320000,23.790000,18.370000,0.028600,0.032890,36989100000,0.109900,25966348200,0.125500,10.077000,0.142600,18938419200,0.120000,0.800900,0.677200,0.557000,0.517700,0.207000,0.426300,6658038000,34748838000,28090800000,0.528800,1.082000,1.287000,1.081000,25
NFLX,2026-02-23,45.640000,34.980000,1.750000,10.350000,16.550000,31.490000,11.010000,0.019860,0.022620,40451775000,0.148900,11488304100,0.160600,20.811000,0.197800,7038608850,0.155300,0.457400,0.265000,0.214800,0.356400,0.139900,0.235700,7281319500,32294119500,25012800000,0.683500,2.177000,1.180000,0.959000,15.450000
AAPL,2026-03-02,33.900000,29.790000,4.100000,9.200000,50.460000,23.550000,9.460000,0.031020,0.029590,397063507692,0.057600,133810402092,0.066700,7.108000,0.073500,104824766031,0.058600,0.461900,0.303000,0.236300,1.528900,0.248900,0.564900,71471431385,680717431385,609246000000,1.861100,4.553000,0.850000,0.696000,5.870000
MSFT,2026-03-02,37.710000,27.880000,1.620000,12.700000,10.240000,23.900000,12.920000,0.020280,0.028250,264148276923,0.148400,141319328154,0.161000,13.022000,0.183200,66829514062,0.154500,0.688600,0.435900,0.345400,0.347300,0.179800,0.278200,47546689846,141992689846,94446000000,0.323600,0.668000,1.313000,1.081000,33.870000
NVDA,2026-03-02,53.940000,33.570000,0.360000,27.470000,48.440000,45.490000,27.850000,0.019890,0.018450,156229078846,0.732300,99049235988,0.853500,3.679000,0.934000,72177834427,0.791300,0.747200,0.609000,0.550600,0.891700,0.637600,0.766200,28121234192,67199234192,39078000000,0.125400,0.395000,4.198000,3.325000,86.600000
META,2026-03-02,26.670000,23.120000,0.870000,9.200000,8.930000,17.720000,9.960000,0.036410,0.036630,173796148077,0.209900,92285754629,0.237100,23.636000,0.269000,56309951977,0.218200,0.804000,0.417800,0.372800,0.360900,0.227100,0.299300,31283306654,68219306654,36936000000,0.262100,0.400000,2.890000,2.406000,41.890000
GOOGL,2026-03-02,25.400000,21.530000,1.010000,6.940000,7.840000,18.110000,6.610000,0.033270,0.040650,363757692308,0.146000,148413138462,0.166900,8.494000,0.209700,75297842308,0.157600,0.590400,0.321800,0.293000,0.307400,0.207300,0.264700,65476384615,84187384615,18711000000,0.090500,0.126000,1.874000,1.509000,135.860000
AMZN,2026-03-02,41.670000,35.030000,2.520000,3.590000,7.620000,18.510000,3.390000,0.016140,0.023420,655228453846,0.100300,107457466431,0.120000,5.318000,0.128800,38003250323,0.112200,0.483900,0.104700,0.091700,0.200300,0.085700,0.138700,117941121692,229235121692,111294000000,0.520100,1.036000,1.024000,0.823000,20.840000
TSLA,2026-03-02,122.520000,90.050000,82.230000,13.120000,18.380000,71.150000,13.880000,0.002580,0.008450,97923582692,0.008500,13219683663,0.010200,2.046000,0.011200,3623172560,0.009300,0.174900,0.071300,0.070500,0.100100,0.060800,0.076900,17626244885,38524244885,20898000000,0.173300,1.581000,1.940000,1.603000,62.010000
JPM,2026-03-02,12.960000,14.490000,1.070000,3.780000,1.840000,11.600000,4.100000,0.050130,0.078130,182716246154,0.107000,73451930954,0.122700,20.442000,0.130200,33619789292,0.105500,0.604400,0.400400,0.315100,0.164900,0.013100,0.108800,32888924308,113910524308,81021600000,1.255400,1.103000,1.083000,0.854000,7.960000
V,2026-03-02,28.580000,25.620000,1.910000,17.160000,14.230000,21.960000,17.390000,0.029220,0.032890,37028353846,0.106100,25993904400,0.123800,10.098000,0.140600,18958517169,0.124300,0.808000,0.666800,0.569000,0.519900,0.213100,0.426500,6665103692,34755903692,28090800000,0.511900,1.081000,1.302000,1.097000,24.590000
NFLX,2026-03-02,45.480000,32.090000,1.570000,10.470000,17.570000,31.140000,10.270000,0.017790,0.022620,40541400000,0.146800,11513757600,0.164900,21.003000,0.219800,7054203600,0.167000,0.460600,0.259300,0.216800,0.355000,0.138900,0.237300,7297452000,32310252000,25012800000,0.710100,2.172000,1.216000,0.975000,15.910000
AAPL,2026-03-09,32.980000,28.350000,3.910000,8.360000,52.260000,26.110000,9.470000,0.030430,0.029590,397733471154,0.059700,134036179779,0.068700,7.125000,0.076900,105001636385,0.055400,0.454500,0.312500,0.232500,1.548300,0.252700,0.576800,71592024808,680838024808,609246000000,1.809200,4.545000,0.858000,0.695000,6.160000
MSFT,2026-03-09,36.640000,28.840000,1.580000,12.810000,10.540000,23.610000,12.700000,0.020400,0.028250,264462846154,0.142800,141487622692,0.167600,13.082000,0.187700,66909100077,0.155600,0.686500,0.438800,0.347300,0.344600,0.182100,0.279000,47603312308,142049312308,94446000000,0.327800,0.668000,1.326000,1.106000,33.210000
NVDA,2026-03-09,54.650000,33.540000,0.320000,27.220000,48.760000,43.150000,25.600000,0.020410,0.018450,157377980769,0.714000,99777639808,0.823600,3.843000,1.064800,72708627115,0.710300,0.742100,0.608500,0.545600,0.891800,0.646100,0.763400,28328036538,67406036538,39078000000,0.125500,0.392000,4.142000,3.452000,92.080000
META,2026-03-09,27.290000,22.360000,0.880000,9.530000,8.250000,18.460000,9.840000,0.035680,0.036630,175233625000,0.226200,93049054875,0.253400,23.731000,0.265900,56775694500,0.233200,0.802100,0.419000,0.365900,0.361500,0.228100,0.300200,31542052500,68478052500,36936000000,0.262100,0.397000,2.972000,2.398000,42.880000
GOOGL,2026-03-09,23.950000,21.010000,1.170000,6.310000,7.270000,17.090000,6.490000,0.034280,0.040650,363872115385,0.137400,148459823077,0.160700,8.459000,0.180800,75321527885,0.175700,0.586600,0.327100,0.292000,0.307500,0.212400,0.269900,65496980769,84207980769,18711000000,0.092700,0.126000,1.876000,1.569000,133.010000
AMZN,2026-03-09,43.600000,31.250000,2.360000,3.390000,8.380000,20.270000,4.030000,0.017720,0.023420,657452865385,0.105700,107822269923,0.120400,5.343000,0.137100,38132266192,0.096200,0.480000,0.105200,0.091500,0.200200,0.085700,0.137900,118341515769,229635515769,111294000000,0.530500,1.032000,1.033000,0.826000,21.580000
TSLA,2026-03-09,110.870000,89.410000,80.790000,13.380000,18.710000,61.990000,13.500000,0.002890,0.008450,97953644231,0.009000,13223741971,0.009900,2.047000,0.011400,3624284837,0.008100,0.175900,0.072700,0.071400,0.100400,0.061600,0.080200,17631655962,38529655962,20898000000,0.173600,1.580000,1.965000,1.612000,62.460000
JPM,2026-03-09,12.370000,14.550000,1.060000,3.880000,2.110000,11.530000,3.980000,0.050300,0.078130,182682092308,0.099200,73438201108,0.117300,20.494000,0.130600,33613504985,0.102700,0.606400,0.397500,0.316400,0.166300,0.013500,0.107100,32882776615,113904376615,81021600000,1.258000,1.103000,1.080000,0.894000,8.060000
V,2026-03-09,30.650000,28.150000,1.840000,16.950000,15.190000,22.640000,18.610000,0.029640,0.032890,37076884615,0.103700,26027973000,0.122500,10.140000,0.145900,18983364923,0.116300,0.809300,0.672100,0.551900,0.516300,0.213000,0.422900,6673839231,34764639231,28090800000,0.526600,1.079000,1.330000,1.069000,23.860000
NFLX,2026-03-09,44.190000,34.430000,1.750000,9.880000,15.480000,33.200000,9.260000,0.017140,0.022620,40734750000,0.154200,11568669000,0.167600,20.960000,0.197600,7087846500,0.152600,0.454900,0.260700,0.216100,0.350700,0.138800,0.237400,7332255000,32345055000,25012800000,0.721600,2.162000,1.184000,0.957000,15.240000
AAPL,2026-03-16,33.950000,30.400000,3.840000,9.110000,56.870000,24.310000,10.030000,0.029250,0.029590,397869569231,0.057100,134082044831,0.069400,7.138000,0.078400,105037566277,0.060700,0.457800,0.307200,0.229900,1.507300,0.249700,0.579300,71616522462,680862522462,609246000000,1.827700,4.544000,0.861000,0.692000,6.340000
MSFT,2026-03-16,36.260000,28.940000,1.550000,12.580000,11.370000,22.130000,12.050000,0.018840,0.028250,266027876923,0.153900,142324914154,0.166200,13.139000,0.190800,67305052862,0.155900,0.686400,0.442700,0.353600,0.350400,0.181400,0.273300,47885017846,142331017846,94446000000,0.325200,0.664000,1.299000,1.073000,35.480000
NVDA,2026-03-16,50.170000,35.110000,0.330000,25.170000,48.300000,46.500000,26.010000,0.021720,0.018450,160282107692,0.741700,101618856277,0.899300,3.867000,1.024300,74050333754,0.811100,0.743700,0.618600,0.556200,0.890800,0.628600,0.774300,28850779385,67928779385,39078000000,0.128900,0.385000,4.125000,3.314000,88.920000
META,2026-03-16,28.040000,24.350000,0.860000,8.320000,7.920000,17.250000,8.940000,0.037750,0.036630,175154538462,0.210500,93007059923,0.247900,23.891000,0.272900,56750070462,0.255000,0.806400,0.415300,0.371300,0.366300,0.228400,0.302900,31527816923,68463816923,36936000000,0.267000,0.397000,2.905000,2.451000,41.770000
GOOGL,2026-03-16,24.650000,20.430000,1.100000,6.590000,7.680000,17.890000,7.490000,0.033810,0.040650,365529230769,0.144200,149135926154,0.177200,8.517000,0.192900,75664550769,0.167600,0.583100,0.323300,0.295300,0.311000,0.208200,0.267100,65795261538,84506261538,18711000000,0.092600,0.125000,1.888000,1.544000,141.720000
AMZN,2026-03-16,42.410000,32.390000,2.420000,3.480000,7.540000,17.780000,3.730000,0.017190,0.023420,659358276923,0.108800,108134757415,0.117200,5.352000,0.134000,38242780062,0.107600,0.484000,0.107000,0.091200,0.202400,0.084700,0.140300,118684489846,229978489846,111294000000,0.518500,1.029000,1.041000,0.860000,21.460000
TSLA,2026-03-16,120.080000,96.070000,80.090000,13.430000,18.320000,70.420000,13.890000,0.002820,0.008450,97955523077,0.008500,13223995615,0.009500,2.047000,0.011500,3624354354,0.009600,0.177400,0.071100,0.071800,0.101300,0.060500,0.080200,17631994154,38529994154,20898000000,0.175100,1.580000,1.985000,1.647000,63.180000
JPM,2026-03-16,13.020000,12.790000,1.090000,3.640000,2.170000,10.860000,4.090000,0.050170,0.078130,183195766154,0.102400,73644697994,0.119500,20.525000,0.127600,33708020972,0.107300,0.600400,0.405700,0.316900,0.165800,0.013400,0.108300,32975237908,113996837908,81021600000,1.231900,1.100000,1.084000,0.905000,8.320000
V,2026-03-16,30.410000,26.440000,1.690000,17.300000,14.800000,22.800000,19.150000,0.031500,0.032890,37173046154,0.105900,26095478400,0.126300,10.204000,0.158400,19032599631,0.118400,0.804200,0.668100,0.553000,0.517500,0.207400,0.430000,6691148308,34781948308,28090800000,0.521700,1.076000,1.321000,1.086000,24.190000
NFLX,2026-03-16,43.340000,35.560000,1.770000,10.100000,15.880000,30.830000,9.830000,0.017820,0.022620,40826400000,0.152200,11594697600,0.177900,21.021000,0.195200,7103793600,0.154100,0.456200,0.265300,0.215800,0.353500,0.137400,0.233500,7348752000,32361552000,25012800000,0.717200,2.157000,1.238000,0.997000,16.530000
AAPL,2026-03-23,33.320000,30.730000,4.080000,8.460000,52.740000,24.410000,10.390000,0.029860,0.029590,398401178846,0.057900,134261197271,0.067600,7.138000,0.073700,105177911215,0.057900,0.458600,0.311800,0.234300,1.546600,0.254100,0.572800,71712212192,680958212192,609246000000,1.862600,4.538000,0.843000,0.716000,6.210000
MSFT,2026-03-23,37.990000,30.810000,1.590000,12.470000,10.500000,21.490000,14.310000,0.020600,0.028250,266007361538,0.144600,142313938423,0.182700,13.166000,0.186300,67299862469,0.160500,0.694300,0.437600,0.354600,0.349300,0.178100,0.273300,47881325077,142327325077,94446000000,0.331400,0.664000,1.342000,1.119000,35.310000
NVDA,2026-03-23,53.020000,32.630000,0.350000,25.640000,46.790000,41.710000,27.050000,0.025300,0.018450,163090618269,0.763900,103399451983,0.843800,3.866000,0.963400,75347865640,0.866500,0.739000,0.613800,0.550500,0.891500,0.651900,0.774600,29356311288,68434311288,39078000000,0.129800,0.378000,4.147000,3.367000,82
META,2026-03-23,27.840000,22.900000,0.820000,8.650000,8.100000,16.380000,9.280000,0.038200,0.036630,175874225962,0.211500,93389213986,0.245500,24.102000,0.286200,56983249212,0.225900,0.814600,0.414600,0.371100,0.359300,0.230200,0.294900,31657360673,68593360673,36936000000,0.266100,0.396000,2.852000,2.420000,41.480000
GOOGL,2026-03-23,25.110000,21.260000,1,6.500000,7.270000,16.350000,6.780000,0.034420,0.040650,367438076923,0.152400,149914735385,0.171800,8.595000,0.211100,76059681923,0.154000,0.586800,0.327600,0.292600,0.317900,0.207500,0.266300,66138853846,84849853846,18711000000,0.092100,0.125000,1.866000,1.546000,139.260000
AMZN,2026-03-23,44.860000,31.810000,2.290000,3.660000,8.530000,18.240000,3.870000,0.015970,0.023420,661193753846,0.111200,108435775631,0.125500,5.378000,0.141500,38349237723,0.107600,0.490800,0.107100,0.090900,0.204800,0.088800,0.140300,119014875692,230308875692,111294000000,0.531100,1.026000,1.039000,0.869000,22.300000
TSLA,2026-03-23,118.530000,92.490000,86.070000,12.650000,15.970000,70.800000,13.620000,0.002930,0.008450,97990657500,0.009100,13228738763,0.009700,2.047000,0.010700,3625654328,0.009100,0.176600,0.071500,0.071400,0.102900,0.061500,0.079600,17638318350,38536318350,20898000000,0.176400,1.580000,2.055000,1.627000,65.700000
JPM,2026-03-23,12.700000,15.310000,1.080000,3.820000,1.960000,10.410000,4.070000,0.055490,0.078130,183667430769,0.104500,73834307169,0.122000,20.584000,0.129200,33794807262,0.100400,0.602100,0.395600,0.320100,0.166600,0.013900,0.110200,33060137538,114081737538,81021600000,1.247000,1.097000,1.081000,0.889000,8.380000
V,2026-03-23,31.730000,27.280000,1.770000,16.620000,13.540000,22.500000,18.140000,0.028750,0.032890,37186338462,0.100800,26104809600,0.118200,10.210000,0.151000,19039405292,0.115300,0.804200,0.673600,0.555300,0.508800,0.208200,0.420300,6693540923,34784340923,28090800000,0.515200,1.076000,1.290000,1.053000,25.300000
NFLX,2026-03-23,40.870000,36.910000,1.710000,10.190000,16.440000,30.360000,9.710000,0.020510,0.022620,41031075000,0.159300,11652825300,0.190700,21.143000,0.202600,7139407050,0.154200,0.461100,0.264400,0.217800,0.359600,0.138600,0.242200,7385593500,32398393500,25012800000,0.704700,2.147000,1.194000,0.994000,16.070000
AAPL,2026-03-30,34.580000,30.060000,3.940000,8.430000,51.620000,22.480000,8.450000,0.030160,0.029590,399120769231,0.060000,134503699231,0.067900,7.154000,0.076300,105367883077,0.065700,0.461300,0.314100,0.236400,1.559800,0.248600,0.569800,71841738462,681087738462,609246000000,1.828300,4.530000,0.871000,0.709000,6.500000
MSFT,2026-03-30,35.260000,30.090000,1.530000,12.630000,10.800000,23.120000,12.500000,0.021140,0.028250,267232423077,0.150500,142969346346,0.163600,13.241000,0.193400,67609803038,0.155300,0.686700,0.436300,0.354200,0.354400,0.181400,0.279200,48101836154,142547836154,94446000000,0.328400,0.661000,1.346000,1.079000,32
NVDA,2026-03-30,52.870000,33.710000,0.330000,25.770000,46.220000,43.800000,27.800000,0.023370,0.018450,163620900000,0.733200,103735650600,0.872600,3.991000,1.032500,75592855800,0.729900,0.747600,0.613200,0.564300,0.907800,0.641200,0.785100,29451762000,68529762000,39078000000,0.129700,0.377000,4.107000,3.386000,87.910000
META,2026-03-30,26.790000,23.110000,0.870000,9.310000,9.190000,17.560000,9.840000,0.040170,0.036630,176833703846,0.216600,93898696742,0.254400,24.095000,0.269400,57294120046,0.231700,0.806500,0.423100,0.371900,0.366100,0.228800,0.293600,31830066692,68766066692,36936000000,0.261100,0.393000,2.999000,2.404000,43.830000
GOOGL,2026-03-30,26.220000,22.600000,1.050000,6.670000,8.020000,17.690000,6.900000,0.032140,0.040650,368270000000,0.150800,150254160000,0.167700,8.599000,0.201000,76231890000,0.177200,0.584900,0.329100,0.290800,0.318900,0.210500,0.270900,66288600000,84999600000,18711000000,0.094300,0.125000,1.875000,1.554000,143.350000
AMZN,2026-03-30,43.190000,33.010000,2.320000,3.630000,7.470000,19.370000,4.220000,0.017080,0.023420,661961807692,0.108500,108561736462,0.124300,5.389000,0.139700,38393784846,0.116100,0.482400,0.109600,0.091300,0.204100,0.086500,0.138100,119153125385,230447125385,111294000000,0.532800,1.025000,1.050000,0.844000,21.560000
TSLA,2026-03-30,127.410000,90.550000,72.520000,13.130000,17.160000,75.390000,14.440000,0.002720,0.008450,97987463462,0.008500,13228307567,0.010900,2.049000,0.012700,3625536148,0.009800,0.176800,0.073000,0.074300,0.102100,0.060600,0.079200,17637743423,38535743423,20898000000,0.177000,1.580000,2.008000,1.625000,65.150000
JPM,2026-03-30,12.800000,13.580000,1.080000,3.990000,2.200000,11.240000,3.850000,0.051960,0.078130,184307132308,0.109100,74091467188,0.121400,20.634000,0.129300,33912512345,0.112800,0.593400,0.397000,0.317800,0.165800,0.013400,0.106900,33175283815,114196883815,81021600000,1.265700,1.094000,1.073000,0.883000,8.350000
V,2026-03-30,32.880000,26.590000,1.880000,16.820000,15.980000,22.290000,16.950000,0.031250,0.032890,37327153846,0.106500,26203662000,0.122800,10.210000,0.142400,19111502769,0.107600,0.802600,0.668600,0.546700,0.511000,0.207800,0.420700,6718887692,34809687692,28090800000,0.521900,1.072000,1.274000,1.044000,24.660000
NFLX,2026-03-30,44.980000,33.610000,1.660000,10.100000,18.050000,30.540000,9.900000,0.017800,0.022620,41068200000,0.153200,11663368800,0.178100,21.259000,0.208200,7145866800,0.172500,0.461000,0.268400,0.220100,0.352700,0.141600,0.237700,7392276000,32405076000,25012800000,0.708600,2.145000,1.183000,0.953000,16.900000
AAPL,2026-04-06,35.530000,30.970000,3.780000,8.900000,55.380000,26.040000,9.450000,0.029150,0.029590,399614782692,0.060300,134670181767,0.072800,7.173000,0.079700,105498302631,0.062900,0.458000,0.312000,0.237800,1.557600,0.257900,0.592400,71930660885,681176660885,609246000000,1.842300,4.524000,0.862000,0.710000,6.140000
MSFT,2026-04-06,36.130000,28.100000,1.480000,12.160000,11.190000,22,13.850000,0.021230,0.028250,268106769231,0.152000,143437121538,0.176100,13.315000,0.199500,67831012615,0.172900,0.693500,0.443900,0.359700,0.353200,0.183400,0.278600,48259218462,142705218462,94446000000,0.324800,0.658000,1.359000,1.093000,33.880000
NVDA,2026-04-06,54.890000,36.250000,0.310000,26.180000,48.180000,44.720000,26.820000,0.023180,0.018450,167868925962,0.783700,106428899060,0.892300,4.115000,1.093700,77555443794,0.849700,0.748000,0.625400,0.553000,0.904400,0.651600,0.776300,30216406673,69294406673,39078000000,0.131900,0.367000,4.094000,3.341000,92.250000
META,2026-04-06,27.890000,24.190000,0.880000,9.130000,8.740000,17.320000,8.940000,0.035800,0.036630,177050084615,0.208800,94013594931,0.252000,24.188000,0.266700,57364227415,0.251800,0.813800,0.422700,0.371300,0.368200,0.238400,0.300700,31869015231,68805015231,36936000000,0.267100,0.393000,2.954000,2.412000,43.320000
GOOGL,2026-04-06,25.080000,21.680000,1.010000,6.890000,6.570000,18.460000,7.740000,0.031780,0.040650,368760673077,0.146700,150454354615,0.180300,8.656000,0.209700,76333459327,0.163400,0.590300,0.330100,0.294500,0.320600,0.212900,0.264800,66376921154,85087921154,18711000000,0.092200,0.124000,1.923000,1.531000,140.610000
AMZN,2026-04-06,45.370000,31.680000,2.230000,3.470000,7.770000,17.760000,3.870000,0.017300,0.023420,662383869231,0.104600,108630954554,0.124800,5.413000,0.145600,38418264415,0.130800,0.485200,0.109900,0.092900,0.209700,0.085600,0.140100,119229096462,230523096462,111294000000,0.532100,1.025000,1.054000,0.886000,21.150000
TSLA,2026-04-06,116.420000,94.100000,78.720000,13.890000,17.010000,76.680000,13.910000,0.002810,0.008450,98031992115,0.009300,13234318936,0.010200,2.049000,0.011700,3627183708,0.009500,0.179100,0.072500,0.072400,0.103300,0.062000,0.080600,17645758581,38543758581,20898000000,0.178900,1.579000,1.994000,1.606000,65.830000
JPM,2026-04-06,13.180000,13.880000,1.090000,3.710000,2.220000,11.630000,3.840000,0.050700,0.078130,184076252308,0.099800,73998653428,0.126500,20.668000,0.127200,33870030425,0.093400,0.597100,0.404600,0.316200,0.165100,0.013600,0.107600,33133725415,114155325415,81021600000,1.271200,1.095000,1.091000,0.903000,8.320000
V,2026-04-06,30.530000,27.160000,1.960000,15.860000,16.370000,20.780000,17.820000,0.033230,0.032890,37295653846,0.098500,26181549000,0.122400,10.217000,0.137000,19095374769,0.114100,0.803200,0.666900,0.543000,0.509400,0.204700,0.426400,6713217692,34804017692,28090800000,0.518600,1.073000,1.262000,1.068000,22.980000
NFLX,2026-04-06,43.220000,33.700000,1.730000,10.160000,16.930000,29.880000,11.120000,0.017660,0.022620,41207325000,0.154900,11702880300,0.167600,21.282000,0.200400,7170074550,0.160800,0.457000,0.262000,0.222500,0.355000,0.138600,0.236600,7417318500,32430118500,25012800000,0.719500,2.137000,1.215000,1.003000,15.790000
AAPL,2026-04-13,33.330000,27.930000,3.440000,9.330000,54.690000,25.720000,9.640000,0.029350,0.029590,400188500000,0.061100,134863524500,0.070900,7.204000,0.087400,105649764000,0.065900,0.462200,0.316600,0.236700,1.571700,0.253700,0.585600,72033930000,681279930000,609246000000,1.845400,4.518000,0.867000,0.719000,6.770000
MSFT,2026-04-13,34.960000,28.660000,1.390000,13.070000,11.480000,25.060000,12.810000,0.022450,0.028250,268487769231,0.148300,143640956538,0.184700,13.426000,0.212900,67927405615,0.164400,0.689500,0.444800,0.361300,0.347700,0.187300,0.275900,48327798462,142773798462,94446000000,0.337100,0.658000,1.320000,1.154000,36.050000
NVDA,2026-04-13,52.780000,34.130000,0.300000,24.870000,49.130000,43.470000,27.520000,0.024690,0.018450,170101730769,0.789000,107844497308,0.911800,4.193000,1.108400,78586999615,0.925700,0.743500,0.621800,0.560300,0.907700,0.668500,0.779000,30618311538,69696311538,39078000000,0.128600,0.362000,4.173000,3.358000,95.140000
META,2026-04-13,28.350000,22.510000,0.810000,8.530000,8.490000,16.600000,9.100000,0.038330,0.036630,178273711538,0.217700,94663340827,0.260300,24.503000,0.290600,57760682538,0.231500,0.820800,0.418200,0.379700,0.371800,0.231400,0.297400,32089268077,69025268077,36936000000,0.274600,0.390000,2.970000,2.503000,42.840000
GOOGL,2026-04-13,22.290000,20.840000,1.040000,6.760000,6.770000,17.380000,6.740000,0.032110,0.040650,370959615385,0.155700,151351523077,0.172400,8.668000,0.203200,76788640385,0.154700,0.590400,0.328300,0.295000,0.319600,0.216100,0.264500,66772730769,85483730769,18711000000,0.093200,0.124000,1.906000,1.572000,147
AMZN,2026-04-13,43.050000,34.820000,2.150000,3.690000,8.070000,20.750000,3.720000,0.016800,0.023420,664697846154,0.108800,109010446769,0.135600,5.438000,0.150500,38552475077,0.108900,0.492000,0.107900,0.091200,0.209400,0.085500,0.140600,119645612308,230939612308,111294000000,0.545500,1.021000,1.079000,0.860000,22.610000
TSLA,2026-04-13,122.240000,87.410000,78.050000,13.550000,17.830000,72.100000,14.610000,0.002830,0.008450,98034434615,0.008900,13234648673,0.010300,2.049000,0.011800,3627274081,0.010000,0.175600,0.074100,0.072500,0.106900,0.062300,0.080900,17646198231,38544198231,20898000000,0.179900,1.579000,1.991000,1.648000,68.470000
JPM,2026-04-13,12.450000,13.890000,1.040000,3.820000,2.210000,11.480000,3.830000,0.048880,0.078130,184656184615,0.103300,74231786215,0.123900,20.764000,0.133500,33976737969,0.105300,0.605300,0.400800,0.316600,0.168100,0.013500,0.109300,33238113231,114259713231,81021600000,1.256100,1.091000,1.089000,0.904000,8.040000
V,2026-04-13,30.920000,29.230000,1.940000,16.750000,14.950000,22.230000,16.520000,0.029910,0.032890,37372153846,0.099100,26235252000,0.113600,10.248000,0.138400,19134542769,0.100300,0.793400,0.654700,0.537100,0.511000,0.206500,0.420400,6726987692,34817787692,28090800000,0.504200,1.071000,1.285000,1.045000,22.170000
NFLX,2026-04-13,43.620000,33.840000,1.660000,9.810000,14.910000,31.230000,10.430000,0.018740,0.022620,41316000000,0.154400,11733744000,0.183200,21.417000,0.208100,7188984000,0.160700,0.460600,0.266400,0.219500,0.361400,0.143300,0.241200,7436880000,32449680000,25012800000,0.725800,2.132000,1.212000,0.997000,16.420000
AAPL,2026-04-20,33.990000,30.770000,3.170000,8.920000,51.100000,24.790000,9.300000,0.028550,0.029590,400979523077,0.063200,135130099277,0.073800,7.237000,0.094900,105858594092,0.069400,0.467800,0.313100,0.240000,1.574900,0.252400,0.588800,72176314154,681422314154,609246000000,1.827100,4.509000,0.867000,0.712000,6.570000
MSFT,2026-04-20,34.040000,29.110000,1.420000,12.420000,10.280000,24.920000,12.630000,0.021350,0.028250,269448084615,0.150600,144154725269,0.186800,13.453000,0.208200,68170365408,0.167000,0.702900,0.442800,0.364100,0.349400,0.187100,0.284000,48500655231,142946655231,94446000000,0.325700,0.655000,1.361000,1.105000,35.540000
NVDA,2026-04-20,51.630000,34.750000,0.320000,25.800000,46.250000,39.890000,30.310000,0.024370,0.018450,173130585577,0.808900,109764791256,0.886300,4.186000,1.049500,79986330537,0.895800,0.752000,0.624700,0.556800,0.899800,0.659900,0.795000,31163505404,70241505404,39078000000,0.130400,0.356000,4.139000,3.407000,95.690000
META,2026-04-20,27.140000,25.080000,0.710000,9.980000,8.100000,18.980000,8.760000,0.038140,0.036630,179128478846,0.220200,95117222267,0.263400,24.972000,0.329400,58037627146,0.237300,0.814000,0.422300,0.366000,0.372800,0.230800,0.300700,32243126192,69179126192,36936000000,0.270600,0.388000,2.931000,2.427000,45.110000
GOOGL,2026-04-20,24.950000,21.880000,1.030000,6.990000,7.540000,16.960000,6.860000,0.030880,0.040650,371470480769,0.151900,151559956154,0.184200,8.706000,0.205100,76894389519,0.183900,0.595100,0.329000,0.291500,0.324500,0.215900,0.268100,66864686538,85575686538,18711000000,0.093600,0.123000,1.914000,1.534000,150.580000
AMZN,2026-04-20,46.480000,32.490000,2.190000,3.550000,8.280000,20.020000,3.880000,0.018050,0.023420,666573811538,0.110900,109318105092,0.130700,5.447000,0.147800,38661281069,0.130400,0.489000,0.109900,0.092500,0.208500,0.086700,0.139500,119983286077,231277286077,111294000000,0.539000,1.018000,1.044000,0.862000,22.450000
TSLA,2026-04-20,118.480000,94.080000,73.100000,13.610000,18.260000,76.500000,13.920000,0.002930,0.008450,98066938654,0.009300,13239036718,0.010700,2.050000,0.012600,3628476730,0.009200,0.178800,0.073900,0.074100,0.102200,0.062400,0.082400,17652048958,38550048958,20898000000,0.179900,1.579000,2.024000,1.648000,69.490000
JPM,2026-04-20,13.370000,15.440000,0.970000,4.040000,2.090000,10.670000,4.020000,0.047090,0.078130,185044855385,0.103800,74388031865,0.122200,20.899000,0.144000,34048253391,0.116700,0.598800,0.405000,0.307100,0.165300,0.013800,0.108500,33308073969,114329673969,81021600000,1.263600,1.089000,1.094000,0.911000,8.510000
V,2026-04-20,31.070000,29.750000,1.830000,15.720000,14.400000,22.290000,17.660000,0.034170,0.032890,37432038462,0.098500,26277291000,0.115500,10.306000,0.146500,19165203692,0.111000,0.799700,0.659800,0.556900,0.506700,0.203400,0.412100,6737766923,34828566923,28090800000,0.509400,1.069000,1.305000,1.040000,22.930000
NFLX,2026-04-20,43.050000,33.520000,1.610000,9.500000,15.980000,29.710000,10,0.017990,0.022620,41460150000,0.156200,11774682600,0.199700,21.551000,0.214900,7214066100,0.163900,0.463900,0.261700,0.221100,0.364400,0.141900,0.243300,7462827000,32475627000,25012800000,0.715400,2.124000,1.226000,1.008000,16.890000
AAPL,2026-04-27,35.080000,29.910000,3.650000,8.350000,51.540000,25.420000,9.690000,0.030110,0.029590,401553992308,0.063800,135323695408,0.070200,7.213000,0.082400,106010253969,0.066400,0.454500,0.319900,0.239600,1.598000,0.259200,0.583000,72279718615,681525718615,609246000000,1.893800,4.502000,0.884000,0.713000,6.270000
MSFT,2026-04-27,35.060000,28.610000,1.410000,11.820000,12.180000,25.910000,13.660000,0.023080,0.028250,270452361538,0.153100,144692013423,0.187600,13.510000,0.209600,68424447469,0.162600,0.692100,0.454900,0.359200,0.357200,0.188700,0.284000,48681425077,143127425077,94446000000,0.329400,0.653000,1.332000,1.094000,36.240000
NVDA,2026-04-27,55.970000,32.410000,0.330000,26.620000,47.710000,45.660000,28.780000,0.024110,0.018450,175309684615,0.811600,111146340046,0.936300,4.200000,1.013100,80993074292,0.905300,0.740500,0.619700,0.556300,0.905400,0.653800,0.797200,31555743231,70633743231,39078000000,0.131700,0.352000,4.184000,3.410000,97.510000
META,2026-04-27,29.220000,23.870000,0.760000,9.030000,9.140000,18.200000,9.250000,0.038890,0.036630,180326165385,0.227400,95753193819,0.275300,24.911000,0.307900,58425677585,0.235400,0.816800,0.426800,0.374700,0.367300,0.235100,0.307300,32458709769,69394709769,36936000000,0.272000,0.386000,2.957000,2.488000,44.800000
GOOGL,2026-04-27,23.570000,22.800000,1.060000,6.940000,7.230000,17.030000,6.810000,0.036250,0.040650,372374423077,0.151100,151928764615,0.181900,8.721000,0.200200,77081505577,0.177000,0.592200,0.328500,0.297300,0.321400,0.212600,0.271500,67027396154,85738396154,18711000000,0.092800,0.123000,1.845000,1.572000,143.270000
AMZN,2026-04-27,42.490000,30.690000,2.120000,3.620000,8.040000,19.920000,3.850000,0.017350,0.023420,667016730769,0.107500,109390743846,0.136500,5.472000,0.152600,38686970385,0.120300,0.486900,0.108900,0.091400,0.211500,0.090200,0.141500,120063011538,231357011538,111294000000,0.535700,1.017000,1.064000,0.881000,22.040000
TSLA,2026-04-27,118.810000,90.890000,76.750000,13.290000,18.190000,74.280000,13.340000,0.002840,0.008450,98063744615,0.008800,13238605523,0.010400,2.050000,0.012000,3628358551,0.008700,0.179100,0.074000,0.073000,0.103800,0.061800,0.082500,17651474031,38549474031,20898000000,0.180300,1.579000,2.001000,1.681000,71.740000
JPM,2026-04-27,11.210000,13.340000,1.120000,3.850000,2.080000,11.860000,4.130000,0.046570,0.078130,185842689231,0.109700,74708761071,0.119100,20.787000,0.124100,34195054818,0.121700,0.605100,0.404700,0.314900,0.166400,0.013700,0.110000,33451684062,114473284062,81021600000,1.285600,1.084000,1.084000,0.907000,8.830000
V,2026-04-27,31.840000,25.740000,2.210000,15.890000,15.250000,23.820000,17.470000,0.031340,0.032890,37469769231,0.096500,26303778000,0.111300,10.228000,0.121000,19184521846,0.108400,0.798400,0.671300,0.540500,0.496700,0.208500,0.412700,6744558462,34835358462,28090800000,0.501600,1.068000,1.276000,1.035000,23.370000
NFLX,2026-04-27,43.250000,35.010000,1.600000,10.140000,16.120000,32.310000,10.710000,0.017230,0.022620,41598750000,0.157500,11814045000,0.180000,21.645000,0.216300,7238182500,0.178100,0.464700,0.269100,0.221400,0.358300,0.144600,0.243400,7487775000,32500575000,25012800000,0.725000,2.117000,1.225000,0.991000,16.440000
AAPL,2026-05-04,35.970000,29.880000,3.660000,8.630000,48.940000,24.420000,9.340000,0.027560,0.029590,401445715385,0.060400,135287206085,0.077500,7.224000,0.082300,105981668862,0.069800,0.463300,0.318700,0.243400,1.570500,0.263600,0.582700,72260228769,681506228769,609246000000,1.885100,4.503000,0.859000,0.719000,6.400000
MSFT,2026-05-04,37.130000,28.930000,1.340000,12.900000,11.990000,23.780000,13.050000,0.021020,0.028250,270784515385,0.149400,144869715731,0.193200,13.618000,0.220100,68508482392,0.166700,0.693700,0.449300,0.365700,0.355300,0.184900,0.280500,48741212769,143187212769,94446000000,0.328900,0.652000,1.372000,1.113000,38.040000
NVDA,2026-05-04,58.970000,31.480000,0.320000,26.440000,46.360000,47.660000,27.430000,0.023260,0.018450,174910655769,0.769400,110893355758,0.907500,4.313000,1.055800,80808722965,0.933000,0.752100,0.624100,0.560100,0.924500,0.651400,0.778000,31483918038,70561918038,39078000000,0.131500,0.352000,4.173000,3.475000,92.980000
META,2026-05-04,24.970000,22.330000,0.740000,8.800000,8.490000,18.110000,9.510000,0.038300,0.036630,181271091346,0.230500,96254949505,0.261400,25.121000,0.316000,58731833596,0.257300,0.812100,0.426000,0.374700,0.374600,0.237500,0.299900,32628796442,69564796442,36936000000,0.273400,0.384000,3.032000,2.443000,43.800000
GOOGL,2026-05-04,25.050000,20.170000,1,6.560000,7.560000,18.810000,6.950000,0.032380,0.040650,373685576923,0.153000,152463715385,0.174200,8.791000,0.211100,77352914423,0.180100,0.597100,0.330200,0.294300,0.319700,0.216200,0.272700,67263403846,85974403846,18711000000,0.095000,0.123000,1.900000,1.577000,144.140000
AMZN,2026-05-04,40.270000,33.960000,2.060000,3.700000,7.970000,18.390000,3.780000,0.016070,0.023420,669266907692,0.110800,109759772862,0.137200,5.498000,0.157400,38817480646,0.125800,0.489300,0.108800,0.094100,0.216100,0.091200,0.143500,120468043385,231762043385,111294000000,0.540400,1.014000,1.061000,0.884000,23.300000
TSLA,2026-05-04,117.720000,87.330000,73.100000,13.520000,16.340000,70.340000,14.460000,0.002580,0.008450,98101885192,0.009300,13243754501,0.010700,2.051000,0.012600,3629769752,0.010500,0.181300,0.072300,0.072800,0.104400,0.061100,0.082700,17658339335,38556339335,20898000000,0.183100,1.578000,2.070000,1.694000,65.570000
JPM,2026-05-04,11.480000,13.380000,1.010000,4.040000,2.090000,11.490000,3.620000,0.050690,0.078130,186107381538,0.108300,74815167378,0.122400,20.949000,0.137300,34243758203,0.112100,0.605500,0.411000,0.315700,0.164800,0.013700,0.109700,33499328677,114520928677,81021600000,1.301400,1.083000,1.096000,0.889000,9.050000
V,2026-05-04,29.310000,27.370000,2.090000,15.910000,15.800000,24.200000,17.250000,0.030770,0.032890,37560461538,0.098000,26367444000,0.111400,10.281000,0.128000,19230956308,0.107800,0.784900,0.652700,0.547600,0.493000,0.204100,0.416500,6760883077,34851683077,28090800000,0.487200,1.065000,1.229000,1.018000,23.900000
NFLX,2026-05-04,43.260000,34.100000,1.510000,10.020000,16.960000,30.170000,10.820000,0.018160,0.022620,41723775000,0.157900,11849552100,0.186800,21.846000,0.229900,7259936850,0.194900,0.464800,0.263800,0.221800,0.363000,0.143700,0.246900,7510279500,32523079500,25012800000,0.725600,2.111000,1.220000,1.002000,16.900000
AAPL,2026-05-11,32.360000,28.900000,3.440000,8.300000,47.380000,22.880000,9.890000,0.029070,0.029590,402405169231,0.063200,135610542031,0.074800,7.251000,0.087500,106234964677,0.081300,0.465000,0.318900,0.237900,1.627500,0.263200,0.593000,72432930462,681678930462,609246000000,1.939200,4.493000,0.880000,0.730000,6.780000
MSFT,2026-05-11,34.080000,29.350000,1.380000,12.310000,12.470000,23.540000,14.130000,0.020310,0.028250,271830800000,0.152100,145429478000,0.186200,13.640000,0.214800,68773192400,0.178200,0.699700,0.449500,0.365900,0.356200,0.188400,0.281100,48929544000,143375544000,94446000000,0.343500,0.649000,1.329000,1.119000,39.170000
NVDA,2026-05-11,59.830000,31.220000,0.280000,25.050000,46.360000,40.960000,26.980000,0.025290,0.018450,178371415385,0.794800,113087477354,0.977900,4.579000,1.207900,82407593908,0.970400,0.762600,0.638000,0.565000,0.928800,0.667500,0.805900,32106854769,71184854769,39078000000,0.130500,0.346000,4.268000,3.433000,91.750000
META,2026-05-11,26.030000,24.090000,0.740000,9.160000,8.930000,15,8.860000,0.040070,0.036630,181613061538,0.225400,96436535677,0.268200,25.247000,0.315300,58842631938,0.239400,0.821500,0.424900,0.372100,0.375500,0.238400,0.306400,32690351077,69626351077,36936000000,0.268400,0.383000,3.029000,2.474000,46.880000
GOOGL,2026-05-11,25.600000,20.370000,0.980000,6.520000,6.380000,18.340000,7.520000,0.033510,0.040650,374230769231,0.150000,152686153846,0.179500,8.845000,0.216900,77465769231,0.186600,0.593300,0.330600,0.291600,0.325500,0.217600,0.273500,67361538462,86072538462,18711000000,0.093800,0.123000,1.878000,1.523000,140.120000
AMZN,2026-05-11,43.310000,31.720000,2,3.650000,8.210000,18.820000,3.880000,0.016910,0.023420,672039753846,0.115600,110214519631,0.132900,5.525000,0.162200,38978305723,0.125500,0.491800,0.109200,0.093500,0.214900,0.087900,0.139900,120967155692,232261155692,111294000000,0.552200,1.010000,1.095000,0.882000,22.320000
TSLA,2026-05-11,123.540000,85.210000,70.850000,12.810000,18.170000,73.620000,14.070000,0.002710,0.008450,98114849231,0.009200,13245504646,0.010800,2.052000,0.013000,3630249422,0.010300,0.181100,0.074200,0.073700,0.106200,0.063200,0.080800,17660672862,38558672862,20898000000,0.181700,1.578000,2.064000,1.683000,70.440000
JPM,2026-05-11,12.490000,14.080000,0.990000,3.780000,2.160000,10.510000,3.900000,0.050180,0.078130,186231360000,0.105300,74865006720,0.129300,21.026000,0.140000,34266570240,0.122500,0.609800,0.405200,0.324300,0.164300,0.013500,0.109900,33521644800,114543244800,81021600000,1.329800,1.082000,1.108000,0.923000,8.610000
V,2026-05-11,30.400000,27.320000,2.190000,16.760000,14.660000,21.310000,17.180000,0.030390,0.032890,37553538462,0.093500,26362584000,0.116400,10.278000,0.122100,19227411692,0.106500,0.795200,0.658300,0.535700,0.511900,0.203500,0.409400,6759636923,34850436923,28090800000,0.497300,1.066000,1.278000,1.021000,22.600000
NFLX,2026-05-11,41.100000,35.980000,1.600000,9.760000,14.430000,32.010000,10.220000,0.020410,0.022620,42011400000,0.167300,11931237600,0.197200,21.811000,0.216400,7309983600,0.188900,0.464700,0.271300,0.224200,0.364700,0.145900,0.239900,7562052000,32574852000,25012800000,0.741900,2.096000,1.219000,1.019000,17.140000
AAPL,2026-05-18,33.110000,30.940000,3.340000,8.690000,51.700000,24.130000,9.030000,0.027160,0.029590,403049567308,0.064100,135827704183,0.077200,7.272000,0.090000,106405085769,0.077000,0.473200,0.313800,0.241100,1.598600,0.257700,0.588300,72548922115,681794922115,609246000000,1.948700,4.485000,0.891000,0.717000,6.600000
MSFT,2026-05-18,35.230000,29.960000,1.290000,13.220000,11.700000,22.930000,13.090000,0.020550,0.028250,273672788462,0.161100,146414941827,0.178000,13.784000,0.230300,69239215481,0.181200,0.701500,0.455900,0.365300,0.355400,0.186400,0.284000,49261101923,143707101923,94446000000,0.333700,0.645000,1.390000,1.144000,37.720000
NVDA,2026-05-18,53.790000,35.540000,0.330000,26.020000,47.170000,42.860000,27.520000,0.024350,0.018450,180905625000,0.803400,114694166250,0.969400,4.380000,1.019100,83578398750,0.947500,0.756000,0.638000,0.553000,0.945000,0.665000,0.795200,32563012500,71641012500,39078000000,0.133500,0.341000,4.204000,3.464000,96.270000
META,2026-05-18,27.970000,23.790000,0.740000,8.890000,8.340000,17.330000,9.360000,0.037220,0.036630,182879711538,0.232400,97109126827,0.277800,25.391000,0.316200,59253026538,0.272200,0.818900,0.423700,0.383800,0.375900,0.233700,0.301900,32918348077,69854348077,36936000000,0.273000,0.380000,2.988000,2.530000,44.330000
GOOGL,2026-05-18,24.750000,22.010000,0.970000,6.780000,7.170000,17.110000,7.270000,0.034150,0.040650,374600961538,0.146200,152837192308,0.187800,8.886000,0.218800,77542399038,0.183700,0.595900,0.332200,0.296900,0.319600,0.223000,0.267000,67428173077,86139173077,18711000000,0.094800,0.122000,1.891000,1.556000,149.950000
AMZN,2026-05-18,43.820000,31.560000,2.190000,3.290000,8.140000,18.940000,4.230000,0.017060,0.023420,673488750000,0.115700,110452155000,0.139200,5.505000,0.147900,39062347500,0.129000,0.490100,0.109400,0.092900,0.209400,0.087700,0.142400,121227975000,232521975000,111294000000,0.547400,1.008000,1.073000,0.882000,21.270000
TSLA,2026-05-18,118.380000,90.940000,65.320000,13.290000,18.430000,69.620000,12.390000,0.002850,0.008450,98136831731,0.009300,13248472284,0.010700,2.054000,0.014100,3631062774,0.009600,0.180200,0.074000,0.073000,0.105100,0.062700,0.081900,17664629712,38562629712,20898000000,0.186300,1.577000,2.031000,1.703000,66.600000
JPM,2026-05-18,13.030000,13.770000,0.970000,3.860000,2.150000,11.150000,3.880000,0.052660,0.078130,186719076923,0.106800,75061068923,0.128100,21.114000,0.143600,34356310154,0.119800,0.607800,0.405100,0.317500,0.164500,0.013800,0.114000,33609433846,114631033846,81021600000,1.322500,1.079000,1.087000,0.881000,8.520000
V,2026-05-18,29.570000,27.960000,2.200000,17.070000,15.660000,21.850000,17,0.031660,0.032890,37715192308,0.099100,26476065000,0.113500,10.299000,0.121700,19310178462,0.083900,0.775800,0.648600,0.529400,0.498000,0.201700,0.413300,6788734615,34879534615,28090800000,0.500000,1.061000,1.261000,1.011000,21.800000
NFLX,2026-05-18,47.730000,33.660000,1.600000,9.350000,16.090000,30.110000,9.950000,0.017650,0.022620,42105000000,0.165600,11957820000,0.184600,21.886000,0.215700,7326270000,0.185500,0.467900,0.273600,0.225600,0.367100,0.146700,0.244600,7578900000,32591700000,25012800000,0.731400,2.092000,1.247000,1.008000,17.320000
AAPL,2026-05-22,34.020000,29.340000,3.460000,9.250000,53.290000,23.400000,9.480000,0.027800,0.029590,402827750000,0.060500,135752951750,0.073800,7.273000,0.087000,106346526000,0.072700,0.467600,0.318400,0.242800,1.585800,0.263000,0.582100,72508995000,681754995000,609246000000,1.969500,4.488000,0.891000,0.713000,6.680000
MSFT,2026-05-22,37.150000,29.570000,1.360000,12.310000,11.050000,22.810000,13.250000,0.023780,0.028250,273621500000,0.154500,146387502500,0.187600,13.763000,0.218000,69226239500,0.170400,0.687800,0.454400,0.360400,0.358100,0.194000,0.285200,49251870000,143697870000,94446000000,0.345100,0.645000,1.391000,1.137000,38.980000
NVDA,2026-05-22,56.180000,34.830000,0.300000,25.150000,48.020000,43.580000,29.730000,0.023070,0.018450,183704850000,0.815400,116468874900,0.937700,4.579000,1.114900,84871640700,1.024100,0.761600,0.636800,0.564200,0.938300,0.655900,0.806700,33066873000,72144873000,39078000000,0.130400,0.336000,4.342000,3.459000,100.290000
META,2026-05-22,27.340000,22.370000,0.720000,9,8.810000,17.590000,9.850000,0.040030,0.036630,182841750000,0.223000,97088969250,0.271300,25.612000,0.324100,59240727000,0.270200,0.823700,0.419500,0.381600,0.382400,0.234300,0.304400,32911515000,69847515000,36936000000,0.276500,0.380000,2.998000,2.454000,46.930000
GOOGL,2026-05-22,24.470000,22.390000,1.050000,6.460000,7.320000,16.510000,6.730000,0.034790,0.040650,376687500000,0.152500,153688500000,0.179100,8.852000,0.202100,77974312500,0.182600,0.592400,0.336200,0.288200,0.317800,0.217500,0.273500,67803750000,86514750000,18711000000,0.093900,0.122000,1.917000,1.565000,152.890000
AMZN,2026-05-22,46.280000,32.020000,1.980000,3.810000,8.010000,19.320000,3.920000,0.016930,0.023420,674653100000,0.114900,110643108400,0.145200,5.561000,0.163700,39129879800,0.142800,0.495200,0.110300,0.092900,0.209300,0.089300,0.144700,121437558000,232731558000,111294000000,0.541800,1.006000,1.089000,0.898000,23.030000
TSLA,2026-05-22,111.870000,97.790000,66.260000,12.390000,17.590000,65.090000,14.140000,0.002870,0.008450,98164075000,0.009500,13252150125,0.010900,2.054000,0.013900,3632070775,0.011000,0.180000,0.074100,0.073300,0.104600,0.062400,0.080300,17669533500,38567533500,20898000000,0.185700,1.577000,2.088000,1.715000,70.020000
JPM,2026-05-22,12.080000,13.690000,0.920000,3.890000,2.100000,11.600000,3.920000,0.049940,0.078130,187501200000,0.111500,75375482400,0.134700,21.245000,0.151400,34500220800,0.113000,0.608900,0.402700,0.328600,0.168600,0.013700,0.108600,33750216000,114771816000,81021600000,1.319000,1.075000,1.104000,0.901000,8.710000
V,2026-05-22,30.310000,27.390000,2.090000,16.910000,14.760000,23.420000,18.300000,0.031120,0.032890,37794600000,0.099700,26531809200,0.112800,10.355000,0.128400,19350835200,0.095000,0.782600,0.640100,0.530500,0.509100,0.200000,0.410700,6803028000,34893828000,28090800000,0.492800,1.059000,1.247000,1.038000,21.350000
NFLX,2026-05-22,45,33.030000,1.570000,10.100000,16.190000,32.050000,9.530000,0.018440,0.022620,42164850000,0.162300,11974817400,0.189800,22.018000,0.220700,7336683900,0.196700,0.466800,0.272200,0.222000,0.369000,0.145100,0.246700,7589673000,32602473000,25012800000,0.724400,2.089000,1.214000,1.026000,17.920000
AAPL,2026-06-01,37.210000,29.400000,3.390000,7.820000,50.330000,24.550000,9.810000,0.028470,0.029590,403972928846,0.063900,136138877021,0.081300,7.291000,0.088800,106648853215,0.077900,0.470300,0.316700,0.242500,1.605700,0.261500,0.586700,72715127192,681961127192,609246000000,1.949100,4.475000,0.887000,0.728000,6.360000
MSFT,2026-06-01,34.740000,27.890000,1.300000,12.730000,11,23.660000,13.020000,0.022180,0.028250,274811392308,0.157800,147024094885,0.192700,13.877000,0.227600,69527282254,0.195600,0.705500,0.459600,0.363800,0.355600,0.188600,0.287100,49466050615,143912050615,94446000000,0.330700,0.642000,1.371000,1.133000,39.880000
NVDA,2026-06-01,52.090000,36.070000,0.300000,25.450000,45.630000,45.210000,27.750000,0.026310,0.018450,185642775000,0.813800,117697519350,1.011700,4.676000,1.137400,85766962050,0.955700,0.763000,0.640000,0.577200,0.923700,0.664200,0.793500,33415699500,72493699500,39078000000,0.133300,0.332000,4.328000,3.612000,100.840000
META,2026-06-01,26.890000,23.300000,0.710000,8.540000,9.330000,17.620000,9.890000,0.035370,0.036630,183888855769,0.227000,97644982413,0.269700,25.791000,0.327800,59579989269,0.262200,0.830000,0.425800,0.379900,0.390300,0.242200,0.306700,33099994038,70035994038,36936000000,0.273500,0.378000,3.019000,2.532000,49.150000
GOOGL,2026-06-01,22.320000,21.250000,0.990000,6.830000,7.080000,18.800000,6.970000,0.034020,0.040650,377623076923,0.152000,154070215385,0.177400,8.930000,0.213100,78167976923,0.167300,0.591100,0.329400,0.296400,0.320000,0.218600,0.270400,67972153846,86683153846,18711000000,0.093500,0.121000,1.919000,1.518000,144.630000
AMZN,2026-06-01,43.240000,32.120000,2.050000,3.470000,8.860000,19.250000,3.770000,0.018080,0.023420,676924134615,0.117500,111015558077,0.143300,5.561000,0.157900,39261599808,0.126800,0.491600,0.109500,0.094100,0.212400,0.089800,0.144400,121846344231,233140344231,111294000000,0.547400,1.003000,1.080000,0.891000,24.330000
TSLA,2026-06-01,120.330000,97.650000,66.260000,14.150000,19.380000,67.090000,14.450000,0.002860,0.008450,98171778269,0.009300,13253190066,0.011500,2.055000,0.013900,3632355796,0.011000,0.181800,0.073900,0.075300,0.106000,0.063100,0.084400,17670920088,38568920088,20898000000,0.188300,1.577000,2.069000,1.710000,73.330000
JPM,2026-06-01,13.550000,13.810000,0.990000,3.930000,2.160000,11.130000,4.190000,0.048670,0.078130,187633033846,0.108800,75428479606,0.133300,21.185000,0.139900,34524478228,0.119400,0.605300,0.411300,0.315600,0.168600,0.014100,0.110800,33773946092,114795546092,81021600000,1.308700,1.074000,1.131000,0.896000,9.040000
V,2026-06-01,27.910000,27.080000,2.160000,16.520000,14.930000,22.720000,18.060000,0.030810,0.032890,37755207692,0.093900,26504155800,0.109800,10.358000,0.124300,19330666338,0.095400,0.787500,0.649000,0.535300,0.496800,0.199100,0.412300,6795937385,34886737385,28090800000,0.484200,1.060000,1.227000,1.019000,21.940000
NFLX,2026-06-01,42.240000,33.470000,1.400000,10.100000,17.130000,30.480000,10.560000,0.020130,0.022620,42393900000,0.167600,12039867600,0.213400,22.374000,0.247100,7376538600,0.192900,0.472300,0.271800,0.226100,0.361900,0.145700,0.250400,7630902000,32643702000,25012800000,0.740000,2.077000,1.228000,1.014000,17.120000
AAPL,2026-06-08,36.880000,28.420000,3.140000,8.810000,50.380000,27.440000,8.600000,0.031840,0.029590,404369192308,0.063500,136272417808,0.074300,7.330000,0.095900,106753466769,0.069700,0.467500,0.322100,0.238300,1.613900,0.262900,0.595200,72786454615,682032454615,609246000000,1.916500,4.471000,0.882000,0.739000,6.740000
MSFT,2026-06-08,36.970000,31.140000,1.290000,12.110000,11.570000,23.890000,13.200000,0.021610,0.028250,276060876923,0.161300,147692569154,0.186300,13.941000,0.229100,69843401862,0.183400,0.704400,0.458800,0.367400,0.363100,0.193200,0.290100,49690957846,144136957846,94446000000,0.341800,0.639000,1.392000,1.123000,39.320000
NVDA,2026-06-08,57.900000,33.710000,0.290000,24.660000,48.570000,40.900000,26.530000,0.027670,0.018450,189898580769,0.845300,120395700208,0.991600,4.811000,1.182000,87733144315,0.921500,0.762800,0.639200,0.562700,0.940200,0.671700,0.811400,34181744538,73259744538,39078000000,0.134200,0.325000,4.175000,3.528000,97.360000
META,2026-06-08,26.260000,22.600000,0.720000,9.590000,8.020000,18.100000,9.950000,0.037480,0.036630,183978065385,0.219900,97692352719,0.277800,25.889000,0.324300,59608893185,0.241600,0.830200,0.434500,0.387300,0.376000,0.235400,0.310000,33116051769,70052051769,36936000000,0.282000,0.378000,3.051000,2.399000,49.130000
GOOGL,2026-06-08,24.270000,22.570000,1.010000,6.550000,7.290000,17.830000,7.250000,0.033100,0.040650,377534230769,0.146100,154033966154,0.190300,8.952000,0.210600,78149585769,0.166700,0.592500,0.329000,0.290200,0.321300,0.212700,0.268600,67956161538,86667161538,18711000000,0.093500,0.121000,1.900000,1.573000,149.980000
AMZN,2026-06-08,43.180000,33.580000,1.830000,3.420000,7.580000,20.670000,3.900000,0.017020,0.023420,679224615385,0.120000,111392836923,0.138500,5.630000,0.177100,39395027692,0.124600,0.496800,0.110500,0.092700,0.211900,0.090300,0.144000,122260430769,233554430769,111294000000,0.564100,0.999000,1.103000,0.871000,23.790000
TSLA,2026-06-08,122.550000,91.280000,69.250000,12.810000,16.130000,74.410000,13.110000,0.002690,0.008450,98199773077,0.009500,13256969365,0.011000,2.055000,0.013300,3633391604,0.011100,0.180300,0.073300,0.074300,0.107000,0.063500,0.083400,17675959154,38573959154,20898000000,0.189500,1.576000,2.077000,1.722000,71.820000
JPM,2026-06-08,13.410000,13.950000,0.940000,3.840000,2.070000,11.430000,3.770000,0.051740,0.078130,188157636923,0.110400,75639370043,0.129800,21.321000,0.147700,34621005194,0.138300,0.617600,0.414900,0.325400,0.171700,0.013900,0.111200,33868374646,114889974646,81021600000,1.305500,1.071000,1.107000,0.923000,9.450000
V,2026-06-08,31,27.860000,2.290000,16.230000,13.670000,22.220000,17.410000,0.033870,0.032890,37857046154,0.095800,26575646400,0.117900,10.343000,0.117000,19382807631,0.106000,0.784800,0.641300,0.527600,0.496200,0.200100,0.411600,6814268308,34905068308,28090800000,0.502000,1.057000,1.239000,1.028000,21.860000
NFLX,2026-06-08,44.590000,34.240000,1.520000,9.730000,17.880000,29.060000,10.460000,0.019370,0.022620,42542700000,0.168700,12082126800,0.209600,22.265000,0.228000,7402429800,0.190600,0.465900,0.269500,0.226700,0.372600,0.146200,0.245400,7657686000,32670486000,25012800000,0.737400,2.070000,1.243000,1.030000,17.390000
AAPL,2026-06-15,34.120000,30.620000,3.110000,9.010000,45.960000,24.270000,8.820000,0.028010,0.029590,405370001923,0.065900,136609690648,0.075200,7.346000,0.096700,107017680508,0.077000,0.473300,0.321300,0.244400,1.628100,0.264600,0.596500,72966600346,682212600346,609246000000,1.927100,4.460000,0.892000,0.717000,6.880000
MSFT,2026-06-15,35.730000,29.340000,1.240000,12.710000,12.400000,23.210000,12.680000,0.021390,0.028250,277231230769,0.164000,148318708462,0.191300,14.063000,0.238900,70139501385,0.187800,0.697600,0.452100,0.361100,0.361500,0.189000,0.292300,49901621538,144347621538,94446000000,0.341000,0.637000,1.363000,1.130000,37.300000
NVDA,2026-06-15,54.370000,32.130000,0.280000,25.640000,45.350000,44.810000,26.290000,0.025840,0.018450,191998125000,0.845000,121726811250,1.042800,4.931000,1.214300,88703133750,1.001000,0.760300,0.633900,0.572700,0.924500,0.679400,0.805600,34559662500,73637662500,39078000000,0.135800,0.321000,4.424000,3.520000,98.860000
META,2026-06-15,28.400000,22.700000,0.730000,9.430000,9.020000,16.140000,9.630000,0.040920,0.036630,186132382692,0.235800,98836295210,0.273100,25.957000,0.318700,60306891992,0.289900,0.830800,0.434000,0.389700,0.383400,0.236900,0.311100,33503828885,70439828885,36936000000,0.285100,0.374000,3.102000,2.544000,47.610000
GOOGL,2026-06-15,24.260000,21.060000,1.010000,6.110000,7.380000,18.450000,7.090000,0.035030,0.040650,378615192308,0.146600,154474998462,0.177100,8.982000,0.210000,78373344808,0.177600,0.594700,0.326700,0.298100,0.312000,0.212600,0.277200,68150734615,86861734615,18711000000,0.092900,0.121000,1.924000,1.534000,147.540000
AMZN,2026-06-15,45.800000,32.080000,1.940000,3.610000,8.230000,18.860000,3.750000,0.016600,0.023420,678597657692,0.114100,111290015862,0.136900,5.620000,0.167400,39358664146,0.132700,0.495300,0.112000,0.094500,0.208600,0.090300,0.144600,122147578385,233441578385,111294000000,0.567700,1,1.087000,0.911000,24.130000
TSLA,2026-06-15,125.610000,94.790000,68.220000,13.120000,18.120000,74.580000,14.360000,0.002730,0.008450,98201276154,0.009200,13257172281,0.012000,2.055000,0.013500,3633447218,0.011500,0.181300,0.074400,0.075400,0.104800,0.063600,0.082300,17676229708,38574229708,20898000000,0.190200,1.576000,2.058000,1.709000,68.820000
JPM,2026-06-15,12.660000,13.150000,0.910000,3.780000,1.920000,11.770000,4.240000,0.051680,0.078130,189010116923,0.115200,75982067003,0.137000,21.433000,0.152800,34777861514,0.119100,0.609500,0.415000,0.324900,0.172400,0.013900,0.111300,34021821046,115043421046,81021600000,1.323300,1.066000,1.106000,0.895000,9.250000
V,2026-06-15,31.510000,27.360000,2.130000,18.550000,15.500000,21.160000,17.660000,0.031900,0.032890,37786846154,0.089000,26526366000,0.102300,10.414000,0.126100,19346865231,0.087300,0.784700,0.653300,0.535200,0.493600,0.201300,0.413400,6801632308,34892432308,28090800000,0.479400,1.059000,1.236000,1.019000,21.110000
NFLX,2026-06-15,43.120000,36.960000,1.650000,9.940000,16.650000,27.460000,10.580000,0.019470,0.022620,42727950000,0.171400,12134737800,0.191700,22.145000,0.209300,7434663300,0.175900,0.468000,0.272600,0.226800,0.368500,0.144200,0.246700,7691031000,32703831000,25012800000,0.744000,2.061000,1.266000,1.026000,17.940000
AAPL,2026-06-22,35.400000,29.780000,3.160000,8.780000,51.870000,25.040000,9.800000,0.030250,0.029590,405594826923,0.064700,136685456673,0.079500,7.353000,0.095300,107077034308,0.080000,0.467000,0.321100,0.237900,1.605600,0.263200,0.602700,73007068846,682253068846,609246000000,1.910800,4.457000,0.899000,0.752000,6.910000
MSFT,2026-06-22,35.470000,28.190000,1.300000,11.560000,11.570000,22.920000,13.310000,0.023170,0.028250,277504769231,0.160400,148465051538,0.195100,14.045000,0.228400,70208706615,0.186300,0.709300,0.460400,0.374000,0.364900,0.190400,0.291000,49950858462,144396858462,94446000000,0.349000,0.636000,1.381000,1.130000,39.350000
NVDA,2026-06-22,52.150000,34.160000,0.280000,25.250000,44.900000,44.920000,26.710000,0.024710,0.018450,194434961538,0.849200,123271765615,1.045600,4.996000,1.212000,89828952231,1.006100,0.759200,0.636600,0.569400,0.942800,0.665300,0.806000,34998293077,74076293077,39078000000,0.137000,0.317000,4.268000,3.551000,95.130000
META,2026-06-22,28.200000,21.810000,0.690000,9.300000,8.630000,16.260000,9.270000,0.042020,0.036630,187248451923,0.239700,99428927971,0.287500,26.335000,0.337800,60668498423,0.279500,0.823000,0.430100,0.388600,0.379200,0.237700,0.308300,33704721346,70640721346,36936000000,0.280000,0.371000,3.101000,2.503000,46.560000
GOOGL,2026-06-22,24.650000,20.340000,1.040000,6.930000,7.640000,16.660000,6.690000,0.033230,0.040650,380389423077,0.150500,155198884615,0.169000,8.989000,0.204500,78740610577,0.176400,0.588800,0.329100,0.293400,0.323400,0.215600,0.273400,68470096154,87181096154,18711000000,0.095300,0.121000,1.899000,1.579000,146.500000
AMZN,2026-06-22,42.520000,30.500000,1.880000,3.630000,8.680000,17.890000,3.730000,0.017920,0.023420,680292038462,0.114900,111567894308,0.136900,5.652000,0.172600,39456938231,0.136000,0.498900,0.111700,0.094600,0.212000,0.090000,0.143000,122452566923,233746566923,111294000000,0.566600,0.998000,1.068000,0.900000,23.270000
TSLA,2026-06-22,123.060000,87.060000,64.410000,12.060000,19.080000,69.600000,14.200000,0.002920,0.008450,98252380769,0.009800,13264071404,0.011300,2.057000,0.014300,3635338088,0.011000,0.180000,0.074200,0.074000,0.106700,0.064200,0.083000,17685428538,38583428538,20898000000,0.183100,1.576000,2.046000,1.723000,71.080000
JPM,2026-06-22,13.050000,14.030000,0.920000,4.040000,2.100000,11.800000,4.300000,0.050020,0.078130,190028584615,0.121300,76391491015,0.134700,21.479000,0.151700,34965259569,0.137400,0.617300,0.415200,0.321200,0.166900,0.014000,0.111400,34205145231,115226745231,81021600000,1.313100,1.061000,1.128000,0.938000,9.080000
V,2026-06-22,31.020000,27.020000,2.190000,17.120000,15.220000,21.360000,19.210000,0.030430,0.032890,37993846154,0.096000,26671680000,0.110500,10.416000,0.122200,19452849231,0.096600,0.790600,0.637800,0.529000,0.503000,0.200300,0.402800,6838892308,34929692308,28090800000,0.498300,1.053000,1.237000,1.027000,21.450000
NFLX,2026-06-22,44.470000,34.300000,1.510000,9.750000,15.080000,29.610000,9.900000,0.018480,0.022620,42876750000,0.172300,12176997000,0.202100,22.458000,0.229700,7460554500,0.190500,0.470300,0.272100,0.228500,0.371000,0.144600,0.247000,7717815000,32730615000,25012800000,0.742100,2.054000,1.254000,1.024000,17.450000
AAPL,2026-06-29,32.820000,30.520000,3.200000,9.250000,49.480000,25.050000,9.590000,0.031190,0.029590,405754986538,0.063300,136739430463,0.076800,7.361000,0.094100,107119316446,0.079700,0.471000,0.322400,0.246100,1.614300,0.269100,0.605200,73035897577,682281897577,609246000000,1.959700,4.456000,0.893000,0.728000,6.870000
MSFT,2026-06-29,35.460000,29.330000,1.270000,11.620000,11.600000,22.870000,13.060000,0.021860,0.028250,279681353846,0.169600,149629524308,0.204400,14.131000,0.232600,70759382523,0.207000,0.700400,0.452800,0.366700,0.367600,0.191300,0.290600,50342643692,144788643692,94446000000,0.338600,0.631000,1.399000,1.169000,38.260000
NVDA,2026-06-29,54.520000,33.530000,0.290000,25.800000,48.040000,45.320000,26.850000,0.026420,0.018450,194815670192,0.826700,123513134902,0.976800,4.997000,1.173800,90004839629,0.948400,0.761100,0.639900,0.571400,0.935900,0.667900,0.797300,35066820635,74144820635,39078000000,0.136500,0.316000,4.403000,3.467000,100.110000
META,2026-06-29,27.110000,22.490000,0.680000,8.910000,8.170000,17.600000,9.950000,0.043400,0.036630,187143741346,0.230900,99373326655,0.282900,26.549000,0.343200,60634572196,0.288400,0.827500,0.428700,0.385400,0.378500,0.246500,0.310100,33685873442,70621873442,36936000000,0.278700,0.372000,3.065000,2.563000,48.360000
GOOGL,2026-06-29,24.410000,20.780000,1.020000,6.920000,7.880000,15.110000,7.220000,0.033060,0.040650,380818173077,0.147700,155373814615,0.180500,9.038000,0.208300,78829361827,0.159300,0.596200,0.328800,0.291900,0.323000,0.215200,0.270600,68547271154,87258271154,18711000000,0.092200,0.120000,1.915000,1.551000,148.070000
AMZN,2026-06-29,41.290000,32.060000,1.920000,3.540000,8.510000,19.470000,3.480000,0.017790,0.023420,680560734615,0.111900,111611960477,0.143100,5.657000,0.168700,39472522608,0.132700,0.497400,0.111600,0.095400,0.216700,0.089700,0.146100,122500932231,233794932231,111294000000,0.564300,0.997000,1.092000,0.901000,23.880000
TSLA,2026-06-29,116.930000,90.550000,67.720000,12.870000,17.370000,71.810000,15.160000,0.002880,0.008450,98264969038,0.009700,13265770820,0.011600,2.057000,0.013600,3635803854,0.012500,0.181400,0.073500,0.075100,0.107100,0.064600,0.082300,17687694427,38585694427,20898000000,0.188600,1.575000,2.136000,1.730000,69.410000
JPM,2026-06-29,13.090000,13.650000,0.910000,3.560000,2.170000,11.170000,3.910000,0.052610,0.078130,189839372308,0.115600,76315427668,0.127300,21.554000,0.153200,34930444505,0.118500,0.605800,0.408600,0.323000,0.172000,0.014100,0.112000,34171087015,115192687015,81021600000,1.327700,1.062000,1.127000,0.933000,9.200000
V,2026-06-29,29.530000,27.020000,2.260000,17.750000,16.310000,21.730000,18.250000,0.030140,0.032890,38021676923,0.094200,26691217200,0.104500,10.417000,0.118400,19467098585,0.103200,0.787000,0.647100,0.526000,0.496800,0.198000,0.398200,6843901846,34934701846,28090800000,0.480400,1.052000,1.219000,1.010000,22.160000
NFLX,2026-06-29,47.060000,34.640000,1.380000,9.260000,15.510000,30.470000,10.470000,0.019420,0.022620,42912975000,0.168300,12187284900,0.203400,22.795000,0.250800,7466857650,0.185900,0.468200,0.275000,0.230100,0.369200,0.147600,0.251700,7724335500,32737135500,25012800000,0.782800,2.052000,1.254000,1.030000,17.560000
AAPL,2026-07-06,32.920000,29.940000,3.180000,8.750000,55.560000,25.070000,8.680000,0.028810,0.029590,407121230769,0.067000,137199854769,0.076200,7.377000,0.094800,107480004923,0.078800,0.465600,0.327400,0.244600,1.634400,0.262200,0.601700,73281821538,682527821538,609246000000,1.913800,4.441000,0.928000,0.735000,6.480000
MSFT,2026-07-06,35.530000,28,1.150000,12.610000,11.130000,24.250000,12.800000,0.022750,0.028250,280056492308,0.166700,149830223385,0.193500,14.382000,0.258200,70854292554,0.193900,0.704800,0.461600,0.371800,0.362600,0.187100,0.284500,50410168615,144856168615,94446000000,0.342200,0.630000,1.389000,1.165000,38.330000
NVDA,2026-07-06,53.270000,34.270000,0.300000,26.290000,47.910000,44.620000,27.590000,0.025110,0.018450,197002800000,0.828100,124899775200,1.005700,4.973000,1.123800,91015293600,0.995600,0.762600,0.637100,0.571500,0.947600,0.682000,0.804900,35460504000,74538504000,39078000000,0.137500,0.313000,4.359000,3.531000,100.670000
META,2026-07-06,26.870000,23.760000,0.660000,9.280000,7.900000,17.150000,9.530000,0.041160,0.036630,188056400000,0.232700,99857948400,0.293700,26.818000,0.352300,60930273600,0.274900,0.840000,0.426900,0.381700,0.381300,0.243700,0.309100,33850152000,70786152000,36936000000,0.285700,0.370000,3.043000,2.560000,46.550000
GOOGL,2026-07-06,25.810000,22.320000,1.040000,6.500000,6.360000,19.320000,7.200000,0.033200,0.040650,380972307692,0.143800,155436701538,0.175000,9.044000,0.202900,78861267692,0.177500,0.590700,0.326700,0.292000,0.319900,0.214000,0.270500,68575015385,87286015385,18711000000,0.094000,0.120000,1.901000,1.556000,137.420000
AMZN,2026-07-06,43.590000,34.360000,1.870000,3.490000,7.550000,19.320000,4.070000,0.016640,0.023420,684878276923,0.119400,112320037415,0.140100,5.688000,0.173200,39722940062,0.126100,0.502600,0.109600,0.094600,0.216300,0.090300,0.144300,123278089846,234572089846,111294000000,0.558600,0.991000,1.095000,0.903000,25.700000
TSLA,2026-07-06,117.460000,92.420000,67.230000,13.250000,18.030000,71.150000,13.670000,0.002860,0.008450,98283193846,0.009700,13268231169,0.012200,2.057000,0.013700,3636478172,0.011900,0.180600,0.076800,0.074900,0.107300,0.064100,0.084400,17690974892,38588974892,20898000000,0.185400,1.575000,2.116000,1.767000,74.550000
JPM,2026-07-06,12.850000,13.370000,0.900000,3.840000,2.240000,10.850000,4.170000,0.053810,0.078130,190562067692,0.118600,76605951212,0.144600,21.630000,0.154700,35063420455,0.127800,0.611800,0.415600,0.334100,0.175700,0.014100,0.109300,34301172185,115322772185,81021600000,1.318600,1.058000,1.104000,0.927000,9.190000
V,2026-07-06,29.910000,26.710000,2.120000,16.210000,15.840000,22.430000,19.050000,0.030860,0.032890,37989415385,0.089800,26668569600,0.104800,10.487000,0.126500,19450580677,0.088000,0.794000,0.642000,0.533800,0.493000,0.194700,0.410800,6838094769,34928894769,28090800000,0.497500,1.053000,1.250000,1.043000,22.020000
NFLX,2026-07-06,45,32.740000,1.330000,9.510000,16.380000,30.710000,11.080000,0.017800,0.022620,43132800000,0.172200,12249715200,0.200200,23.010000,0.260600,7505107200,0.202100,0.467800,0.273900,0.226100,0.368100,0.145600,0.247900,7763904000,32776704000,25012800000,0.771700,2.042000,1.270000,1.038000,18.470000
AAPL,2026-07-13,33.410000,29.500000,3.330000,8.570000,48.530000,23.340000,9.950000,0.032530,0.029590,406582853846,0.062800,137018421746,0.080100,7.369000,0.090300,107337873415,0.086100,0.473300,0.323800,0.244300,1.629700,0.262300,0.597300,73184913692,682430913692,609246000000,1.952000,4.446000,0.895000,0.742000,6.850000
MSFT,2026-07-13,34.930000,28.600000,1.200000,11.950000,10.890000,21.640000,12.880000,0.021990,0.028250,280097034615,0.161900,149851913519,0.196600,14.348000,0.246100,70864549758,0.182800,0.704300,0.460200,0.372200,0.361900,0.188800,0.290000,50417466231,144863466231,94446000000,0.341800,0.630000,1.387000,1.148000,39.660000
NVDA,2026-07-13,51.210000,35.140000,0.270000,25.130000,47.470000,43.800000,25.600000,0.026550,0.018450,199619325000,0.834600,126558652050,0.994000,5.247000,1.236700,92224128150,0.990600,0.769500,0.638900,0.568100,0.942000,0.670400,0.819600,35931478500,75009478500,39078000000,0.134100,0.309000,4.372000,3.512000,100.650000
META,2026-07-13,26.790000,22.720000,0.700000,8.350000,8.820000,17.180000,9.890000,0.042330,0.036630,189575494231,0.240200,100664587437,0.297000,26.707000,0.333700,61422460131,0.270400,0.830700,0.428500,0.386000,0.385200,0.241500,0.314400,34123588962,71059588962,36936000000,0.281400,0.367000,3.141000,2.562000,48.460000
GOOGL,2026-07-13,24.760000,19.690000,1.060000,6.650000,7.760000,18.390000,6.450000,0.034570,0.040650,383228461538,0.149600,156357212308,0.184100,9.064000,0.200700,79328291538,0.154600,0.590600,0.330300,0.294800,0.311200,0.219000,0.267900,68981123077,87692123077,18711000000,0.092200,0.120000,1.892000,1.574000,135.220000
AMZN,2026-07-13,40.170000,32.350000,1.760000,3.770000,8.230000,18.740000,3.950000,0.017910,0.023420,686464688462,0.119700,112580208908,0.152200,5.739000,0.183600,39814951931,0.145600,0.501700,0.111700,0.094500,0.216100,0.091500,0.146000,123563643923,234857643923,111294000000,0.562400,0.989000,1.122000,0.918000,24.780000
TSLA,2026-07-13,119.550000,92.060000,60.200000,13.070000,17.380000,72.290000,14.140000,0.002810,0.008450,98307618846,0.009800,13271528544,0.011400,2.060000,0.015300,3637381897,0.011500,0.181000,0.074600,0.074600,0.106200,0.063700,0.082600,17695371392,38593371392,20898000000,0.188100,1.575000,2.106000,1.756000,73.810000
JPM,2026-07-13,13.110000,14.030000,0.800000,4.100000,2.210000,11.220000,4.140000,0.055850,0.078130,191417963077,0.122600,76950021157,0.137800,21.936000,0.174400,35220905206,0.135000,0.610400,0.414300,0.326300,0.174200,0.014100,0.111700,34455233354,115476833354,81021600000,1.357200,1.053000,1.137000,0.929000,9.800000
V,2026-07-13,29.490000,28.250000,2.290000,16.720000,16.310000,21.560000,18.170000,0.030690,0.032890,38083569231,0.091200,26734665600,0.109300,10.452000,0.116900,19498787446,0.095300,0.790600,0.639400,0.532900,0.500300,0.197000,0.400900,6855042462,34945842462,28090800000,0.492000,1.051000,1.225000,1.004000,21.130000
NFLX,2026-07-13,42.100000,34.980000,1.360000,9.280000,16.620000,27.630000,10.570000,0.020070,0.022620,43187700000,0.169200,12265306800,0.207700,23.023000,0.253700,7514659800,0.210200,0.471900,0.275100,0.231400,0.373400,0.147800,0.249400,7773786000,32786586000,25012800000,0.757900,2.039000,1.257000,1.042000,17.950000
AAPL,2026-07-20,33.530000,30.780000,3.190000,8.860000,50.140000,23.470000,9.860000,0.032570,0.029590,407566369231,0.064800,137349866431,0.080300,7.400000,0.094400,107597521477,0.086200,0.470000,0.322900,0.246000,1.603200,0.263400,0.611600,73361946462,682607946462,609246000000,1.955400,4.436000,0.910000,0.731000,6.740000
MSFT,2026-07-20,35.960000,28.410000,1.290000,12.480000,11.440000,22.020000,13.510000,0.021460,0.028250,281867707692,0.167800,150799223615,0.199900,14.277000,0.230100,71312530046,0.208100,0.707100,0.452400,0.366800,0.366300,0.193100,0.286800,50736187385,145182187385,94446000000,0.333800,0.626000,1.394000,1.147000,38.740000
NVDA,2026-07-20,54.150000,33.880000,0.270000,26.200000,50.620000,44.960000,27.990000,0.028480,0.018450,202498857692,0.843800,128384275777,1.004500,5.312000,1.233700,93554472254,0.991400,0.769100,0.646400,0.581900,0.939000,0.680200,0.793800,36449794385,75527794385,39078000000,0.134500,0.304000,4.366000,3.543000,99.900000
META,2026-07-20,27.290000,23.950000,0.690000,8.900000,7.660000,16.980000,10.690000,0.042530,0.036630,188668213462,0.224700,100182821348,0.290200,26.925000,0.339000,61128501162,0.274800,0.829300,0.430500,0.387500,0.385100,0.242600,0.317000,33960278423,70896278423,36936000000,0.278700,0.369000,3.063000,2.564000,49.080000
GOOGL,2026-07-20,24.060000,21.540000,1.080000,6.880000,7.840000,17.460000,7.570000,0.034840,0.040650,382587692308,0.142400,156095778462,0.166100,9.072000,0.196300,79195652308,0.158900,0.588600,0.328600,0.285800,0.310800,0.214600,0.267400,68865784615,87576784615,18711000000,0.090000,0.120000,1.884000,1.548000,142.890000
AMZN,2026-07-20,41.520000,32.480000,1.860000,3.740000,8.260000,19.170000,3.870000,0.016810,0.023420,688350469231,0.120700,112889476954,0.145700,5.724000,0.173800,39924327215,0.146200,0.501600,0.111900,0.095900,0.217600,0.089500,0.147200,123903084462,235197084462,111294000000,0.561400,0.986000,1.082000,0.891000,24.310000
TSLA,2026-07-20,120.860000,90.970000,71.950000,13.420000,18.620000,76.820000,13.230000,0.002720,0.008450,98319643462,0.009700,13273151867,0.011100,2.057000,0.012800,3637826808,0.012100,0.178500,0.073800,0.075600,0.107400,0.064800,0.083800,17697535823,38595535823,20898000000,0.189100,1.574000,2.102000,1.705000,75.910000
JPM,2026-07-20,12.390000,14.390000,0.870000,3.860000,2.150000,10.870000,4.040000,0.053360,0.078130,191290910769,0.117900,76898946129,0.136300,21.810000,0.159500,35197527582,0.140900,0.615100,0.415300,0.326800,0.171700,0.014300,0.114200,34432363938,115453963938,81021600000,1.347000,1.054000,1.132000,0.908000,9.970000
V,2026-07-20,30.110000,27.940000,2.150000,15.930000,14.840000,22.750000,17.570000,0.031320,0.032890,38212615385,0.094000,26825256000,0.113000,10.521000,0.124400,19564859077,0.085600,0.785200,0.645300,0.524600,0.510800,0.199400,0.397300,6878270769,34969070769,28090800000,0.495700,1.047000,1.217000,1.014000,20.620000
NFLX,2026-07-20,45.180000,35.300000,1.410000,9.500000,16.130000,31.510000,10.440000,0.018860,0.022620,43210050000,0.165100,12271654200,0.205700,23.011000,0.245300,7518548700,0.203400,0.466700,0.276300,0.226800,0.371300,0.147000,0.249800,7777809000,32790609000,25012800000,0.744500,2.038000,1.271000,1.065000,18.610000
AAPL,2026-07-27,35.600000,29.690000,3.030000,9.400000,49.810000,23.720000,9.050000,0.032170,0.029590,407500951923,0.062700,137327820798,0.082400,7.436000,0.099400,107580251308,0.075200,0.465200,0.319600,0.251100,1.589000,0.266700,0.604400,73350171346,682596171346,609246000000,1.995800,4.436000,0.889000,0.744000,6.570000
MSFT,2026-07-27,34.570000,28.560000,1.200000,12.950000,11.440000,22.700000,11.970000,0.021630,0.028250,281114500000,0.158600,150396257500,0.197400,14.467000,0.246300,71121968500,0.178800,0.694300,0.454600,0.372800,0.365100,0.189700,0.291600,50600610000,145046610000,94446000000,0.338500,0.628000,1.393000,1.145000,39.200000
NVDA,2026-07-27,56.840000,35.360000,0.270000,27.350000,46.700000,44.620000,29.180000,0.027040,0.018450,202868524038,0.823900,128618644240,1.022500,5.413000,1.249700,93725258106,0.972100,0.764000,0.645600,0.563600,0.953100,0.682800,0.802900,36516334327,75594334327,39078000000,0.135700,0.304000,4.271000,3.562000,97.890000
META,2026-07-27,28.080000,22.810000,0.750000,8.750000,9,18.280000,10.110000,0.040260,0.036630,190032298077,0.230600,100907150279,0.273900,26.651000,0.310800,61570464577,0.269200,0.830100,0.429200,0.388300,0.386000,0.241300,0.309600,34205813654,71141813654,36936000000,0.270900,0.366000,3.044000,2.522000,48.890000
GOOGL,2026-07-27,22.760000,22.280000,0.970000,6.260000,6.770000,18.610000,7.080000,0.034520,0.040650,382768750000,0.139100,156169650000,0.169600,9.222000,0.218500,79233131250,0.148100,0.585500,0.326100,0.293300,0.311000,0.212600,0.267500,68898375000,87609375000,18711000000,0.092200,0.120000,1.867000,1.534000,139.100000
AMZN,2026-07-27,42.920000,31.020000,1.970000,3.650000,9.370000,19.220000,3.630000,0.018280,0.023420,689058403846,0.118900,113005578231,0.137700,5.708000,0.164100,39965387423,0.141900,0.498500,0.110900,0.093600,0.218500,0.091600,0.145100,124030512692,235324512692,111294000000,0.558500,0.985000,1.104000,0.894000,22.750000
TSLA,2026-07-27,119.320000,94.850000,65.790000,13.530000,16.850000,70.810000,14.240000,0.002970,0.008450,98331292308,0.009600,13274724462,0.011300,2.059000,0.014000,3638257815,0.011500,0.181800,0.074800,0.075700,0.108100,0.063300,0.083000,17699632615,38597632615,20898000000,0.186600,1.574000,2.090000,1.752000,73.940000
JPM,2026-07-27,13.140000,14.010000,0.760000,3.950000,1.920000,10.980000,4.130000,0.052320,0.078130,191597953846,0.117100,77022377446,0.144100,22.167000,0.181800,35254023508,0.148800,0.620100,0.427200,0.330200,0.173500,0.014400,0.113500,34487631692,115509231692,81021600000,1.328100,1.052000,1.165000,0.942000,9.400000
V,2026-07-27,31.240000,26.010000,2.470000,17.460000,16.010000,20.720000,20.880000,0.033660,0.032890,38318884615,0.095700,26899857000,0.104300,10.441000,0.108500,19619268923,0.092000,0.788900,0.641600,0.525700,0.487600,0.202900,0.415100,6897399231,34988199231,28090800000,0.498000,1.044000,1.242000,1.012000,20.540000
NFLX,2026-07-27,44.420000,34.950000,1.490000,9.890000,15.740000,31.080000,10.090000,0.017580,0.022620,43375875000,0.166700,12318748500,0.199900,22.927000,0.232000,7547402250,0.194300,0.466100,0.273600,0.225400,0.366600,0.148100,0.247700,7807657500,32820457500,25012800000,0.769500,2.030000,1.280000,1.045000,17.890000
AAPL,2026-08-03,33,30.560000,3.230000,8.810000,47.340000,21.100000,9.480000,0.026400,0.029590,408134823077,0.063300,137541435377,0.083600,7.420000,0.093300,107747593292,0.078500,0.467000,0.320800,0.251500,1.620700,0.265400,0.603800,73464268154,682710268154,609246000000,1.990500,4.430000,0.900000,0.738000,6.610000
MSFT,2026-08-03,36.090000,31.370000,1.240000,13.070000,11.330000,23.810000,15.170000,0.023260,0.028250,281906784615,0.158700,150820129769,0.194800,14.458000,0.238400,71322416508,0.190500,0.711100,0.469300,0.371800,0.365200,0.189000,0.279800,50743221231,145189221231,94446000000,0.348800,0.626000,1.416000,1.139000,40.950000
NVDA,2026-08-03,53.740000,33.290000,0.260000,24.110000,44.210000,41.930000,28.080000,0.026380,0.018450,203553900000,0.808600,129053172600,1.047400,5.553000,1.284000,94041901800,0.990800,0.772600,0.642800,0.568600,0.939000,0.672300,0.818100,36639702000,75717702000,39078000000,0.136600,0.303000,4.357000,3.605000,97.160000
META,2026-08-03,26.550000,25.180000,0.700000,8.580000,8.500000,16.470000,10.690000,0.040900,0.036630,191422323077,0.236400,101645253554,0.293200,27.165000,0.335900,62020832677,0.265500,0.825900,0.443200,0.388300,0.380300,0.241100,0.308900,34456018154,71392018154,36936000000,0.279400,0.363000,3.084000,2.555000,47.540000
GOOGL,2026-08-03,26.420000,22.460000,1.060000,6.340000,7.960000,17.270000,6.550000,0.031590,0.040650,384189615385,0.141100,156749363077,0.175300,9.153000,0.200000,79527250385,0.174700,0.587400,0.327100,0.285400,0.314100,0.210200,0.266700,69154130769,87865130769,18711000000,0.091000,0.119000,1.828000,1.558000,134.680000
AMZN,2026-08-03,44.150000,30.450000,2,3.440000,8.120000,19.660000,3.900000,0.018300,0.023420,689854676923,0.117400,113136167015,0.135800,5.716000,0.161800,40011571262,0.137800,0.495600,0.110500,0.094500,0.212600,0.091400,0.145100,124173841846,235467841846,111294000000,0.563000,0.984000,1.117000,0.885000,26.390000
TSLA,2026-08-03,120,84.390000,69.770000,13.340000,17.590000,78.390000,15.110000,0.002620,0.008450,98342565385,0.009500,13276246327,0.012000,2.059000,0.013200,3638674919,0.011700,0.179400,0.074500,0.074900,0.109400,0.065300,0.083900,17701661769,38599661769,20898000000,0.189300,1.574000,2.084000,1.756000,73.390000
JPM,2026-08-03,12.940000,14.940000,0.850000,4,2.100000,11.810000,4.450000,0.053880,0.078130,192563483077,0.121700,77410520197,0.137300,21.975000,0.162700,35431680886,0.140900,0.625600,0.419000,0.329500,0.173900,0.014100,0.111700,34661426954,115683026954,81021600000,1.390100,1.047000,1.147000,0.948000,10.060000
V,2026-08-03,29.650000,26.280000,2.210000,16.390000,14.300000,21.460000,18.840000,0.031000,0.032890,38235600000,0.089700,26841391200,0.107200,10.548000,0.121400,19576627200,0.100200,0.788400,0.642400,0.535000,0.490700,0.200600,0.407100,6882408000,34973208000,28090800000,0.521400,1.047000,1.237000,1.024000,22.390000
NFLX,2026-08-03,48.460000,36.660000,1.380000,9.730000,15.440000,28.420000,10.240000,0.020920,0.022620,43789800000,0.177400,12436303200,0.206000,23.281000,0.251400,7619425200,0.207700,0.468300,0.277100,0.228000,0.369200,0.147200,0.245800,7882164000,32894964000,25012800000,0.747300,2.011000,1.271000,1.023000,17.900000
AAPL,2026-08-10,32.250000,30.770000,3.290000,8.830000,57.900000,24.500000,9.290000,0.032510,0.029590,409055928846,0.064900,137851848021,0.080400,7.424000,0.091600,107990765215,0.084800,0.474500,0.320500,0.242800,1.587500,0.269000,0.603000,73630067192,682876067192,609246000000,1.941400,4.420000,0.904000,0.748000,6.940000
MSFT,2026-08-10,33.310000,28.410000,1.240000,11.510000,11.170000,25.670000,12.950000,0.022130,0.028250,283133800000,0.161200,151476583000,0.198400,14.516000,0.238500,71632851400,0.189600,0.712700,0.457100,0.373900,0.357600,0.196100,0.292200,50964084000,145410084000,94446000000,0.333400,0.624000,1.385000,1.144000,39.500000
NVDA,2026-08-10,54.310000,32.550000,0.280000,27.180000,42.340000,44.830000,28.670000,0.027860,0.018450,209325262500,0.848900,132712216425,0.999900,5.457000,1.203400,96708271275,0.968100,0.754100,0.636600,0.568600,0.934600,0.674700,0.806900,37678547250,76756547250,39078000000,0.136000,0.294000,4.324000,3.527000,99.470000
META,2026-08-10,25.700000,21.970000,0.690000,8.990000,8.530000,18.340000,10.860000,0.041490,0.036630,192626652885,0.240300,102284752682,0.276000,27.386000,0.340900,62411035535,0.261300,0.825300,0.436400,0.387000,0.385900,0.243500,0.314700,34672797519,71608797519,36936000000,0.279600,0.361000,3.099000,2.505000,46.860000
GOOGL,2026-08-10,24.620000,21.920000,1.020000,7.010000,7.340000,17.250000,6.810000,0.032990,0.040650,385637403846,0.143100,157340060769,0.181100,9.230000,0.208000,79826942596,0.155000,0.588900,0.324800,0.283300,0.313100,0.213100,0.268300,69414732692,88125732692,18711000000,0.091700,0.119000,1.853000,1.520000,131.920000
AMZN,2026-08-10,43.960000,30.710000,1.850000,3.580000,7.900000,18.710000,3.870000,0.016170,0.023420,692475384615,0.120000,113565963077,0.148000,5.781000,0.175200,40163572308,0.138500,0.496400,0.111900,0.095400,0.208600,0.090500,0.143100,124645569231,235939569231,111294000000,0.559700,0.980000,1.082000,0.882000,23.790000
TSLA,2026-08-10,119.910000,85.190000,65.790000,12.500000,17.120000,77.460000,13.810000,0.002890,0.008450,98381269615,0.009800,13281471398,0.011200,2.060000,0.014000,3640106976,0.012000,0.180200,0.074600,0.074900,0.107200,0.062800,0.085100,17708628531,38606628531,20898000000,0.188700,1.573000,2.086000,1.747000,72.790000
JPM,2026-08-10,13.040000,14.810000,0.810000,3.980000,2,11.580000,4.370000,0.053020,0.078130,192840129231,0.120600,77521731951,0.141900,22.152000,0.170900,35482583778,0.134200,0.620600,0.417500,0.334900,0.174100,0.014300,0.114000,34711223262,115732823262,81021600000,1.350400,1.045000,1.149000,0.926000,9.910000
V,2026-08-10,29.010000,26.540000,2.340000,16.780000,16.950000,20.610000,18.430000,0.035570,0.032890,38438584615,0.095200,26983886400,0.103200,10.523000,0.114600,19680555323,0.098500,0.789500,0.645500,0.516900,0.502200,0.202500,0.405000,6918945231,35009745231,28090800000,0.492400,1.041000,1.242000,1.004000,21.620000
NFLX,2026-08-10,41.310000,33.770000,1.390000,9.420000,16.620000,29.850000,10.200000,0.019420,0.022620,43548225000,0.163900,12367695900,0.202200,23.355000,0.249800,7577391150,0.191700,0.469500,0.272600,0.228500,0.370300,0.145500,0.249000,7838680500,32851480500,25012800000,0.761100,2.022000,1.240000,1.007000,17.790000
AAPL,2026-08-17,34.300000,29.810000,3.070000,8.990000,53.460000,24.160000,9.300000,0.027670,0.029590,409801084615,0.065800,138102965515,0.080300,7.469000,0.098000,108187486338,0.077400,0.468200,0.321800,0.246500,1.606000,0.268100,0.599600,73764195231,683010195231,609246000000,1.942600,4.412000,0.891000,0.741000,6.720000
MSFT,2026-08-17,37.450000,31.430000,1.410000,12.220000,10.880000,23.150000,13.700000,0.024320,0.028250,284106815385,0.162200,151997146231,0.195700,14.318000,0.210400,71879024292,0.200200,0.704500,0.459600,0.371700,0.366200,0.192000,0.290200,51139226769,145585226769,94446000000,0.350700,0.621000,1.385000,1.147000,40.620000
NVDA,2026-08-17,55.530000,32.710000,0.290000,27.420000,45.510000,47.190000,26.110000,0.027870,0.018450,211255407692,0.846800,133935928477,0.991700,5.421000,1.154700,97599998354,0.946600,0.763600,0.644800,0.570600,0.927600,0.675800,0.820300,38025973385,77103973385,39078000000,0.132500,0.292000,4.295000,3.519000,101.530000
META,2026-08-17,28.690000,23.290000,0.690000,9.110000,8.240000,16.500000,9.390000,0.037190,0.036630,192184717308,0.230300,102050084890,0.265900,27.500000,0.339000,62267848408,0.274100,0.825600,0.436200,0.388800,0.384400,0.242400,0.310300,34593249115,71529249115,36936000000,0.285200,0.362000,3.098000,2.592000,46.530000
GOOGL,2026-08-17,24.630000,20.830000,1.110000,6.280000,7.810000,16.740000,7.360000,0.035100,0.040650,385142692308,0.137400,157138218462,0.168200,9.161000,0.190800,79724537308,0.155500,0.585400,0.314300,0.295900,0.310600,0.207800,0.264600,69325684615,88036684615,18711000000,0.090900,0.119000,1.875000,1.481000,133.680000
AMZN,2026-08-17,43.850000,31.880000,2.020000,3.350000,8.400000,17.520000,3.640000,0.018460,0.023420,690497584615,0.112600,113241603877,0.142500,5.742000,0.160400,40048859908,0.150200,0.492600,0.111500,0.095800,0.214600,0.090800,0.141900,124289565231,235583565231,111294000000,0.560400,0.983000,1.089000,0.894000,24.600000
TSLA,2026-08-17,115.960000,89.490000,63.960000,13.130000,17.980000,71.030000,13.890000,0.002940,0.008450,98378263462,0.009500,13281065567,0.012100,2.061000,0.014400,3639995748,0.012000,0.180700,0.076100,0.075100,0.107900,0.064000,0.083100,17708087423,38606087423,20898000000,0.185100,1.574000,2.074000,1.728000,73.420000
JPM,2026-08-17,12.190000,14.600000,0.790000,3.640000,2.100000,11.390000,4.230000,0.046810,0.078130,193252024615,0.120600,77687313895,0.152700,22.287000,0.175800,35558372529,0.141500,0.621700,0.424900,0.341600,0.177100,0.014500,0.114700,34785364431,115806964431,81021600000,1.356300,1.043000,1.159000,0.933000,9.500000
V,2026-08-17,30.140000,26.760000,2.100000,17.780000,15.820000,21.540000,18.010000,0.031030,0.032890,38575523077,0.097900,27080017200,0.108000,10.638000,0.127700,19750667815,0.086400,0.779800,0.649000,0.533200,0.496900,0.203300,0.405800,6943594154,35034394154,28090800000,0.483500,1.037000,1.254000,1.022000,22.410000
NFLX,2026-08-17,46.850000,35.580000,1.430000,10.230000,17.140000,29.410000,10.820000,0.018950,0.022620,43876350000,0.171100,12460883400,0.202100,23.331000,0.241600,7634484900,0.186400,0.467000,0.279500,0.226900,0.378300,0.147600,0.248700,7897743000,32910543000,25012800000,0.764700,2.007000,1.261000,1.034000,17.960000
AAPL,2026-08-24,34.310000,32.290000,3.290000,8.760000,50.110000,23.090000,9.240000,0.029930,0.029590,410647750000,0.067000,138388291750,0.081600,7.448000,0.091400,108411006000,0.079500,0.470500,0.325900,0.243900,1.616000,0.265400,0.594200,73916595000,683162595000,609246000000,2.020800,4.402000,0.905000,0.736000,6.970000
MSFT,2026-08-24,33.720000,27.220000,1.360000,12.430000,10.380000,22,12.750000,0.022790,0.028250,286137350000,0.168700,153083482250,0.192900,14.443000,0.218400,72392749550,0.192100,0.697000,0.462000,0.369300,0.364500,0.189600,0.290300,51504723000,145950723000,94446000000,0.333900,0.617000,1.382000,1.159000,39.760000
NVDA,2026-08-24,56.560000,32.720000,0.290000,25.780000,47.310000,43.410000,26.570000,0.027740,0.018450,209299162500,0.805100,132695669025,1.018800,5.514000,1.167300,96696213075,0.964100,0.767000,0.639500,0.577100,0.937600,0.674600,0.779300,37673849250,76751849250,39078000000,0.135200,0.294000,4.209000,3.587000,101.610000
META,2026-08-24,27.530000,23.480000,0.690000,8.550000,9.170000,15.980000,10.300000,0.039850,0.036630,193752212500,0.237100,102882424837,0.273800,27.630000,0.338200,62775716850,0.265700,0.830100,0.436100,0.388600,0.384300,0.244200,0.308300,34875398250,71811398250,36936000000,0.282900,0.359000,3.092000,2.554000,49.990000
GOOGL,2026-08-24,24.230000,21.420000,1.110000,6.600000,7.040000,18.440000,6.870000,0.036030,0.040650,387143750000,0.141500,157954650000,0.165100,9.194000,0.191400,80138756250,0.148100,0.579900,0.322900,0.283100,0.306100,0.210600,0.266000,69685875000,88396875000,18711000000,0.089900,0.118000,1.853000,1.573000,129.820000
AMZN,2026-08-24,42.910000,32.030000,1.990000,3.570000,8.280000,21.190000,4.290000,0.017080,0.023420,693745250000,0.116500,113774221000,0.145900,5.768000,0.162800,40237224500,0.144600,0.492600,0.110500,0.096000,0.216100,0.090100,0.145400,124874145000,236168145000,111294000000,0.557700,0.978000,1.101000,0.894000,23.010000
TSLA,2026-08-24,118.220000,87.660000,66.260000,12.870000,16.960000,72.110000,13.900000,0.002930,0.008450,98418095000,0.009800,13286442825,0.012100,2.061000,0.013900,3641469515,0.011500,0.179900,0.075100,0.074500,0.107400,0.063100,0.083500,17715257100,38613257100,20898000000,0.187800,1.573000,2.083000,1.719000,73.170000
JPM,2026-08-24,12.320000,14.340000,0.810000,3.820000,2.200000,10.470000,4.340000,0.055150,0.078130,194010240000,0.123200,77992116480,0.143600,22.290000,0.171500,35697884160,0.136400,0.624000,0.424500,0.335600,0.177400,0.014700,0.113000,34921843200,115943443200,81021600000,1.367200,1.039000,1.160000,0.956000,9.700000
V,2026-08-24,28.200000,26.060000,2.310000,16.590000,15.070000,21.750000,18.150000,0.035730,0.032890,38559600000,0.094800,27068839200,0.114400,10.578000,0.116200,19742515200,0.099000,0.789900,0.647800,0.525600,0.499000,0.200700,0.412400,6940728000,35031528000,28090800000,0.513500,1.038000,1.225000,1.024000,21.130000
NFLX,2026-08-24,44.600000,33.360000,1.450000,9.560000,16.040000,31.490000,10.480000,0.021500,0.022620,43697550000,0.160600,12410104200,0.207500,23.389000,0.239300,7603373700,0.196200,0.470300,0.270900,0.229700,0.371700,0.147100,0.246100,7865559000,32878359000,25012800000,0.733200,2.016000,1.244000,1.032000,18.020000
