ticker,date,open,high,low,close,adjusted_close,volume
AAPL,2024-10-28,242.390000,245.980000,240.040000,243.630000,243.630000,16703140
AAPL,2024-10-29,244.820000,245.520000,242.090000,242.780000,242.780000,29057046
AAPL,2024-10-30,241.320000,248.660000,239.810000,247.150000,247.150000,29731295
AAPL,2024-10-31,248.050000,249.400000,245.360000,246.700000,246.700000,19740522
AAPL,2024-11-01,245.630000,247.600000,244.670000,246.640000,246.640000,20708534
AAPL,2024-11-04,246.590000,248.870000,244.170000,246.450000,246.450000,24549254
AAPL,2024-11-05,246.090000,248.900000,245.380000,248.180000,248.180000,12399715
AAPL,2024-11-06,248.530000,254.310000,248.320000,254.100000,254.100000,31591543
AAPL,2024-11-07,254.430000,258.680000,251.430000,255.690000,255.690000,24556281
AAPL,2024-11-08,256.250000,259.760000,255.030000,258.550000,258.550000,35069022
AAPL,2024-11-11,259.300000,260.460000,257.160000,258.320000,258.320000,12585642
AAPL,2024-11-12,258.500000,263.210000,257.960000,262.670000,262.670000,12483371
AAPL,2024-11-13,261.820000,262.710000,256.500000,257.390000,257.390000,12833171
AAPL,2024-11-14,256.440000,256.840000,254.370000,254.770000,254.770000,14109838
AAPL,2024-11-15,256,256.800000,252.390000,253.190000,253.190000,27353822
AAPL,2024-11-18,254.900000,257.130000,249.540000,251.770000,251.770000,31708802
AAPL,2024-11-19,253.260000,254.100000,247.520000,248.360000,248.360000,30191620
AAPL,2024-11-20,249.400000,249.900000,246,246.500000,246.500000,25117260
AAPL,2024-11-21,247.240000,247.360000,243.600000,243.730000,243.730000,37225106
AAPL,2024-11-22,243.560000,245.210000,243.130000,244.790000,244.790000,39438531
AAPL,2024-11-25,243.390000,246.800000,243.390000,246.790000,246.790000,14455465
AAPL,2024-11-26,245.430000,246.140000,244.090000,244.800000,244.800000,36238115
AAPL,2024-11-27,245.050000,248.010000,244.990000,247.950000,247.950000,25755071
AAPL,2024-11-28,246.940000,254.040000,244.930000,252.030000,252.030000,17999123
AAPL,2024-11-29,250.730000,251.550000,250.130000,250.950000,250.950000,26709630
AAPL,2024-12-02,249.140000,251.720000,247.320000,249.900000,249.900000,29479243
AAPL,2024-12-03,249.470000,250.730000,249.470000,250.730000,250.730000,32831972
AAPL,2024-12-04,250.790000,253.340000,250.350000,252.900000,252.900000,25058157
AAPL,2024-12-05,252.680000,253.090000,248.530000,248.940000,248.940000,30841987
AAPL,2024-12-06,247.340000,254.080000,244.140000,250.880000,250.880000,14976326
AAPL,2024-12-09,252.750000,253.020000,244.440000,244.710000,244.710000,23257393
AAPL,2024-12-10,245.260000,247.470000,237.180000,239.390000,239.390000,29189938
AAPL,2024-12-11,240.410000,241.820000,239.360000,240.780000,240.780000,6068477
AAPL,2024-12-12,241.480000,247.480000,240.310000,246.310000,246.310000,22278534
AAPL,2024-12-13,246.760000,248.750000,237.490000,239.490000,239.490000,17938067
AAPL,2024-12-16,237.340000,249.160000,236.610000,248.430000,248.430000,16101927
AAPL,2024-12-17,249.160000,250.800000,248.600000,250.240000,250.240000,15471734
AAPL,2024-12-18,251.320000,261.010000,249.910000,259.600000,259.600000,20732508
AAPL,2024-12-19,258.850000,262.370000,254.440000,257.960000,257.960000,26686294
AAPL,2024-12-20,256.300000,260.190000,250.910000,254.800000,254.800000,21092818
AAPL,2024-12-23,255.960000,258.890000,251.840000,254.770000,254.770000,25529106
AAPL,2024-12-24,254.580000,256.570000,253.800000,255.790000,255.790000,27765203
AAPL,2024-12-25,257.380000,257.750000,256.770000,257.140000,257.140000,19640670
AAPL,2024-12-26,255.140000,256.530000,247.930000,249.310000,249.310000,32887330
AAPL,2024-12-27,250.650000,251.220000,248.740000,249.310000,249.310000,16128786
AAPL,2024-12-30,248.910000,252.130000,247.900000,251.110000,251.110000,33250271
AAPL,2024-12-31,251.210000,257.470000,251.090000,257.350000,257.350000,23190193
AAPL,2025-01-01,256.950000,258.820000,255.640000,257.510000,257.510000,27652730
AAPL,2025-01-02,258.490000,259.760000,253.280000,254.550000,254.550000,25612185
AAPL,2025-01-03,253.720000,258.960000,252.720000,257.970000,257.970000,18005376
AAPL,2025-01-06,259.260000,264.580000,256.870000,262.200000,262.200000,14697747
AAPL,2025-01-07,261.360000,263.320000,259.030000,260.980000,260.980000,32308474
AAPL,2025-01-08,261,262.860000,258.650000,260.510000,260.510000,27205380
AAPL,2025-01-09,260.520000,264.290000,257.400000,261.170000,261.170000,21214158
AAPL,2025-01-10,260.760000,260.810000,258.020000,258.070000,258.070000,38729359
AAPL,2025-01-13,257.330000,264.130000,256.120000,262.930000,262.930000,28862154
AAPL,2025-01-14,265.230000,272.270000,261.480000,268.520000,268.520000,23249202
AAPL,2025-01-15,269.830000,275.390000,269.500000,275.060000,275.060000,36063999
AAPL,2025-01-16,275.480000,278.130000,272.470000,275.120000,275.120000,8142906
AAPL,2025-01-17,273.210000,273.460000,271.860000,272.110000,272.110000,14238083
AAPL,2025-01-20,273.890000,277.720000,272.980000,276.820000,276.820000,16491828
AAPL,2025-01-21,275.900000,278.080000,273.990000,276.170000,276.170000,23469093
AAPL,2025-01-22,274.680000,278.250000,274.500000,278.070000,278.070000,26283445
AAPL,2025-01-23,277.280000,277.890000,273.790000,274.390000,274.390000,32129147
AAPL,2025-01-24,272.740000,275.570000,264.280000,267.110000,267.110000,18380284
AAPL,2025-01-27,267.870000,269.580000,267.370000,269.080000,269.080000,26056737
AAPL,2025-01-28,269.660000,269.880000,267.530000,267.750000,267.750000,22487615
AAPL,2025-01-29,268.310000,275.850000,267.960000,275.500000,275.500000,20854218
AAPL,2025-01-30,274.950000,275.070000,266.980000,267.100000,267.100000,15052255
AAPL,2025-01-31,267.110000,267.750000,263.900000,264.540000,264.540000,34973915
AAPL,2025-02-03,263.900000,270.170000,261.660000,267.930000,267.930000,25954222
AAPL,2025-02-04,266.190000,269.380000,263.860000,267.060000,267.060000,11119421
AAPL,2025-02-05,268.080000,269.500000,257.520000,258.940000,258.940000,17318813
AAPL,2025-02-06,258.280000,258.950000,251.600000,252.270000,252.270000,30079595
AAPL,2025-02-07,251.680000,251.930000,251.420000,251.670000,251.670000,25542880
AAPL,2025-02-10,249.630000,250.100000,249.240000,249.700000,249.700000,25729848
AAPL,2025-02-11,249.900000,250.230000,249.080000,249.410000,249.410000,30342225
AAPL,2025-02-12,247.700000,253.810000,246.480000,252.590000,252.590000,26141205
AAPL,2025-02-13,253.330000,253.700000,252.270000,252.640000,252.640000,15030013
AAPL,2025-02-14,251.420000,252.500000,250.360000,251.440000,251.440000,16349540
AAPL,2025-02-17,251.340000,253.020000,244.200000,245.880000,245.880000,24889755
AAPL,2025-02-18,246.270000,248.240000,243.900000,245.880000,245.880000,39668918
AAPL,2025-02-19,247.030000,250.310000,246.840000,250.120000,250.120000,23381483
AAPL,2025-02-20,251.290000,252.020000,247.750000,248.470000,248.470000,28363196
AAPL,2025-02-21,249.860000,252.900000,243.050000,246.090000,246.090000,30674929
AAPL,2025-02-24,245.530000,246.010000,241.600000,242.070000,242.070000,22438391
AAPL,2025-02-25,241.830000,242.510000,239.840000,240.520000,240.520000,20492780
AAPL,2025-02-26,239.960000,242.140000,239.260000,241.440000,241.440000,25023710
AAPL,2025-02-27,242.330000,242.480000,238.470000,238.620000,238.620000,20319959
AAPL,2025-02-28,237.490000,239.370000,237.310000,239.190000,239.190000,38061310
AAPL,2025-03-03,239.210000,239.370000,235.260000,235.430000,235.430000,36340280
AAPL,2025-03-04,235.360000,236.300000,234.040000,234.990000,234.990000,23868223
AAPL,2025-03-05,233.170000,236.160000,231.220000,234.210000,234.210000,25850612
AAPL,2025-03-06,235.300000,236.020000,229.250000,229.970000,229.970000,18443319
AAPL,2025-03-07,229.480000,237.230000,227.830000,235.580000,235.580000,24365653
AAPL,2025-03-10,237.520000,239.310000,230.410000,232.200000,232.200000,24933723
AAPL,2025-03-11,233.230000,234.340000,229.410000,230.520000,230.520000,17170812
AAPL,2025-03-12,230.530000,230.570000,229.100000,229.140000,229.140000,26806877
AAPL,2025-03-13,231.360000,235.850000,227.390000,231.890000,231.890000,18046209
AAPL,2025-03-14,230.380000,231.860000,223.320000,224.800000,224.800000,29845344
AAPL,2025-03-17,226.080000,226.350000,221.500000,221.770000,221.770000,25647973
AAPL,2025-03-18,222.490000,229.080000,222.240000,228.820000,228.820000,23926324
AAPL,2025-03-19,229.080000,231.820000,227.600000,230.350000,230.350000,34306774
AAPL,2025-03-20,229.900000,230.750000,223.920000,224.770000,224.770000,15484721
AAPL,2025-03-21,223.310000,228.450000,220.430000,225.570000,225.570000,11256406
AAPL,2025-03-24,227.910000,235.400000,227.270000,234.760000,234.760000,18559796
AAPL,2025-03-25,233.070000,242.580000,230.030000,239.550000,239.550000,26345941
AAPL,2025-03-26,239.110000,245.310000,237.100000,243.300000,243.300000,24625345
AAPL,2025-03-27,241.910000,250.830000,239.290000,248.210000,248.210000,20511194
AAPL,2025-03-28,248.100000,250.800000,244.520000,247.220000,247.220000,21783793
AAPL,2025-03-31,248.500000,251.430000,247.910000,250.840000,250.840000,25090732
AAPL,2025-04-01,251.050000,255.920000,250.700000,255.570000,255.570000,10734787
AAPL,2025-04-02,255.170000,262.810000,254.910000,262.560000,262.560000,24966197
AAPL,2025-04-03,262.520000,264.570000,260.970000,263.010000,263.010000,25603099
AAPL,2025-04-04,263.440000,264.370000,260.930000,261.850000,261.850000,34040367
AAPL,2025-04-07,261.400000,262.630000,260,261.240000,261.240000,21845137
AAPL,2025-04-08,261.600000,264.110000,260.100000,262.600000,262.600000,39164408
AAPL,2025-04-09,263.400000,266.120000,257.730000,260.450000,260.450000,25771679
AAPL,2025-04-10,259.210000,265.830000,257.420000,264.040000,264.040000,24247152
AAPL,2025-04-11,262.330000,262.380000,260.140000,260.190000,260.190000,20023436
AAPL,2025-04-14,259.580000,264.180000,258.810000,263.410000,263.410000,27065713
AAPL,2025-04-15,262.520000,264.220000,257.220000,258.920000,258.920000,19722821
AAPL,2025-04-16,260.790000,261.740000,256.130000,257.070000,257.070000,31015751
AAPL,2025-04-17,255.370000,256.450000,252.050000,253.120000,253.120000,27230194
AAPL,2025-04-18,251.600000,255.520000,250.990000,254.910000,254.910000,13694416
AAPL,2025-04-21,254.860000,255.230000,248.830000,249.200000,249.200000,20586967
AAPL,2025-04-22,249.050000,255.300000,247.210000,253.460000,253.460000,23836349
AAPL,2025-04-23,252.530000,257.440000,252.140000,257.050000,257.050000,19821403
AAPL,2025-04-24,258.850000,259.300000,254.850000,255.300000,255.300000,6820340
AAPL,2025-04-25,255.030000,258.470000,253.550000,257,257,24652433
AAPL,2025-04-28,256.470000,269.570000,255.200000,268.300000,268.300000,33041939
AAPL,2025-04-29,268.220000,269.820000,257.390000,258.990000,258.990000,20957925
AAPL,2025-04-30,258.870000,259.150000,258.260000,258.540000,258.540000,18921067
AAPL,2025-05-01,260.980000,261.750000,251.380000,252.150000,252.150000,33003985
AAPL,2025-05-02,251.900000,252,250.780000,250.880000,250.880000,31171630
AAPL,2025-05-05,252.030000,253.840000,244.920000,246.730000,246.730000,22701702
AAPL,2025-05-06,247.070000,247.900000,243.560000,244.390000,244.390000,37570920
AAPL,2025-05-07,242.490000,248.390000,242.330000,248.230000,248.230000,26145799
AAPL,2025-05-08,248.110000,248.660000,244.390000,244.940000,244.940000,35064819
AAPL,2025-05-09,243.600000,247.440000,243.430000,247.270000,247.270000,26562920
AAPL,2025-05-12,246.520000,250.900000,245.020000,249.400000,249.400000,27765113
AAPL,2025-05-13,249.190000,250.820000,243.070000,244.690000,244.690000,17299852
AAPL,2025-05-14,245.310000,248.530000,245.110000,248.330000,248.330000,23914987
AAPL,2025-05-15,248.450000,252.620000,242.650000,246.810000,246.810000,21884393
AAPL,2025-05-16,246.450000,253.010000,245.120000,251.670000,251.670000,10071915
AAPL,2025-05-19,252.550000,258.510000,252.180000,258.140000,258.140000,29795598
AAPL,2025-05-20,257.640000,259.630000,257.310000,259.300000,259.300000,32939848
AAPL,2025-05-21,259.710000,262.160000,258.950000,261.400000,261.400000,26542777
AAPL,2025-05-22,260.790000,263.130000,259.580000,261.920000,261.920000,29733045
AAPL,2025-05-23,260.900000,263.420000,260.890000,263.400000,263.400000,15887624
AAPL,2025-05-26,263.240000,264.120000,262.720000,263.600000,263.600000,25372280
AAPL,2025-05-27,261.430000,269.170000,260.040000,267.780000,267.780000,14591048
AAPL,2025-05-28,267.190000,269.190000,263.020000,265.030000,265.030000,27567256
AAPL,2025-05-29,264.870000,268.560000,263.650000,267.340000,267.340000,11243536
AAPL,2025-05-30,265.840000,268.340000,265.750000,268.250000,268.250000,31297162
AAPL,2025-06-02,270.920000,271.830000,266,266.920000,266.920000,21112739
AAPL,2025-06-03,267.820000,274.310000,267.790000,274.280000,274.280000,35299472
AAPL,2025-06-04,273.280000,281.060000,271.540000,279.320000,279.320000,22121679
AAPL,2025-06-05,280.340000,281.740000,268.700000,270.100000,270.100000,13629861
AAPL,2025-06-06,270.050000,274.220000,268.490000,272.660000,272.660000,19907007
AAPL,2025-06-09,273.440000,275.950000,272.730000,275.240000,275.240000,23966119
AAPL,2025-06-10,273.830000,274.020000,266.020000,266.210000,266.210000,22791643
AAPL,2025-06-11,268.580000,269.100000,268.270000,268.780000,268.780000,14761244
AAPL,2025-06-12,271.780000,273.470000,257.940000,259.630000,259.630000,22421079
AAPL,2025-06-13,260.400000,260.700000,247.860000,248.160000,248.160000,28075646
AAPL,2025-06-16,247.510000,247.720000,246.390000,246.590000,246.590000,10121272
AAPL,2025-06-17,246.380000,248.280000,234.990000,236.880000,236.880000,27181088
AAPL,2025-06-18,236.470000,246.120000,232.440000,242.090000,242.090000,27076214
AAPL,2025-06-19,242.500000,249.840000,240.300000,247.640000,247.640000,35107752
AAPL,2025-06-20,247.470000,249.760000,247.200000,249.490000,249.490000,22019744
AAPL,2025-06-23,248.020000,250.280000,246.960000,249.210000,249.210000,17600079
AAPL,2025-06-24,250.670000,252.660000,245.740000,247.720000,247.720000,30756336
AAPL,2025-06-25,248.760000,250.800000,239.670000,241.710000,241.710000,35309944
AAPL,2025-06-26,242.300000,251.740000,241.080000,250.520000,250.520000,36089575
AAPL,2025-06-27,249.720000,255.100000,249,254.380000,254.380000,10440234
AAPL,2025-06-30,253.010000,264.490000,251.310000,262.790000,262.790000,18396284
AAPL,2025-07-01,262.010000,263.790000,260.300000,262.080000,262.080000,22397756
AAPL,2025-07-02,259.390000,260.490000,257.080000,258.180000,258.180000,20513444
AAPL,2025-07-03,258.020000,259.640000,255.360000,256.980000,256.980000,30679617
AAPL,2025-07-04,254.680000,261.200000,254.570000,261.090000,261.090000,31507415
AAPL,2025-07-07,260.750000,261.140000,258.840000,259.230000,259.230000,23496539
AAPL,2025-07-08,259.700000,261.350000,258.740000,260.390000,260.390000,32086080
AAPL,2025-07-09,260.410000,260.580000,259.110000,259.280000,259.280000,24536936
AAPL,2025-07-10,258.320000,262.410000,256.810000,260.890000,260.890000,19123500
AAPL,2025-07-11,261.720000,266.360000,259.250000,263.880000,263.880000,16615408
AAPL,2025-07-14,266.050000,267.410000,260.980000,262.340000,262.340000,21971654
AAPL,2025-07-15,262.250000,265.690000,259.910000,263.350000,263.350000,7000602
AAPL,2025-07-16,264.360000,266.560000,263.910000,266.110000,266.110000,29914768
AAPL,2025-07-17,265.890000,268.770000,264.120000,267,267,27690011
AAPL,2025-07-18,267.620000,270.740000,265.220000,268.340000,268.340000,26453169
AAPL,2025-07-21,268.640000,274.500000,266.870000,272.730000,272.730000,15895969
AAPL,2025-07-22,272.080000,274.660000,269.220000,271.790000,271.790000,19075311
AAPL,2025-07-23,272.810000,275.470000,270.750000,273.410000,273.410000,36520093
AAPL,2025-07-24,273.130000,274.040000,272.380000,273.300000,273.300000,25216661
AAPL,2025-07-25,275.180000,276.520000,274.140000,275.480000,275.480000,9645713
AAPL,2025-07-28,273.530000,278.870000,273.050000,278.400000,278.400000,31750138
AAPL,2025-07-29,276.910000,279.120000,274.360000,276.570000,276.570000,10230604
AAPL,2025-07-30,277.800000,278.360000,267.690000,268.250000,268.250000,37289719
AAPL,2025-07-31,270.250000,276.780000,267.030000,273.560000,273.560000,14146208
AAPL,2025-08-01,270.920000,271.900000,263.970000,264.950000,264.950000,25891077
AAPL,2025-08-04,262.820000,264.290000,255.430000,256.900000,256.900000,30596097
AAPL,2025-08-05,255.210000,263.850000,254.720000,263.370000,263.370000,27392303
AAPL,2025-08-06,262.560000,264.750000,261.580000,263.770000,263.770000,21676459
AAPL,2025-08-07,264.720000,273.050000,263.160000,271.490000,271.490000,8924944
AAPL,2025-08-08,271.670000,275.900000,271.340000,275.570000,275.570000,14346440
AAPL,2025-08-11,274.760000,277.300000,273.040000,275.580000,275.580000,27148482
AAPL,2025-08-12,276.490000,279.410000,270.780000,273.700000,273.700000,23020399
AAPL,2025-08-13,272.960000,273.280000,270.230000,270.550000,270.550000,20851259
AAPL,2025-08-14,270.750000,280.980000,270.450000,280.680000,280.680000,14914585
AAPL,2025-08-15,279.890000,283.150000,277.850000,281.110000,281.110000,28286184
AAPL,2025-08-18,282.070000,287.130000,280.770000,285.820000,285.820000,21693267
AAPL,2025-08-19,287.530000,290.440000,285.580000,288.490000,288.490000,37602630
AAPL,2025-08-20,288.800000,290.770000,288.340000,290.300000,290.300000,16441328
AAPL,2025-08-21,290.770000,292.300000,288.740000,290.270000,290.270000,18837794
AAPL,2025-08-22,293.250000,295.960000,292.100000,294.800000,294.800000,23126359
AAPL,2025-08-25,293.300000,299.410000,291.080000,297.190000,297.190000,18316185
AAPL,2025-08-26,295.410000,302.930000,292.100000,299.620000,299.620000,27696793
AAPL,2025-08-27,299.990000,305.910000,297.160000,303.080000,303.080000,19423702
AAPL,2025-08-28,302.380000,304.180000,298.910000,300.710000,300.710000,24887524
AAPL,2025-08-29,301.260000,303.200000,296.070000,298.010000,298.010000,26895274
AAPL,2025-09-01,297.740000,306.800000,294.160000,303.220000,303.220000,26537575
AAPL,2025-09-02,301.180000,306.520000,299.550000,304.890000,304.890000,23514087
AAPL,2025-09-03,303.850000,305.310000,301.040000,302.500000,302.500000,17408347
AAPL,2025-09-04,302.620000,308.460000,297.900000,303.750000,303.750000,30646191
AAPL,2025-09-05,303.100000,306.050000,302.550000,305.490000,305.490000,22753164
AAPL,2025-09-08,306.630000,311.090000,306.360000,310.810000,310.810000,16118316
AAPL,2025-09-09,309.850000,312.440000,299.050000,301.640000,301.640000,37517654
AAPL,2025-09-10,302.930000,304.390000,297.420000,298.870000,298.870000,26501114
AAPL,2025-09-11,295.860000,302.770000,295.410000,302.320000,302.320000,13846319
AAPL,2025-09-12,302.820000,303.440000,298.840000,299.450000,299.450000,31789288
AAPL,2025-09-15,300.920000,311.040000,300.210000,310.330000,310.330000,24261718
AAPL,2025-09-16,307.770000,314.680000,307.520000,314.430000,314.430000,37706897
AAPL,2025-09-17,313.450000,314.090000,312.510000,313.150000,313.150000,29953207
AAPL,2025-09-18,316.630000,317.490000,316.070000,316.930000,316.930000,20323905
AAPL,2025-09-19,317.570000,321.930000,313.910000,318.270000,318.270000,25417516
AAPL,2025-09-22,317.940000,319.710000,316.680000,318.440000,318.440000,21698597
AAPL,2025-09-23,320.890000,325.690000,317.700000,322.500000,322.500000,35162288
AAPL,2025-09-24,319.360000,320.450000,312.840000,313.930000,313.930000,39572801
AAPL,2025-09-25,310.380000,320.010000,308.210000,317.840000,317.840000,33148842
AAPL,2025-09-26,318.380000,327.800000,312.750000,322.160000,322.160000,27461243
AAPL,2025-09-29,319.950000,325.480000,318.440000,323.980000,323.980000,32459941
AAPL,2025-09-30,321.270000,321.850000,316.250000,316.830000,316.830000,28801926
AAPL,2025-10-01,317.210000,320.500000,314.630000,317.930000,317.930000,32922514
AAPL,2025-10-02,317.700000,318.190000,316.540000,317.030000,317.030000,37644890
AAPL,2025-10-03,317.960000,318.410000,305.890000,306.340000,306.340000,28055962
AAPL,2025-10-06,307.230000,310.160000,296.840000,299.770000,299.770000,20638327
AAPL,2025-10-07,301.420000,307.850000,300.720000,307.150000,307.150000,36817321
AAPL,2025-10-08,307.810000,312.180000,307.600000,311.970000,311.970000,19346634
AAPL,2025-10-09,312.900000,315.930000,310.430000,313.470000,313.470000,21071188
AAPL,2025-10-10,313.240000,315.450000,298.680000,300.890000,300.890000,20743777
AAPL,2025-10-13,301.590000,304.560000,300.960000,303.930000,303.930000,23042390
AAPL,2025-10-14,302.180000,304.140000,300.020000,301.980000,301.980000,36483481
AAPL,2025-10-15,301.880000,304.780000,298.270000,301.170000,301.170000,19449171
AAPL,2025-10-16,300.710000,302.840000,293.610000,295.740000,295.740000,35935799
AAPL,2025-10-17,294.700000,294.710000,289.100000,289.110000,289.110000,25775966
AAPL,2025-10-20,286.630000,288.300000,285.010000,286.680000,286.680000,7177375
AAPL,2025-10-21,284.790000,286.250000,280.610000,282.070000,282.070000,25136816
AAPL,2025-10-22,282.810000,285.490000,282.260000,284.950000,284.950000,15267803
AAPL,2025-10-23,286.700000,294.970000,284.450000,292.720000,292.720000,17847248
AAPL,2025-10-24,291.800000,297.090000,284.990000,290.280000,290.280000,24438432
AAPL,2025-10-27,290.470000,294.240000,289.360000,293.130000,293.130000,19772732
AAPL,2025-10-28,293.780000,299.850000,288.400000,294.470000,294.470000,18020571
AAPL,2025-10-29,296.120000,298.460000,296.030000,298.370000,298.370000,19376642
AAPL,2025-10-30,297.340000,302.470000,295.270000,300.410000,300.410000,18989106
AAPL,2025-10-31,300.880000,305.130000,291.480000,295.730000,295.730000,8823311
AAPL,2025-11-03,296.020000,298.630000,288.390000,291,291,19780071
AAPL,2025-11-04,290.540000,291.420000,281.280000,282.170000,282.170000,21261977
AAPL,2025-11-05,283.210000,286.950000,275.060000,278.800000,278.800000,29381757
AAPL,2025-11-06,279.030000,280.470000,276.690000,278.130000,278.130000,26729378
AAPL,2025-11-07,277.530000,285.400000,277.170000,285.040000,285.040000,15693281
AAPL,2025-11-10,283.340000,285.440000,281.960000,284.050000,284.050000,35455517
AAPL,2025-11-11,284.300000,285.720000,279.890000,281.320000,281.320000,23949960
AAPL,2025-11-12,280.640000,283.280000,280.310000,282.950000,282.950000,21112722
AAPL,2025-11-13,284.900000,285.930000,280.500000,281.530000,281.530000,28094661
AAPL,2025-11-14,281.120000,286.250000,272.330000,277.460000,277.460000,27484740
AAPL,2025-11-17,279.310000,281.610000,274.080000,276.380000,276.380000,26664307
AAPL,2025-11-18,276.990000,278.280000,270.900000,272.190000,272.190000,25727316
AAPL,2025-11-19,271.410000,273.330000,260.760000,262.680000,262.680000,20888249
AAPL,2025-11-20,263.410000,265.430000,249.510000,251.530000,251.530000,28631184
AAPL,2025-11-21,251.310000,253.990000,249.980000,252.650000,252.650000,15274055
AAPL,2025-11-24,251.740000,256.610000,250.120000,254.990000,254.990000,24693390
AAPL,2025-11-25,254.610000,257.990000,253.530000,256.920000,256.920000,41176019
AAPL,2025-11-26,258.630000,258.760000,251.950000,252.090000,252.090000,21633400
AAPL,2025-11-27,252.960000,255.590000,251.510000,254.140000,254.140000,20558042
AAPL,2025-11-28,252.270000,255.680000,250.960000,254.370000,254.370000,29128963
AAPL,2025-12-01,254,256.670000,252.570000,255.240000,255.240000,19747136
AAPL,2025-12-02,254.330000,254.410000,248.080000,248.160000,248.160000,29705202
AAPL,2025-12-03,248.240000,253.150000,247.530000,252.440000,252.440000,24974685
AAPL,2025-12-04,251.710000,256.150000,243.280000,247.720000,247.720000,22663115
AAPL,2025-12-05,249.530000,254.280000,245.140000,249.880000,249.880000,14662296
AAPL,2025-12-08,248.090000,253.590000,246.940000,252.430000,252.430000,30333369
AAPL,2025-12-09,252.750000,253.510000,248.070000,248.830000,248.830000,21889551
AAPL,2025-12-10,248.980000,250.080000,243.620000,244.720000,244.720000,21855643
AAPL,2025-12-11,245.590000,247.620000,244.420000,246.440000,246.440000,23832057
AAPL,2025-12-12,246.090000,248.460000,236.670000,239.050000,239.050000,20770799
AAPL,2025-12-15,237.820000,244.970000,236.200000,243.340000,243.340000,20157356
AAPL,2025-12-16,245.710000,247.940000,240.480000,242.720000,242.720000,18420832
AAPL,2025-12-17,242.180000,251.350000,240.490000,249.660000,249.660000,30753123
AAPL,2025-12-18,250.330000,250.710000,243.110000,243.490000,243.490000,21052875
AAPL,2025-12-19,243.060000,248.330000,241.500000,246.760000,246.760000,30112644
AAPL,2025-12-22,246.270000,252.920000,244.460000,251.110000,251.110000,16740773
AAPL,2025-12-23,250.430000,253.270000,246.070000,248.910000,248.910000,24968514
AAPL,2025-12-24,247.900000,255.280000,246.010000,253.400000,253.400000,26521495
AAPL,2025-12-25,254.590000,255.570000,252.310000,253.290000,253.290000,19029544
AAPL,2025-12-26,251.850000,252.670000,249.670000,250.490000,250.490000,20106181
AAPL,2025-12-29,250.640000,253.820000,249.900000,253.090000,253.090000,22105911
AAPL,2025-12-30,251.670000,256.990000,249.610000,254.930000,254.930000,19406578
AAPL,2025-12-31,255.570000,256.720000,249.170000,250.330000,250.330000,23126832
AAPL,2026-01-02,249.750000,250.800000,241.580000,242.630000,242.630000,34147403
AAPL,2026-01-05,242.470000,243.120000,240.780000,241.430000,241.430000,23172065
AAPL,2026-01-06,240.490000,240.620000,235.310000,235.430000,235.430000,20115826
AAPL,2026-01-07,235.090000,236.190000,232.910000,234.010000,234.010000,37009696
AAPL,2026-01-08,233.130000,234.270000,222.720000,223.860000,223.860000,22754462
AAPL,2026-01-09,223.650000,224.130000,223.360000,223.840000,223.840000,28279407
AAPL,2026-01-12,223.400000,225.060000,222.770000,224.440000,224.440000,32835820
AAPL,2026-01-13,221.870000,228.260000,220.230000,226.620000,226.620000,27966838
AAPL,2026-01-14,226.880000,228.320000,220.390000,221.830000,221.830000,18248053
AAPL,2026-01-15,221.940000,222.280000,219.500000,219.840000,219.840000,28322325
AAPL,2026-01-16,220,223.560000,217.690000,221.240000,221.240000,15887389
AAPL,2026-01-20,223.230000,224.180000,222.950000,223.900000,223.900000,29583326
AAPL,2026-01-21,222.980000,224.920000,219.030000,220.960000,220.960000,17080241
AAPL,2026-01-22,221.250000,223.130000,220.770000,222.660000,222.660000,16258571
AAPL,2026-01-23,221.050000,224.330000,220.130000,223.410000,223.410000,31686092
AAPL,2026-01-26,223.420000,223.870000,221.850000,222.300000,222.300000,25195269
AAPL,2026-01-27,222.800000,222.880000,220.910000,220.990000,220.990000,31834732
AAPL,2026-01-28,220.380000,221.050000,219.940000,220.610000,220.610000,31712779
AAPL,2026-01-29,220.940000,224.180000,219.400000,222.640000,222.640000,20384471
AAPL,2026-01-30,222.500000,223.140000,221.520000,222.160000,222.160000,22505463
AAPL,2026-02-02,221.880000,222.810000,219.720000,220.650000,220.650000,18747047
AAPL,2026-02-03,221.230000,222.690000,218.710000,220.160000,220.160000,28247327
AAPL,2026-02-04,220.710000,220.970000,218.640000,218.900000,218.900000,22005063
AAPL,2026-02-05,218.570000,219.480000,217.990000,218.900000,218.900000,19267683
AAPL,2026-02-06,220.250000,222.600000,219.310000,221.660000,221.660000,24258413
AAPL,2026-02-09,219.450000,221.370000,218.470000,220.380000,220.380000,21786990
AAPL,2026-02-10,219.120000,222.840000,218.650000,222.360000,222.360000,27529793
AAPL,2026-02-11,223.320000,224.520000,214.880000,216.070000,216.070000,32315486
AAPL,2026-02-12,217.450000,218.080000,212.190000,212.820000,212.820000,21820038
AAPL,2026-02-13,212.920000,219.280000,211.960000,218.320000,218.320000,23205904
AAPL,2026-02-17,218.150000,223.560000,217.600000,223,223,32089417
AAPL,2026-02-18,223.150000,225.750000,222.610000,225.210000,225.210000,15072445
AAPL,2026-02-19,226.580000,228.850000,221.670000,223.940000,223.940000,24538990
AAPL,2026-02-20,223.710000,230.340000,223.480000,230.110000,230.110000,20775638
AAPL,2026-02-23,229.730000,231.090000,227.040000,228.400000,228.400000,28309438
AAPL,2026-02-24,227.050000,233.410000,225.790000,232.150000,232.150000,26797584
AAPL,2026-02-25,232.830000,235.470000,225.800000,228.440000,228.440000,16828788
AAPL,2026-02-26,227.980000,239.370000,226.020000,237.400000,237.400000,16872411
AAPL,2026-02-27,237.440000,241.090000,231.840000,235.490000,235.490000,25008930
AAPL,2026-03-02,235.520000,236.830000,232.750000,234.060000,234.060000,28407341
AAPL,2026-03-03,232.460000,238.290000,227.970000,233.790000,233.790000,22743213
AAPL,2026-03-04,234.100000,237.730000,233.110000,236.740000,236.740000,24131672
AAPL,2026-03-05,237.980000,239.310000,237.840000,239.170000,239.170000,14217406
AAPL,2026-03-06,240.430000,242.190000,235.420000,237.170000,237.170000,12734444
AAPL,2026-03-09,238.160000,239.260000,234.090000,235.190000,235.190000,9271768
AAPL,2026-03-10,236.680000,241.370000,236.140000,240.840000,240.840000,20325712
AAPL,2026-03-11,243.790000,245.090000,236.540000,237.840000,237.840000,27233602
AAPL,2026-03-12,238.410000,243.970000,237.510000,243.070000,243.070000,12658115
AAPL,2026-03-13,243.740000,246.050000,242.550000,244.860000,244.860000,29314587
AAPL,2026-03-16,245.440000,246.710000,243.890000,245.160000,245.160000,15646404
AAPL,2026-03-17,245.500000,245.730000,243.820000,244.050000,244.050000,31794635
AAPL,2026-03-18,242.740000,251.340000,241.720000,250.320000,250.320000,43891987
AAPL,2026-03-19,250.190000,252.630000,250,252.440000,252.440000,32106854
AAPL,2026-03-20,252.340000,253.540000,250.260000,251.460000,251.460000,26734997
AAPL,2026-03-23,251.540000,254.510000,249.730000,252.700000,252.700000,13074370
AAPL,2026-03-24,252.910000,254.560000,246.380000,248.030000,248.030000,27286772
AAPL,2026-03-25,246.340000,250.590000,244.060000,248.300000,248.300000,21845827
AAPL,2026-03-26,247.770000,250.320000,239.150000,241.700000,241.700000,16858614
AAPL,2026-03-27,240.930000,241.300000,238.040000,238.410000,238.410000,16907546
AAPL,2026-03-30,238.040000,241.010000,236.840000,239.810000,239.810000,24394054
AAPL,2026-03-31,237.990000,238.020000,237.080000,237.110000,237.110000,33408179
AAPL,2026-04-01,236.540000,243.590000,235.220000,242.270000,242.270000,12390546
AAPL,2026-04-02,243.090000,244.540000,236.200000,237.660000,237.660000,24892247
AAPL,2026-04-06,236.880000,240.460000,234.480000,238.060000,238.060000,20270604
AAPL,2026-04-07,237.810000,237.820000,235.670000,235.680000,235.680000,29383243
AAPL,2026-04-08,237.800000,238.180000,236.200000,236.580000,236.580000,9550453
AAPL,2026-04-09,236.980000,240.250000,229.690000,232.960000,232.960000,34217567
AAPL,2026-04-10,232.320000,237.470000,229.890000,235.040000,235.040000,16821435
AAPL,2026-04-13,234.590000,235.750000,225.660000,226.820000,226.820000,27490829
AAPL,2026-04-14,224.320000,225.630000,220.970000,222.270000,222.270000,29226665
AAPL,2026-04-15,221.600000,223.280000,214.930000,216.600000,216.600000,29404926
AAPL,2026-04-16,217.740000,226.070000,215.240000,223.570000,223.570000,41157143
AAPL,2026-04-17,225.590000,225.960000,223.040000,223.410000,223.410000,29273249
AAPL,2026-04-20,222.460000,222.720000,219.630000,219.890000,219.890000,25612873
AAPL,2026-04-21,219.200000,220.630000,218.010000,219.440000,219.440000,27508734
AAPL,2026-04-22,219.480000,219.740000,216.910000,217.170000,217.170000,37419631
AAPL,2026-04-23,215.310000,221.820000,215.040000,221.550000,221.550000,19075032
AAPL,2026-04-24,223.880000,224.240000,220.640000,221,221,17913504
AAPL,2026-04-27,219.880000,229.540000,216.250000,225.910000,225.910000,21167769
AAPL,2026-04-28,225.440000,226.140000,218.670000,219.370000,219.370000,15087106
AAPL,2026-04-29,218.820000,225.180000,218.500000,224.860000,224.860000,14024235
AAPL,2026-04-30,224.400000,231.730000,222.590000,229.920000,229.920000,22241775
AAPL,2026-05-01,229.580000,230.620000,226.690000,227.740000,227.740000,28063657
AAPL,2026-05-04,228.300000,229.710000,223.990000,225.400000,225.400000,13371582
AAPL,2026-05-05,224.110000,224.910000,223.190000,223.990000,223.990000,23139933
AAPL,2026-05-06,225.370000,227.900000,221.580000,224.110000,224.110000,19414038
AAPL,2026-05-07,222.680000,232.230000,220.090000,229.640000,229.640000,24283649
AAPL,2026-05-08,230.380000,231.440000,228.810000,229.870000,229.870000,14981394
AAPL,2026-05-11,230.350000,234.790000,227.930000,232.370000,232.370000,13016110
AAPL,2026-05-12,232.350000,235.200000,225.470000,228.320000,228.320000,33590976
AAPL,2026-05-13,226.850000,229.590000,222.990000,225.720000,225.720000,37108769
AAPL,2026-05-14,225.500000,225.560000,223.040000,223.100000,223.100000,17841184
AAPL,2026-05-15,220.120000,223.680000,218.130000,221.690000,221.690000,30531694
AAPL,2026-05-18,222.770000,223.380000,218.680000,219.290000,219.290000,27299560
AAPL,2026-05-19,219.690000,225.570000,217.060000,222.940000,222.940000,32387640
AAPL,2026-05-20,223.400000,227.230000,222.300000,226.130000,226.130000,14302394
AAPL,2026-05-21,225.700000,226.610000,223.580000,224.490000,224.490000,36109709
AAPL,2026-05-22,225.220000,225.710000,220.430000,220.920000,220.920000,31602652
AAPL,2026-05-26,220.500000,222.380000,215.490000,217.380000,217.380000,30634854
AAPL,2026-05-27,216.980000,223.600000,215.540000,222.160000,222.160000,19785066
AAPL,2026-05-28,223.280000,223.980000,216.650000,217.350000,217.350000,22136906
AAPL,2026-05-29,216.220000,221.280000,212.870000,217.930000,217.930000,23839157
AAPL,2026-06-01,216.870000,223.370000,213.240000,219.740000,219.740000,18660531
AAPL,2026-06-02,217.720000,218.880000,217.180000,218.340000,218.340000,12840793
AAPL,2026-06-03,217.280000,220.870000,216.480000,220.080000,220.080000,21232451
AAPL,2026-06-04,219.130000,226.540000,217.970000,225.380000,225.380000,15990041
AAPL,2026-06-05,223.500000,227.030000,221.750000,225.280000,225.280000,20160964
AAPL,2026-06-08,225.800000,225.940000,225.200000,225.340000,225.340000,13622299
AAPL,2026-06-09,227.240000,227.910000,224.480000,225.150000,225.150000,22719994
AAPL,2026-06-10,224.800000,228.960000,223.500000,227.650000,227.650000,30598535
AAPL,2026-06-11,229.190000,229.670000,228.190000,228.670000,228.670000,15665430
AAPL,2026-06-12,227.820000,234.680000,227.350000,234.210000,234.210000,22071811
AAPL,2026-06-15,233.240000,234.370000,233.020000,234.150000,234.150000,37361005
AAPL,2026-06-16,234.360000,239.190000,232.130000,236.960000,236.960000,19055043
AAPL,2026-06-17,236.720000,242.160000,232.860000,238.300000,238.300000,25355467
AAPL,2026-06-18,236.790000,241.720000,236.650000,241.580000,241.580000,32653139
AAPL,2026-06-22,240.620000,245.780000,239.710000,244.870000,244.870000,19135866
AAPL,2026-06-23,245.250000,246.460000,239.660000,240.870000,240.870000,23939274
AAPL,2026-06-24,239.670000,241.030000,237.820000,239.180000,239.180000,35620839
AAPL,2026-06-25,239.840000,240.750000,235.730000,236.640000,236.640000,22778795
AAPL,2026-06-26,238,239.510000,233.870000,235.370000,235.370000,16852015
AAPL,2026-06-29,236.550000,238.670000,233.770000,235.880000,235.880000,30259928
AAPL,2026-06-30,235.870000,241.040000,235.080000,240.260000,240.260000,24320927
AAPL,2026-07-01,240.010000,240.520000,239.710000,240.210000,240.210000,18672619
AAPL,2026-07-02,240.310000,241.590000,239.230000,240.510000,240.510000,20598793
AAPL,2026-07-06,241.560000,245.090000,240.160000,243.680000,243.680000,33593410
AAPL,2026-07-07,242.840000,248.880000,242.640000,248.680000,248.680000,21486903
AAPL,2026-07-08,245.710000,249.700000,244.660000,248.650000,248.650000,35155494
AAPL,2026-07-09,248.360000,249.540000,246.850000,248.030000,248.030000,25322725
AAPL,2026-07-10,247.390000,253.220000,246.850000,252.680000,252.680000,35985288
AAPL,2026-07-13,252.630000,253.010000,251.910000,252.290000,252.290000,29737463
AAPL,2026-07-14,253.260000,254.430000,246.870000,248.040000,248.040000,23220128
AAPL,2026-07-15,246.570000,250.170000,245.650000,249.250000,249.250000,31068201
AAPL,2026-07-16,250.350000,253.770000,250.090000,253.510000,253.510000,22734817
AAPL,2026-07-17,253.860000,261,249.250000,256.390000,256.390000,24613752
AAPL,2026-07-20,256.010000,260.280000,255.970000,260.240000,260.240000,31718567
AAPL,2026-07-21,262.590000,262.740000,256.770000,256.920000,256.920000,25098577
AAPL,2026-07-22,257.200000,258.410000,248.660000,249.870000,249.870000,31296157
AAPL,2026-07-23,249.510000,250.780000,242.480000,243.760000,243.760000,28458479
AAPL,2026-07-24,244.050000,245.110000,243.560000,244.620000,244.620000,9686034
AAPL,2026-07-27,244.700000,245.300000,241.420000,242.010000,242.010000,28001702
AAPL,2026-07-28,239.690000,243.320000,239.270000,242.910000,242.910000,31828560
AAPL,2026-07-29,241.090000,241.320000,240.050000,240.280000,240.280000,8328042
AAPL,2026-07-30,239.320000,240.780000,237.840000,239.300000,239.300000,20323820
AAPL,2026-07-31,240.020000,244.320000,237.170000,241.460000,241.460000,22268508
AAPL,2026-08-03,241.620000,241.800000,241.080000,241.270000,241.270000,18471563
AAPL,2026-08-04,242.540000,244.160000,241.330000,242.950000,242.950000,20675863
AAPL,2026-08-05,244.440000,248.530000,244.060000,248.150000,248.150000,20306075
AAPL,2026-08-06,248.230000,256.060000,246.390000,254.210000,254.210000,32177288
AAPL,2026-08-07,252.630000,258.090000,248.780000,254.240000,254.240000,18558094
AAPL,2026-08-10,255.260000,257.020000,253.730000,255.480000,255.480000,17385704
AAPL,2026-08-11,254.690000,268.290000,253.760000,267.350000,267.350000,22630252
AAPL,2026-08-12,267.290000,268.390000,261.770000,262.870000,262.870000,17325172
AAPL,2026-08-13,263.930000,264,263.190000,263.270000,263.270000,18458468
AAPL,2026-08-14,262.700000,264.150000,260.460000,261.920000,261.920000,44624422
AAPL,2026-08-17,262.120000,266.580000,254.160000,258.620000,258.620000,20054402
AAPL,2026-08-18,260.570000,271.220000,259.610000,270.260000,270.260000,22887509
AAPL,2026-08-19,268.910000,279.960000,268.100000,279.160000,279.160000,25720317
AAPL,2026-08-20,278.750000,287.950000,277.260000,286.470000,286.470000,30672235
AAPL,2026-08-21,284.050000,286.030000,283.440000,285.420000,285.420000,20030608
AAPL,2026-08-24,285.010000,290.280000,281.790000,287.070000,287.070000,13254602
MSFT,2024-10-28,418.750000,433.610000,412.810000,427.670000,427.670000,10119718
MSFT,2024-10-29,426.490000,432.420000,424.610000,430.540000,430.540000,12621385
MSFT,2024-10-30,428.800000,430.190000,422.940000,424.330000,424.330000,8468260
MSFT,2024-10-31,424.440000,432.750000,421.680000,429.980000,429.980000,10372505
MSFT,2024-11-01,429.490000,431.610000,425.280000,427.400000,427.400000,11045295
MSFT,2024-11-04,425,425.790000,424.360000,425.150000,425.150000,11236878
MSFT,2024-11-05,422.360000,426.250000,421.190000,425.090000,425.090000,9914347
MSFT,2024-11-06,425.530000,432.350000,424.530000,431.350000,431.350000,12274336
MSFT,2024-11-07,432.180000,442.450000,428.080000,438.350000,438.350000,7024656
MSFT,2024-11-08,437.070000,452.450000,436.830000,452.210000,452.210000,19558919
MSFT,2024-11-11,450.260000,450.300000,448.830000,448.870000,448.870000,13548170
MSFT,2024-11-12,450.340000,455.410000,449.610000,454.690000,454.690000,13013467
MSFT,2024-11-13,454.770000,456.190000,449.220000,450.640000,450.640000,15093203
MSFT,2024-11-14,450.520000,452.800000,440.470000,442.750000,442.750000,14118843
MSFT,2024-11-15,442.840000,442.950000,439.040000,439.150000,439.150000,14588407
MSFT,2024-11-18,439.840000,440.650000,432.520000,433.330000,433.330000,10076924
MSFT,2024-11-19,431.710000,433.160000,425.740000,427.190000,427.190000,9496453
MSFT,2024-11-20,431.600000,433.860000,424.070000,426.340000,426.340000,13214638
MSFT,2024-11-21,428.540000,434.210000,427.430000,433.110000,433.110000,7387599
MSFT,2024-11-22,435.080000,435.360000,430.410000,430.690000,430.690000,10246326
MSFT,2024-11-25,431.150000,434.300000,430.050000,433.200000,433.200000,14703317
MSFT,2024-11-26,431.120000,437.750000,427.210000,433.840000,433.840000,6971477
MSFT,2024-11-27,432.790000,437.230000,426.710000,431.150000,431.150000,10830749
MSFT,2024-11-28,430.920000,442.650000,430.170000,441.900000,441.900000,11641157
MSFT,2024-11-29,440.900000,443.650000,436.660000,439.410000,439.410000,10619157
MSFT,2024-12-02,442.530000,445.880000,429.270000,432.620000,432.620000,11828743
MSFT,2024-12-03,434.620000,441.320000,433.430000,440.130000,440.130000,14867798
MSFT,2024-12-04,442.430000,443.180000,437.840000,438.590000,438.590000,10538664
MSFT,2024-12-05,437.600000,441.890000,428.270000,432.560000,432.560000,7226807
MSFT,2024-12-06,431.190000,435.020000,420.070000,423.910000,423.910000,11709154
MSFT,2024-12-09,422.770000,425.210000,422.100000,424.540000,424.540000,14541575
MSFT,2024-12-10,422.570000,426.550000,419.950000,423.930000,423.930000,18223296
MSFT,2024-12-11,426.050000,426.860000,420.680000,421.490000,421.490000,12471509
MSFT,2024-12-12,419.970000,435.030000,417.610000,432.660000,432.660000,13666276
MSFT,2024-12-13,432.190000,433.240000,417.710000,418.760000,418.760000,10786232
MSFT,2024-12-16,417.460000,430.260000,417.290000,430.090000,430.090000,9210648
MSFT,2024-12-17,426.530000,434.650000,426.020000,434.140000,434.140000,10251934
MSFT,2024-12-18,434.060000,442.330000,433.490000,441.760000,441.760000,12676391
MSFT,2024-12-19,442.520000,443.340000,438.130000,438.950000,438.950000,14977356
MSFT,2024-12-20,436.770000,446.750000,435.280000,445.270000,445.270000,11500757
MSFT,2024-12-23,442.350000,449.410000,439.520000,446.580000,446.580000,10405945
MSFT,2024-12-24,444.470000,444.590000,441.900000,442.020000,442.020000,7763951
MSFT,2024-12-25,441.610000,446.780000,440.080000,445.250000,445.250000,13679689
MSFT,2024-12-26,442.780000,445.740000,440.550000,443.510000,443.510000,11146509
MSFT,2024-12-27,442.520000,451.970000,440.940000,450.390000,450.390000,14796673
MSFT,2024-12-30,451,454.030000,444.570000,447.600000,447.600000,14113852
MSFT,2024-12-31,442.970000,451.650000,442.780000,451.460000,451.460000,11230344
MSFT,2025-01-01,450.740000,457.940000,450.740000,457.940000,457.940000,14948007
MSFT,2025-01-02,456.160000,459.800000,451.480000,455.120000,455.120000,16581125
MSFT,2025-01-03,456.850000,466.900000,453.640000,463.700000,463.700000,12657756
MSFT,2025-01-06,462.730000,470.040000,460.610000,467.930000,467.930000,11847780
MSFT,2025-01-07,468.560000,476.620000,465.600000,473.670000,473.670000,9435910
MSFT,2025-01-08,472.170000,484.200000,467.070000,479.100000,479.100000,10987677
MSFT,2025-01-09,480.290000,481.180000,476.410000,477.300000,477.300000,11092537
MSFT,2025-01-10,477.600000,481.650000,471.380000,475.430000,475.430000,10730974
MSFT,2025-01-13,477.510000,486.400000,476.800000,485.690000,485.690000,14984341
MSFT,2025-01-14,484.610000,494.520000,484.080000,493.980000,493.980000,8391294
MSFT,2025-01-15,493.530000,498.540000,493.180000,498.200000,498.200000,14435941
MSFT,2025-01-16,500.330000,513.420000,493.380000,506.470000,506.470000,11338642
MSFT,2025-01-17,509.550000,514.390000,504.740000,509.580000,509.580000,10330021
MSFT,2025-01-20,509.480000,510.590000,508.930000,510.040000,510.040000,14002472
MSFT,2025-01-21,513.330000,518.010000,507,511.690000,511.690000,9314303
MSFT,2025-01-22,513.240000,514.690000,508.270000,509.730000,509.730000,12298681
MSFT,2025-01-23,511.100000,516.360000,510.790000,516.050000,516.050000,9941994
MSFT,2025-01-24,518.610000,518.760000,503.870000,504.010000,504.010000,10443280
MSFT,2025-01-27,502.840000,521.450000,501.500000,520.110000,520.110000,13412998
MSFT,2025-01-28,520.850000,521.310000,514.930000,515.390000,515.390000,15800517
MSFT,2025-01-29,517.820000,521.820000,516.210000,520.210000,520.210000,10563688
MSFT,2025-01-30,519.600000,521.340000,499.670000,501.410000,501.410000,13622878
MSFT,2025-01-31,499.700000,503.170000,492.690000,496.160000,496.160000,11651842
MSFT,2025-02-03,492.470000,495.670000,490.270000,493.470000,493.470000,12675612
MSFT,2025-02-04,490.650000,493.440000,482.550000,485.340000,485.340000,12753969
MSFT,2025-02-05,482.420000,486.390000,471.210000,475.190000,475.190000,14019364
MSFT,2025-02-06,473.910000,478.830000,471.330000,476.260000,476.260000,9730138
MSFT,2025-02-07,475.100000,482.860000,474.530000,482.290000,482.290000,12214525
MSFT,2025-02-10,481.220000,483.180000,479.380000,481.330000,481.330000,9072769
MSFT,2025-02-11,479.610000,481.480000,477.170000,479.040000,479.040000,16681297
MSFT,2025-02-12,478.850000,482.390000,476.930000,480.470000,480.470000,10852338
MSFT,2025-02-13,480.350000,489.430000,479.020000,488.090000,488.090000,11874896
MSFT,2025-02-14,487.580000,490.850000,481.420000,484.690000,484.690000,12685512
MSFT,2025-02-17,481.350000,490.080000,480.090000,488.820000,488.820000,16070552
MSFT,2025-02-18,487.910000,495.630000,487.420000,495.140000,495.140000,16368952
MSFT,2025-02-19,493.110000,515.080000,490.220000,512.190000,512.190000,15180365
MSFT,2025-02-20,510.910000,520.650000,507.270000,517.010000,517.010000,11283024
MSFT,2025-02-21,517.180000,523.420000,496.920000,503.150000,503.150000,11003334
MSFT,2025-02-24,503.230000,505.490000,500.620000,502.890000,502.890000,13214793
MSFT,2025-02-25,499.300000,505.060000,495.200000,500.970000,500.970000,12686916
MSFT,2025-02-26,494.660000,505.610000,491.320000,502.270000,502.270000,6999711
MSFT,2025-02-27,502.930000,506.650000,501.060000,504.770000,504.770000,16646736
MSFT,2025-02-28,502.600000,511.180000,501.570000,510.150000,510.150000,16545923
MSFT,2025-03-03,512.230000,513.190000,506.910000,507.870000,507.870000,8076311
MSFT,2025-03-04,506.500000,513.890000,502.150000,509.550000,509.550000,11530497
MSFT,2025-03-05,511.140000,515.810000,508.590000,513.260000,513.260000,11169514
MSFT,2025-03-06,510.730000,512.330000,498.900000,500.500000,500.500000,12613654
MSFT,2025-03-07,501.940000,502.910000,498.470000,499.430000,499.430000,20623649
MSFT,2025-03-10,495.190000,497.090000,489.690000,491.590000,491.590000,11606996
MSFT,2025-03-11,493.680000,495.300000,478.820000,480.440000,480.440000,14328549
MSFT,2025-03-12,481.970000,486.270000,480.070000,484.370000,484.370000,9464787
MSFT,2025-03-13,485.210000,487.930000,479.760000,482.470000,482.470000,7022142
MSFT,2025-03-14,482.890000,483.290000,478.410000,478.810000,478.810000,5418596
MSFT,2025-03-17,479.460000,481.150000,472.530000,474.220000,474.220000,14067514
MSFT,2025-03-18,470.570000,479.870000,468.490000,477.790000,477.790000,4539467
MSFT,2025-03-19,480.500000,481.270000,479.900000,480.670000,480.670000,12493104
MSFT,2025-03-20,480.640000,482.610000,470.220000,472.200000,472.200000,3140775
MSFT,2025-03-21,470.480000,472.440000,464.950000,466.920000,466.920000,18141977
MSFT,2025-03-24,467.060000,482.100000,465.630000,480.670000,480.670000,12800126
MSFT,2025-03-25,481.970000,485.950000,478.780000,482.760000,482.760000,14392769
MSFT,2025-03-26,482.280000,483.660000,474.400000,475.780000,475.780000,15432526
MSFT,2025-03-27,472.840000,484.620000,469.620000,481.400000,481.400000,10558620
MSFT,2025-03-28,478.970000,481.020000,473.170000,475.220000,475.220000,9706632
MSFT,2025-03-31,476.360000,483.730000,472.080000,479.450000,479.450000,13609350
MSFT,2025-04-01,481.870000,497.290000,478.370000,493.790000,493.790000,18331440
MSFT,2025-04-02,491.960000,512.530000,488.650000,509.220000,509.220000,12741830
MSFT,2025-04-03,508.030000,508.040000,502.410000,502.420000,502.420000,14959168
MSFT,2025-04-04,504.440000,507.650000,499.370000,502.590000,502.590000,15675923
MSFT,2025-04-07,501.320000,511.920000,497.320000,507.920000,507.920000,11909745
MSFT,2025-04-08,508.700000,509.240000,507.250000,507.790000,507.790000,8665528
MSFT,2025-04-09,512.490000,513.280000,509.010000,509.800000,509.800000,14768145
MSFT,2025-04-10,513.170000,514.870000,507.970000,509.670000,509.670000,3250514
MSFT,2025-04-11,507.710000,508.150000,498.200000,498.650000,498.650000,9572641
MSFT,2025-04-14,496.550000,504.440000,491.890000,499.780000,499.780000,10289543
MSFT,2025-04-15,500.760000,501.080000,478.400000,478.720000,478.720000,11417849
MSFT,2025-04-16,480.200000,482.770000,471.760000,474.330000,474.330000,9086963
MSFT,2025-04-17,473.400000,474.400000,459.090000,460.090000,460.090000,13934321
MSFT,2025-04-18,460.300000,462.500000,453.350000,455.550000,455.550000,10134384
MSFT,2025-04-21,454.660000,458.960000,450.880000,455.180000,455.180000,8332108
MSFT,2025-04-22,458.210000,458.460000,456.830000,457.070000,457.070000,11432399
MSFT,2025-04-23,459.690000,477,456.850000,474.160000,474.160000,7993495
MSFT,2025-04-24,475.840000,478.860000,474.710000,477.730000,477.730000,17113475
MSFT,2025-04-25,476.200000,478.960000,475.120000,477.890000,477.890000,12140741
MSFT,2025-04-28,473.020000,496.970000,469.140000,493.090000,493.090000,12215970
MSFT,2025-04-29,493.420000,495.430000,486.810000,488.820000,488.820000,6630883
MSFT,2025-04-30,492,495.970000,486.690000,490.660000,490.660000,8723103
MSFT,2025-05-01,488.170000,491.230000,485.220000,488.290000,488.290000,14253835
MSFT,2025-05-02,489.370000,493.190000,487.340000,491.160000,491.160000,9879640
MSFT,2025-05-05,489.240000,494.340000,481.470000,486.580000,486.580000,7660214
MSFT,2025-05-06,482.220000,488.600000,480.440000,486.820000,486.820000,9704917
MSFT,2025-05-07,484.660000,496,482.220000,493.560000,493.560000,13856850
MSFT,2025-05-08,494.950000,502.790000,489.960000,497.800000,497.800000,10182008
MSFT,2025-05-09,496.660000,505.940000,494.270000,503.550000,503.550000,9504129
MSFT,2025-05-12,504.890000,505.620000,503.450000,504.180000,504.180000,12086542
MSFT,2025-05-13,502.880000,504.970000,500.170000,502.270000,502.270000,14287195
MSFT,2025-05-14,501.290000,517.350000,497.580000,513.640000,513.640000,11368235
MSFT,2025-05-15,513.090000,518.070000,497.390000,502.360000,502.360000,9802922
MSFT,2025-05-16,503.920000,509.120000,502.010000,507.210000,507.210000,11693180
MSFT,2025-05-19,507.370000,514.860000,507.290000,514.780000,514.780000,13900353
MSFT,2025-05-20,513.340000,523.610000,510.920000,521.190000,521.190000,11634713
MSFT,2025-05-21,521.390000,533.600000,518.330000,530.540000,530.540000,13882430
MSFT,2025-05-22,528.950000,542.140000,524.620000,537.800000,537.800000,13093552
MSFT,2025-05-23,537.770000,551.160000,533.030000,546.430000,546.430000,10956072
MSFT,2025-05-26,545.610000,546.720000,544.850000,545.960000,545.960000,12543187
MSFT,2025-05-27,547.150000,547.690000,546.390000,546.930000,546.930000,12721069
MSFT,2025-05-28,549.730000,550.160000,542.970000,543.390000,543.390000,8425643
MSFT,2025-05-29,541.590000,543.310000,539.750000,541.470000,541.470000,7567917
MSFT,2025-05-30,545.910000,550.490000,545.670000,550.250000,550.250000,12378435
MSFT,2025-06-02,546.740000,552.460000,546.370000,552.090000,552.090000,12267682
MSFT,2025-06-03,546.960000,565.290000,542.550000,560.880000,560.880000,12862139
MSFT,2025-06-04,560.450000,564.330000,556.580000,560.470000,560.470000,9590797
MSFT,2025-06-05,562.740000,567.160000,546.730000,551.140000,551.140000,8972245
MSFT,2025-06-06,550.080000,553.780000,546.230000,549.930000,549.930000,5823681
MSFT,2025-06-09,551.720000,559.340000,551.080000,558.690000,558.690000,12165682
MSFT,2025-06-10,559.370000,560.030000,535,535.660000,535.660000,9693207
MSFT,2025-06-11,538.640000,541.110000,537.290000,539.760000,539.760000,12028316
MSFT,2025-06-12,538.520000,542.450000,507.010000,510.940000,510.940000,15845913
MSFT,2025-06-13,511.170000,514.610000,495.170000,498.600000,498.600000,12656416
MSFT,2025-06-16,499.670000,501.860000,485.460000,487.650000,487.650000,12394607
MSFT,2025-06-17,484.260000,486.470000,477.360000,479.570000,479.570000,5745112
MSFT,2025-06-18,482.140000,482.540000,477.960000,478.360000,478.360000,14667434
MSFT,2025-06-19,478.100000,492.500000,477.870000,492.270000,492.270000,14258393
MSFT,2025-06-20,491.540000,503.120000,490.340000,501.920000,501.920000,13268996
MSFT,2025-06-23,499.320000,507.020000,494.690000,502.390000,502.390000,8990402
MSFT,2025-06-24,503.260000,503.810000,497.660000,498.200000,498.200000,16473950
MSFT,2025-06-25,502.390000,509.120000,498.720000,505.460000,505.460000,15914185
MSFT,2025-06-26,505.830000,506.460000,505.080000,505.710000,505.710000,16202343
MSFT,2025-06-27,505.050000,505.400000,501.380000,501.730000,501.730000,11716028
MSFT,2025-06-30,503.530000,510.640000,503.360000,510.470000,510.470000,9496702
MSFT,2025-07-01,512.140000,513.370000,511.610000,512.840000,512.840000,10869392
MSFT,2025-07-02,513.610000,516.900000,498.670000,501.970000,501.970000,16190363
MSFT,2025-07-03,499.710000,514.950000,493.360000,508.600000,508.600000,17870864
MSFT,2025-07-04,508.240000,514.960000,503.740000,510.460000,510.460000,9128327
MSFT,2025-07-07,512.850000,517.320000,503.660000,508.130000,508.130000,14079200
MSFT,2025-07-08,506.540000,521.370000,499.540000,514.370000,514.370000,12186095
MSFT,2025-07-09,514.830000,522.760000,513.340000,521.270000,521.270000,14948590
MSFT,2025-07-10,524.200000,525.510000,515.170000,516.480000,516.480000,11896145
MSFT,2025-07-11,514.570000,518.180000,510.970000,514.580000,514.580000,10601532
MSFT,2025-07-14,512.090000,519.610000,506.660000,514.180000,514.180000,16426782
MSFT,2025-07-15,514.330000,523.180000,511.320000,520.170000,520.170000,10889252
MSFT,2025-07-16,519.720000,527.550000,516.990000,524.820000,524.820000,13261910
MSFT,2025-07-17,527.440000,529.210000,521.820000,523.590000,523.590000,13791680
MSFT,2025-07-18,523.190000,525.940000,520.190000,522.940000,522.940000,14249549
MSFT,2025-07-21,525.480000,535.020000,511.490000,521.030000,521.030000,11391412
MSFT,2025-07-22,519.900000,529.770000,517.230000,527.100000,527.100000,7021941
MSFT,2025-07-23,525.980000,556.100000,524.600000,554.730000,554.730000,10478828
MSFT,2025-07-24,549.880000,562.740000,549.610000,562.470000,562.470000,11252820
MSFT,2025-07-25,564.890000,571.110000,552.640000,558.860000,558.860000,10474707
MSFT,2025-07-28,557.460000,570.120000,554.250000,566.910000,566.910000,17215465
MSFT,2025-07-29,566.370000,575.980000,564.090000,573.700000,573.700000,19625882
MSFT,2025-07-30,575.770000,580.750000,559.860000,564.840000,564.840000,13841064
MSFT,2025-07-31,567.080000,575.170000,563.490000,571.580000,571.580000,12395159
MSFT,2025-08-01,569.720000,573.650000,566.660000,570.590000,570.590000,13736337
MSFT,2025-08-04,570.820000,574.640000,554.140000,557.960000,557.960000,12610163
MSFT,2025-08-05,555.750000,559.220000,544.970000,548.440000,548.440000,14062010
MSFT,2025-08-06,549.740000,551.500000,546.740000,548.500000,548.500000,10962195
MSFT,2025-08-07,551.060000,578.120000,543.820000,570.880000,570.880000,8201631
MSFT,2025-08-08,570.550000,584.070000,568.640000,582.150000,582.150000,10853145
MSFT,2025-08-11,578.240000,586.540000,573.310000,581.610000,581.610000,11286449
MSFT,2025-08-12,580.930000,583,580.480000,582.550000,582.550000,16435391
MSFT,2025-08-13,577.530000,579.240000,570.490000,572.200000,572.200000,10625098
MSFT,2025-08-14,578.060000,591.410000,575.050000,588.400000,588.400000,16744926
MSFT,2025-08-15,585.630000,590.740000,582.370000,587.480000,587.480000,7609313
MSFT,2025-08-18,584.490000,584.770000,579.220000,579.510000,579.510000,13923825
MSFT,2025-08-19,577.630000,581.490000,564.710000,568.570000,568.570000,15440466
MSFT,2025-08-20,565.810000,567.440000,564.630000,566.260000,566.260000,8917290
MSFT,2025-08-21,566.470000,574.360000,563.670000,571.560000,571.560000,7510618
MSFT,2025-08-22,571.530000,581.500000,570.920000,580.900000,580.900000,10888115
MSFT,2025-08-25,582.350000,592.620000,576.090000,586.360000,586.360000,15490340
MSFT,2025-08-26,583.230000,585.340000,581.300000,583.420000,583.420000,14875916
MSFT,2025-08-27,581.150000,583.470000,579.670000,581.990000,581.990000,16553484
MSFT,2025-08-28,578.510000,584.480000,575.450000,581.420000,581.420000,8602232
MSFT,2025-08-29,581.480000,581.990000,572.800000,573.310000,573.310000,10391130
MSFT,2025-09-01,574.260000,585.140000,571.560000,582.440000,582.440000,17340378
MSFT,2025-09-02,578.940000,591.150000,573.940000,586.150000,586.150000,14891055
MSFT,2025-09-03,582.170000,595.370000,577.090000,590.290000,590.290000,20144115
MSFT,2025-09-04,588.960000,596.310000,584.700000,592.050000,592.050000,15367635
MSFT,2025-09-05,590.500000,599.940000,586.800000,596.250000,596.250000,9883044
MSFT,2025-09-08,597.210000,612.880000,594.140000,609.820000,609.820000,10553208
MSFT,2025-09-09,609.310000,611.990000,600.880000,603.570000,603.570000,14351821
MSFT,2025-09-10,599.490000,600.230000,595.560000,596.290000,596.290000,12082482
MSFT,2025-09-11,591.460000,594.090000,584.930000,587.550000,587.550000,14769709
MSFT,2025-09-12,587.470000,591.460000,573.700000,577.690000,577.690000,8496624
MSFT,2025-09-15,576.810000,592.490000,574.910000,590.600000,590.600000,9382476
MSFT,2025-09-16,589.140000,595.410000,588.890000,595.160000,595.160000,14326785
MSFT,2025-09-17,598.740000,601.150000,588.610000,591.020000,591.020000,13107838
MSFT,2025-09-18,588.860000,592.030000,586.650000,589.820000,589.820000,10267346
MSFT,2025-09-19,587.800000,595.140000,584.520000,591.870000,591.870000,13889310
MSFT,2025-09-22,589.090000,594.280000,587.570000,592.760000,592.760000,15335528
MSFT,2025-09-23,592.680000,595.830000,591.020000,594.160000,594.160000,12220919
MSFT,2025-09-24,595.340000,596.570000,584.110000,585.340000,585.340000,15620004
MSFT,2025-09-25,584.560000,591.640000,580.880000,587.960000,587.960000,15271218
MSFT,2025-09-26,587.660000,587.700000,583.670000,583.710000,583.710000,11448016
MSFT,2025-09-29,582.170000,605,581.230000,604.060000,604.060000,9494092
MSFT,2025-09-30,604.400000,607.540000,585.390000,588.520000,588.520000,21887005
MSFT,2025-10-01,584.520000,597.650000,582.220000,595.350000,595.350000,9660393
MSFT,2025-10-02,595.030000,600.660000,589.610000,595.240000,595.240000,10136823
MSFT,2025-10-03,594.460000,598.530000,576.490000,580.560000,580.560000,13410401
MSFT,2025-10-06,578.910000,582,567.400000,570.490000,570.490000,15964240
MSFT,2025-10-07,569.400000,577.340000,568.930000,576.860000,576.860000,11424486
MSFT,2025-10-08,578.960000,580.870000,576.800000,578.710000,578.710000,13640249
MSFT,2025-10-09,580.480000,585.940000,570.930000,576.390000,576.390000,14668817
MSFT,2025-10-10,577.330000,577.700000,568.860000,569.230000,569.230000,10104978
MSFT,2025-10-13,571.540000,572.450000,558.330000,559.240000,559.240000,10828866
MSFT,2025-10-14,562.370000,564.730000,560.190000,562.560000,562.560000,13590753
MSFT,2025-10-15,562.640000,566.760000,552.430000,556.550000,556.550000,6087546
MSFT,2025-10-16,555.580000,558.100000,539.550000,542.080000,542.080000,16090744
MSFT,2025-10-17,542.860000,545.950000,536.330000,539.420000,539.420000,12404355
MSFT,2025-10-20,538.310000,546.900000,537.320000,545.920000,545.920000,9873358
MSFT,2025-10-21,543.210000,546.910000,536.830000,540.530000,540.530000,14857941
MSFT,2025-10-22,542.680000,550.080000,540.120000,547.520000,547.520000,9884517
MSFT,2025-10-23,549.110000,549.230000,539,539.120000,539.120000,14390407
MSFT,2025-10-24,540.950000,544.350000,531.590000,534.980000,534.980000,14725615
MSFT,2025-10-27,537.820000,538.700000,530.690000,531.580000,531.580000,11454192
MSFT,2025-10-28,529.720000,537.250000,521.020000,528.550000,528.550000,10271365
MSFT,2025-10-29,532.240000,541.580000,531.610000,540.950000,540.950000,13691385
MSFT,2025-10-30,543.930000,544.780000,535.150000,536,536,8811783
MSFT,2025-10-31,538.410000,542.600000,520.390000,524.580000,524.580000,14341434
MSFT,2025-11-03,524.440000,529.170000,519.820000,524.540000,524.540000,10373406
MSFT,2025-11-04,526.410000,528.870000,509.910000,512.370000,512.370000,21227739
MSFT,2025-11-05,511.990000,515.400000,510.300000,513.710000,513.710000,6403384
MSFT,2025-11-06,510.520000,521.170000,508.680000,519.340000,519.340000,11541684
MSFT,2025-11-07,518.550000,526.420000,513.480000,521.350000,521.350000,11794414
MSFT,2025-11-10,520.140000,526.930000,512.340000,519.140000,519.140000,9431349
MSFT,2025-11-11,514.490000,516.340000,507.480000,509.340000,509.340000,9916515
MSFT,2025-11-12,508.780000,515.470000,505.170000,511.860000,511.860000,11854344
MSFT,2025-11-13,510.600000,512.810000,507.590000,509.800000,509.800000,19981252
MSFT,2025-11-14,508.910000,520.810000,503.770000,515.670000,515.670000,9435532
MSFT,2025-11-17,518.280000,518.610000,512.440000,512.760000,512.760000,14095293
MSFT,2025-11-18,513.690000,514.490000,503.100000,503.890000,503.890000,14278238
MSFT,2025-11-19,503.660000,504.380000,503.300000,504.030000,504.030000,11419449
MSFT,2025-11-20,507.110000,507.710000,498.010000,498.610000,498.610000,14538372
MSFT,2025-11-21,498.210000,504.280000,495.610000,501.690000,501.690000,8922358
MSFT,2025-11-24,504.040000,512.120000,500.940000,509.020000,509.020000,9235511
MSFT,2025-11-25,508.810000,510.370000,504.550000,506.110000,506.110000,21474686
MSFT,2025-11-26,507.150000,512.950000,486.470000,492.280000,492.280000,11019928
MSFT,2025-11-27,494.020000,499.210000,492.080000,497.270000,497.270000,18971387
MSFT,2025-11-28,498.570000,504.040000,497.300000,502.770000,502.770000,11094026
MSFT,2025-12-01,501.260000,512.370000,500.940000,512.050000,512.050000,12934740
MSFT,2025-12-02,509.030000,514.470000,502.220000,507.650000,507.650000,13578843
MSFT,2025-12-03,508.480000,527.160000,505.690000,524.380000,524.380000,13244023
MSFT,2025-12-04,523.850000,524.480000,521.610000,522.240000,522.240000,14130813
MSFT,2025-12-05,522.900000,540.540000,518.290000,535.930000,535.930000,11591107
MSFT,2025-12-08,536.870000,552.030000,532.390000,547.550000,547.550000,11329101
MSFT,2025-12-09,544.760000,544.970000,536.140000,536.350000,536.350000,12830330
MSFT,2025-12-10,533.540000,536.420000,529.470000,532.350000,532.350000,13351725
MSFT,2025-12-11,532.050000,533.980000,525.780000,527.710000,527.710000,9012356
MSFT,2025-12-12,525.140000,528.780000,518.470000,522.120000,522.120000,5553438
MSFT,2025-12-15,524.390000,529.440000,521.600000,526.650000,526.650000,15216143
MSFT,2025-12-16,525.210000,527.840000,517.220000,519.850000,519.850000,17144747
MSFT,2025-12-17,520.960000,527.860000,509.220000,516.120000,516.120000,14996354
MSFT,2025-12-18,514.920000,516.490000,509.350000,510.920000,510.920000,12584241
MSFT,2025-12-19,507.650000,517.130000,507.140000,516.620000,516.620000,13810364
MSFT,2025-12-22,517.220000,527.920000,515.660000,526.350000,526.350000,12917544
MSFT,2025-12-23,525.530000,536.530000,521.190000,532.190000,532.190000,12814827
MSFT,2025-12-24,532.070000,544.850000,531.450000,544.230000,544.230000,11204833
MSFT,2025-12-25,541.160000,546.430000,541.110000,546.380000,546.380000,15968136
MSFT,2025-12-26,544.940000,545.710000,532.020000,532.800000,532.800000,13924055
MSFT,2025-12-29,534.800000,553.180000,529.810000,548.190000,548.190000,8206772
MSFT,2025-12-30,547.850000,559.860000,543.710000,555.720000,555.720000,15748502
MSFT,2025-12-31,553.810000,556.790000,546.660000,549.640000,549.640000,11496635
MSFT,2026-01-02,551.090000,560.780000,546.410000,556.100000,556.100000,17563605
MSFT,2026-01-05,555.350000,557.960000,546.870000,549.480000,549.480000,10154117
MSFT,2026-01-06,547.390000,552.930000,544.610000,550.150000,550.150000,12643489
MSFT,2026-01-07,553.800000,555.020000,546.270000,547.490000,547.490000,6125941
MSFT,2026-01-08,546.670000,547.050000,522.140000,522.530000,522.530000,9079618
MSFT,2026-01-09,518.720000,519.610000,508.700000,509.590000,509.590000,10810426
MSFT,2026-01-12,511.970000,514.510000,500.870000,503.410000,503.410000,13894693
MSFT,2026-01-13,502.610000,505.510000,499.150000,502.050000,502.050000,892211
MSFT,2026-01-14,507.530000,508.180000,495.300000,495.950000,495.950000,12624221
MSFT,2026-01-15,494.160000,500.730000,491.100000,497.670000,497.670000,7548443
MSFT,2026-01-16,497.740000,498.080000,489.020000,489.360000,489.360000,8336783
MSFT,2026-01-20,490.470000,492.010000,487.990000,489.530000,489.530000,12652567
MSFT,2026-01-21,490.470000,495.210000,487.570000,492.310000,492.310000,16963665
MSFT,2026-01-22,495.540000,497.180000,488.360000,490.010000,490.010000,14036479
MSFT,2026-01-23,490.510000,492.150000,486.790000,488.430000,488.430000,7064967
MSFT,2026-01-26,489.100000,490.840000,488.080000,489.830000,489.830000,16305080
MSFT,2026-01-27,487.850000,488.260000,486.630000,487.030000,487.030000,10436083
MSFT,2026-01-28,480.820000,484.100000,474.960000,478.240000,478.240000,12357177
MSFT,2026-01-29,479.360000,487.040000,477.800000,485.480000,485.480000,13327613
MSFT,2026-01-30,485.020000,485.430000,479.470000,479.880000,479.880000,11894374
MSFT,2026-02-02,479.620000,480.090000,477.130000,477.600000,477.600000,12074513
MSFT,2026-02-03,476.770000,480.540000,463.690000,467.460000,467.460000,13027222
MSFT,2026-02-04,468.750000,471.380000,467.040000,469.670000,469.670000,13478155
MSFT,2026-02-05,467.090000,472.430000,466.370000,471.710000,471.710000,13310501
MSFT,2026-02-06,469.080000,480.740000,461.380000,473.040000,473.040000,11709020
MSFT,2026-02-09,473.990000,474.470000,471.700000,472.180000,472.180000,15939261
MSFT,2026-02-10,472.330000,477,466.760000,471.430000,471.430000,14235305
MSFT,2026-02-11,470.620000,473.230000,465.870000,468.480000,468.480000,14763168
MSFT,2026-02-12,468.630000,484.650000,459.060000,475.080000,475.080000,12275569
MSFT,2026-02-13,472.950000,480.150000,471.770000,478.970000,478.970000,12337833
MSFT,2026-02-17,476.330000,487.780000,468.640000,480.090000,480.090000,8625441
MSFT,2026-02-18,483.500000,487.440000,469.510000,473.450000,473.450000,15929024
MSFT,2026-02-19,472.100000,476.310000,459.250000,463.460000,463.460000,14634469
MSFT,2026-02-20,463.640000,474.440000,462.950000,473.750000,473.750000,15462910
MSFT,2026-02-23,474.850000,477.450000,468,470.600000,470.600000,14159000
MSFT,2026-02-24,469.890000,471.170000,466.840000,468.120000,468.120000,5641070
MSFT,2026-02-25,467.990000,469.460000,466.750000,468.220000,468.220000,9057746
MSFT,2026-02-26,467.680000,472.180000,466.910000,471.410000,471.410000,16389387
MSFT,2026-02-27,471.410000,475.160000,457.790000,461.540000,461.540000,16364534
MSFT,2026-03-02,459.300000,459.350000,458.170000,458.230000,458.230000,13831682
MSFT,2026-03-03,458.290000,459.660000,450.550000,451.920000,451.920000,7537331
MSFT,2026-03-04,449.520000,451.940000,448.500000,450.920000,450.920000,10667376
MSFT,2026-03-05,449.520000,462.480000,447.660000,460.620000,460.620000,12710764
MSFT,2026-03-06,463.470000,467.400000,462.480000,466.410000,466.410000,9307794
MSFT,2026-03-09,463.830000,471.680000,461.140000,468.990000,468.990000,18011669
MSFT,2026-03-10,466.870000,467.200000,465.770000,466.100000,466.100000,11113788
MSFT,2026-03-11,462.710000,463.660000,454.500000,455.440000,455.440000,9447869
MSFT,2026-03-12,453.320000,459.680000,453.120000,459.470000,459.470000,13010166
MSFT,2026-03-13,455.930000,462.390000,453.210000,459.670000,459.670000,4523225
MSFT,2026-03-16,461.140000,461.840000,459.460000,460.160000,460.160000,9253375
MSFT,2026-03-17,458.420000,460.280000,453.520000,455.370000,455.370000,18201400
MSFT,2026-03-18,456.040000,462.270000,454.170000,460.390000,460.390000,10901922
MSFT,2026-03-19,462.660000,470.150000,460.440000,467.940000,467.940000,15265995
MSFT,2026-03-20,467.240000,467.850000,455.970000,456.580000,456.580000,11487583
MSFT,2026-03-23,453.960000,455.960000,451.890000,453.890000,453.890000,11329353
MSFT,2026-03-24,452.820000,453.820000,452.530000,453.530000,453.530000,16743022
MSFT,2026-03-25,454.330000,460.290000,448.580000,454.540000,454.540000,9423266
MSFT,2026-03-26,457.440000,459.290000,451.510000,453.360000,453.360000,13724744
MSFT,2026-03-27,453.580000,469.040000,451.870000,467.330000,467.330000,10003121
MSFT,2026-03-30,465.090000,475.440000,461.460000,471.810000,471.810000,9393877
MSFT,2026-03-31,468.780000,469.450000,467.600000,468.270000,468.270000,16545105
MSFT,2026-04-01,465.830000,468.650000,462.690000,465.510000,465.510000,13653748
MSFT,2026-04-02,462.620000,465.030000,456.290000,458.700000,458.700000,12590253
MSFT,2026-04-06,458.560000,458.900000,451.630000,451.970000,451.970000,13638298
MSFT,2026-04-07,451.450000,452.070000,450.240000,450.850000,450.850000,10509189
MSFT,2026-04-08,451.630000,456.960000,449.920000,455.250000,455.250000,17830362
MSFT,2026-04-09,456.400000,458.380000,452.210000,454.190000,454.190000,10144933
MSFT,2026-04-10,457.550000,463.340000,455.110000,460.900000,460.900000,6532516
MSFT,2026-04-13,463.850000,463.990000,453.620000,453.760000,453.760000,10806856
MSFT,2026-04-14,452.450000,453.580000,446.080000,447.210000,447.210000,10329191
MSFT,2026-04-15,448.020000,448.100000,441.940000,442.020000,442.020000,5446898
MSFT,2026-04-16,444.730000,447.490000,435.730000,438.490000,438.490000,11442347
MSFT,2026-04-17,439.610000,439.850000,435.270000,435.510000,435.510000,22567093
MSFT,2026-04-20,436.190000,436.300000,429.780000,429.890000,429.890000,11265434
MSFT,2026-04-21,431.050000,432.250000,430.370000,431.570000,431.570000,11115302
MSFT,2026-04-22,432.090000,440.150000,431.950000,440.010000,440.010000,16278831
MSFT,2026-04-23,440.950000,444.480000,430.930000,434.450000,434.450000,6505567
MSFT,2026-04-24,436.250000,444.180000,435.850000,443.780000,443.780000,14874541
MSFT,2026-04-27,442.620000,442.660000,442.490000,442.540000,442.540000,12756743
MSFT,2026-04-28,442.820000,449.740000,436.080000,443,443,8814615
MSFT,2026-04-29,440.700000,444.560000,439.930000,443.800000,443.800000,16861394
MSFT,2026-04-30,440.300000,452.630000,438.080000,450.410000,450.410000,11892180
MSFT,2026-05-01,450.280000,453.070000,447.910000,450.700000,450.700000,11574381
MSFT,2026-05-04,451.610000,458.960000,445.870000,453.220000,453.220000,13036228
MSFT,2026-05-05,454.170000,457.410000,440.250000,443.480000,443.480000,16764148
MSFT,2026-05-06,443.490000,444.530000,443.260000,444.300000,444.300000,8090722
MSFT,2026-05-07,440.990000,450.730000,440,449.740000,449.740000,7830695
MSFT,2026-05-08,448.070000,449.040000,446.820000,447.780000,447.780000,16420859
MSFT,2026-05-11,447.460000,452.430000,446.100000,451.080000,451.080000,14846327
MSFT,2026-05-12,451.730000,454.090000,433.410000,435.770000,435.770000,12422715
MSFT,2026-05-13,436.480000,445.390000,434.470000,443.380000,443.380000,9100406
MSFT,2026-05-14,445.690000,445.960000,437.560000,437.830000,437.830000,10968982
MSFT,2026-05-15,438.030000,441.880000,429.710000,433.560000,433.560000,14436537
MSFT,2026-05-18,434.250000,437.390000,430.600000,433.750000,433.750000,12909933
MSFT,2026-05-19,437.320000,443.480000,419.720000,425.880000,425.880000,12297068
MSFT,2026-05-20,427.340000,437.780000,425.920000,436.360000,436.360000,9772836
MSFT,2026-05-21,438,449.220000,433.890000,445.110000,445.110000,12184581
MSFT,2026-05-22,446.270000,447,439.800000,440.530000,440.530000,9474555
MSFT,2026-05-26,443.780000,449.380000,442.620000,448.220000,448.220000,8136522
MSFT,2026-05-27,447.660000,454.780000,445.900000,453.010000,453.010000,15249822
MSFT,2026-05-28,453.590000,457.140000,447.740000,451.280000,451.280000,9804702
MSFT,2026-05-29,450.270000,456.180000,440.210000,446.120000,446.120000,10973317
MSFT,2026-06-01,447.440000,458.310000,443.750000,454.610000,454.610000,7028110
MSFT,2026-06-02,456.710000,459.620000,453.860000,456.770000,456.770000,10691982
MSFT,2026-06-03,457.030000,466.020000,453.730000,462.720000,462.720000,8695718
MSFT,2026-06-04,461.590000,470.450000,456.650000,465.510000,465.510000,8091022
MSFT,2026-06-05,464.830000,465.810000,463.090000,464.070000,464.070000,11402338
MSFT,2026-06-08,461.330000,466.340000,459.690000,464.700000,464.700000,7143861
MSFT,2026-06-09,464.650000,466.870000,461.360000,463.570000,463.570000,13083998
MSFT,2026-06-10,463.710000,471.060000,461.540000,468.890000,468.890000,12575645
MSFT,2026-06-11,471.170000,475.790000,461.210000,465.830000,465.830000,14268833
MSFT,2026-06-12,468.180000,472.220000,467.530000,471.570000,471.570000,14057709
MSFT,2026-06-15,471.290000,473.990000,471.070000,473.760000,473.760000,15239298
MSFT,2026-06-16,474.740000,486.220000,467.400000,478.880000,478.880000,10881999
MSFT,2026-06-17,478.730000,480.730000,474.870000,476.870000,476.870000,15416937
MSFT,2026-06-18,475.790000,481.870000,474.430000,480.500000,480.500000,15131605
MSFT,2026-06-22,481.350000,482.620000,476.260000,477.530000,477.530000,8703202
MSFT,2026-06-23,476.150000,487.750000,469.920000,481.530000,481.530000,11756640
MSFT,2026-06-24,483.700000,491.140000,480.890000,488.330000,488.330000,9355318
MSFT,2026-06-25,487.060000,494,484.270000,491.210000,491.210000,16024898
MSFT,2026-06-26,493.430000,493.480000,482.250000,482.300000,482.300000,4363604
MSFT,2026-06-29,480.600000,480.800000,477.170000,477.370000,477.370000,13196653
MSFT,2026-06-30,480.540000,481.930000,471.480000,472.880000,472.880000,8855187
MSFT,2026-07-01,473.560000,475.480000,468.860000,470.770000,470.770000,13719982
MSFT,2026-07-02,470.900000,472.620000,470.450000,472.170000,472.170000,12778898
MSFT,2026-07-06,471.910000,476.890000,462.460000,467.440000,467.440000,10639443
MSFT,2026-07-07,465.930000,470.740000,456,460.810000,460.810000,6575965
MSFT,2026-07-08,463.200000,465.210000,451.490000,453.490000,453.490000,12213227
MSFT,2026-07-09,454.800000,458.330000,436.950000,440.470000,440.470000,12580225
MSFT,2026-07-10,440.420000,443.070000,440.100000,442.750000,442.750000,12036332
MSFT,2026-07-13,442.270000,448.640000,440.880000,447.250000,447.250000,10157102
MSFT,2026-07-14,445.370000,452.140000,443.060000,449.830000,449.830000,9555812
MSFT,2026-07-15,450.540000,454.030000,448.040000,451.540000,451.540000,6319627
MSFT,2026-07-16,451.540000,452.600000,448.260000,449.310000,449.310000,14085918
MSFT,2026-07-17,451.830000,455.280000,448.460000,451.910000,451.910000,16659563
MSFT,2026-07-20,449.830000,457.650000,447.360000,455.180000,455.180000,8327210
MSFT,2026-07-21,456.070000,463.710000,452.180000,459.820000,459.820000,9610704
MSFT,2026-07-22,460.570000,463.250000,446.380000,449.070000,449.070000,9598160
MSFT,2026-07-23,447.860000,451.030000,441.870000,445.040000,445.040000,10939842
MSFT,2026-07-24,445.610000,449.290000,443.240000,446.920000,446.920000,13117839
MSFT,2026-07-27,447.080000,449.290000,436.640000,438.850000,438.850000,15202645
MSFT,2026-07-28,438.270000,441.580000,429.800000,433.110000,433.110000,4570499
MSFT,2026-07-29,432.640000,439.850000,432.090000,439.290000,439.290000,11820930
MSFT,2026-07-30,442.090000,444.700000,439.220000,441.830000,441.830000,13418382
MSFT,2026-07-31,440.780000,445.880000,439.560000,444.660000,444.660000,14184561
MSFT,2026-08-03,443.160000,444.650000,438.410000,439.900000,439.900000,11192236
MSFT,2026-08-04,441.530000,442.680000,437.330000,438.480000,438.480000,11057840
MSFT,2026-08-05,440.270000,450.840000,435.250000,445.820000,445.820000,17838807
MSFT,2026-08-06,445.290000,464.920000,441.690000,461.320000,461.320000,11877084
MSFT,2026-08-07,461.720000,464.610000,453.510000,456.390000,456.390000,17428965
MSFT,2026-08-10,456.640000,459.790000,450.210000,453.360000,453.360000,17124785
MSFT,2026-08-11,450.520000,471.510000,446.100000,467.090000,467.090000,10145593
MSFT,2026-08-12,467.810000,470.120000,465.040000,467.350000,467.350000,11910152
MSFT,2026-08-13,467.240000,472.170000,465.900000,470.840000,470.840000,13059185
MSFT,2026-08-14,468.370000,472.750000,464.590000,468.970000,468.970000,11163654
MSFT,2026-08-17,471.200000,474.200000,467.210000,470.210000,470.210000,13491684
MSFT,2026-08-18,469.800000,478.410000,467.830000,476.440000,476.440000,14124943
MSFT,2026-08-19,474.580000,476.770000,470.900000,473.080000,473.080000,9130327
MSFT,2026-08-20,470.990000,498.960000,465.270000,493.250000,493.250000,10449210
MSFT,2026-08-21,491.690000,497.740000,489.350000,495.400000,495.400000,3894511
MSFT,2026-08-24,495.260000,503.080000,493.010000,500.830000,500.830000,14871675
NVDA,2024-10-28,133.360000,137.860000,133.230000,137.720000,137.720000,36923617
NVDA,2024-10-29,136.280000,137.500000,132.960000,134.190000,134.190000,51640709
NVDA,2024-10-30,130.580000,138.100000,127.060000,134.580000,134.580000,50803127
NVDA,2024-10-31,134.920000,136.370000,129.150000,130.600000,130.600000,39623094
NVDA,2024-11-01,128.500000,132.020000,122.890000,126.410000,126.410000,10074156
NVDA,2024-11-04,125.870000,128.620000,123.200000,125.950000,125.950000,24322572
NVDA,2024-11-05,125.680000,130.140000,120.840000,125.310000,125.310000,54984496
NVDA,2024-11-06,125.570000,132.630000,123.420000,130.480000,130.480000,39365351
NVDA,2024-11-07,131.520000,136.840000,129.930000,135.260000,135.260000,7408565
NVDA,2024-11-08,135.440000,140.710000,132.900000,138.170000,138.170000,22040499
NVDA,2024-11-11,138.640000,140.430000,132.710000,134.500000,134.500000,37969341
NVDA,2024-11-12,134.910000,136.940000,133.060000,135.100000,135.100000,25771679
NVDA,2024-11-13,133.110000,134.720000,127.080000,128.690000,128.690000,50729292
NVDA,2024-11-14,127.080000,130.890000,126.010000,129.820000,129.820000,39454280
NVDA,2024-11-15,129.260000,130.960000,127.680000,129.380000,129.380000,49410531
NVDA,2024-11-18,131.030000,132,127.630000,128.600000,128.600000,41315600
NVDA,2024-11-19,129.900000,131.070000,127.130000,128.300000,128.300000,51153575
NVDA,2024-11-20,127.430000,128.520000,125,126.090000,126.090000,41766161
NVDA,2024-11-21,127.670000,132.070000,126.760000,131.160000,131.160000,33196650
NVDA,2024-11-22,131.890000,132.640000,125.700000,126.450000,126.450000,30651277
NVDA,2024-11-25,126,128.080000,125.760000,127.830000,127.830000,41580532
NVDA,2024-11-26,127.490000,129.080000,120.940000,122.530000,122.530000,46486583
NVDA,2024-11-27,121.130000,121.480000,120.580000,120.920000,120.920000,42763779
NVDA,2024-11-28,122.090000,122.840000,118.260000,119.010000,119.010000,13389977
NVDA,2024-11-29,117.330000,117.950000,116.630000,117.260000,117.260000,23575390
NVDA,2024-12-02,115.680000,119.590000,112.780000,116.690000,116.690000,46829744
NVDA,2024-12-03,115.400000,115.580000,113.810000,113.990000,113.990000,52495076
NVDA,2024-12-04,114.270000,114.930000,112.960000,113.620000,113.620000,40622519
NVDA,2024-12-05,112.140000,113,111.060000,111.920000,111.920000,34656982
NVDA,2024-12-06,110.260000,122.070000,110.050000,121.860000,121.860000,45291021
NVDA,2024-12-09,123.770000,124.340000,123.060000,123.640000,123.640000,41907885
NVDA,2024-12-10,122.520000,123.460000,117.320000,118.260000,118.260000,36468105
NVDA,2024-12-11,120.530000,124.290000,116.090000,119.850000,119.850000,36072250
NVDA,2024-12-12,119.720000,128.060000,119.100000,127.440000,127.440000,51958201
NVDA,2024-12-13,131.610000,132.110000,123.200000,123.700000,123.700000,25181110
NVDA,2024-12-16,125.510000,131.970000,123.520000,129.980000,129.980000,45067427
NVDA,2024-12-17,132.810000,138.520000,124.620000,130.330000,130.330000,35331555
NVDA,2024-12-18,129.720000,136.500000,129.490000,136.270000,136.270000,35226045
NVDA,2024-12-19,138.430000,139.220000,134.600000,135.400000,135.400000,51437202
NVDA,2024-12-20,135.880000,142.490000,133.860000,140.470000,140.470000,34313636
NVDA,2024-12-23,140.180000,141.760000,131.110000,132.690000,132.690000,33957329
NVDA,2024-12-24,132.690000,133.200000,128.360000,128.870000,128.870000,33785484
NVDA,2024-12-25,130.870000,131.010000,126.270000,126.420000,126.420000,34628291
NVDA,2024-12-26,126.880000,131.990000,126.520000,131.640000,131.640000,36371349
NVDA,2024-12-27,130.830000,135.390000,127.480000,132.040000,132.040000,59144830
NVDA,2024-12-30,130.340000,131.700000,129.250000,130.610000,130.610000,16571601
NVDA,2024-12-31,131.350000,139.960000,127.910000,136.530000,136.530000,31592819
NVDA,2025-01-01,138.350000,141.870000,134.300000,137.820000,137.820000,27420207
NVDA,2025-01-02,136.500000,138.690000,133.080000,135.280000,135.280000,33657481
NVDA,2025-01-03,136.480000,140.170000,135.370000,139.050000,139.050000,58949690
NVDA,2025-01-06,138.290000,141.050000,137.370000,140.130000,140.130000,24828227
NVDA,2025-01-07,139.610000,141.810000,138.810000,141.010000,141.010000,35252544
NVDA,2025-01-08,140.430000,141.670000,135.420000,136.660000,136.660000,36130160
NVDA,2025-01-09,136.540000,136.780000,135.940000,136.180000,136.180000,46353550
NVDA,2025-01-10,137.470000,137.730000,134.940000,135.190000,135.190000,29379384
NVDA,2025-01-13,136.630000,141.600000,133.570000,138.540000,138.540000,51464120
NVDA,2025-01-14,141.220000,142.030000,135.140000,135.950000,135.950000,24029353
NVDA,2025-01-15,136.030000,142.880000,135.390000,142.240000,142.240000,43216305
NVDA,2025-01-16,145.070000,146.280000,143.180000,144.390000,144.390000,38014531
NVDA,2025-01-17,145.330000,148.190000,141.990000,144.850000,144.850000,35795078
NVDA,2025-01-20,143.830000,145.530000,138.790000,140.490000,140.490000,26018280
NVDA,2025-01-21,139.830000,140.060000,138.580000,138.810000,138.810000,34806643
NVDA,2025-01-22,139.210000,141.490000,133,135.280000,135.280000,36800902
NVDA,2025-01-23,133.340000,140.660000,133.180000,140.500000,140.500000,38589169
NVDA,2025-01-24,138.260000,143.880000,135.740000,141.350000,141.350000,36686244
NVDA,2025-01-27,140.910000,142.010000,139.970000,141.070000,141.070000,37007682
NVDA,2025-01-28,141.520000,141.680000,138.790000,138.950000,138.950000,45865703
NVDA,2025-01-29,138.540000,140.660000,138.520000,140.640000,140.640000,39075717
NVDA,2025-01-30,138.890000,140.990000,132.200000,134.300000,134.300000,54891547
NVDA,2025-01-31,132.450000,134.710000,130.790000,133.060000,133.060000,24792599
NVDA,2025-02-03,132.730000,134.470000,132.180000,133.910000,133.910000,50274273
NVDA,2025-02-04,134.420000,137.040000,122.980000,125.600000,125.600000,43660605
NVDA,2025-02-05,126.130000,126.820000,124.230000,124.920000,124.920000,23964895
NVDA,2025-02-06,124.690000,125.920000,113.140000,114.370000,114.370000,50866619
NVDA,2025-02-07,113.300000,116.630000,112.760000,116.090000,116.090000,29580576
NVDA,2025-02-10,115.980000,117.110000,113.890000,115.030000,115.030000,29778132
NVDA,2025-02-11,116.300000,120.700000,110.290000,114.690000,114.690000,51049460
NVDA,2025-02-12,115.070000,115.960000,112.120000,113.020000,113.020000,51030991
NVDA,2025-02-13,112.680000,113.020000,111.440000,111.780000,111.780000,38669969
NVDA,2025-02-14,110.930000,116.120000,107.650000,112.840000,112.840000,16881577
NVDA,2025-02-17,112.460000,113.670000,107.010000,108.220000,108.220000,40533306
NVDA,2025-02-18,107.760000,111.370000,105.470000,109.080000,109.080000,53135005
NVDA,2025-02-19,106.270000,112.070000,104.130000,109.920000,109.920000,49777110
NVDA,2025-02-20,110.240000,115.170000,107.880000,112.810000,112.810000,36722450
NVDA,2025-02-21,113.150000,114.310000,108.070000,109.230000,109.230000,44775223
NVDA,2025-02-24,108.790000,110.060000,108.540000,109.810000,109.810000,6134037
NVDA,2025-02-25,111.140000,116.630000,109.130000,114.620000,114.620000,43787952
NVDA,2025-02-26,114.970000,120.230000,113.580000,118.840000,118.840000,38630740
NVDA,2025-02-27,119.050000,122.610000,112.080000,115.640000,115.640000,37759271
NVDA,2025-02-28,117.120000,122.560000,116.480000,121.920000,121.920000,35396228
NVDA,2025-03-03,122.040000,128.440000,120.170000,126.580000,126.580000,34841941
NVDA,2025-03-04,125.650000,132.230000,124.380000,130.960000,130.960000,26516721
NVDA,2025-03-05,131.600000,138.590000,129.700000,136.690000,136.690000,17972254
NVDA,2025-03-06,136.640000,138.860000,132.590000,134.820000,134.820000,46391171
NVDA,2025-03-07,137.610000,138.470000,134.710000,135.570000,135.570000,45446162
NVDA,2025-03-10,137.470000,140.420000,131.370000,134.320000,134.320000,58491513
NVDA,2025-03-11,134.390000,136.220000,129.190000,131.030000,131.030000,43652290
NVDA,2025-03-12,134.910000,135.680000,131.150000,131.920000,131.920000,17944732
NVDA,2025-03-13,131.300000,140.960000,130.490000,140.150000,140.150000,49263923
NVDA,2025-03-14,140.080000,143.060000,136.670000,139.650000,139.650000,43868263
NVDA,2025-03-17,138.620000,146.860000,135.260000,143.500000,143.500000,52713038
NVDA,2025-03-18,143.020000,156.300000,140.400000,153.690000,153.690000,42626588
NVDA,2025-03-19,154.030000,156.010000,149.980000,151.970000,151.970000,33216455
NVDA,2025-03-20,151.420000,152.370000,147.660000,148.610000,148.610000,39976833
NVDA,2025-03-21,149.160000,153.700000,143.400000,147.940000,147.940000,54018233
NVDA,2025-03-24,146.220000,159.850000,141.860000,155.500000,155.500000,58602194
NVDA,2025-03-25,157.260000,161.030000,155.040000,158.810000,158.810000,38447488
NVDA,2025-03-26,159.370000,166.340000,151.020000,157.990000,157.990000,44072865
NVDA,2025-03-27,156.710000,161.750000,155.310000,160.350000,160.350000,22194068
NVDA,2025-03-28,159.300000,161.280000,149.620000,151.600000,151.600000,24997663
NVDA,2025-03-31,151.370000,157.430000,149.370000,155.430000,155.430000,19059735
NVDA,2025-04-01,156.070000,165.290000,155.710000,164.920000,164.920000,38142554
NVDA,2025-04-02,166.220000,172.740000,162.870000,169.390000,169.390000,72435743
NVDA,2025-04-03,169.080000,174.180000,168.800000,173.900000,173.900000,31213711
NVDA,2025-04-04,172.130000,180.660000,171.330000,179.850000,179.850000,50959403
NVDA,2025-04-07,179.660000,187.900000,175.750000,183.990000,183.990000,50426395
NVDA,2025-04-08,184.660000,193.080000,178.190000,186.620000,186.620000,47392343
NVDA,2025-04-09,187.710000,192.610000,184.460000,189.350000,189.350000,18535949
NVDA,2025-04-10,188.310000,188.350000,181.080000,181.120000,181.120000,38613906
NVDA,2025-04-11,180.010000,184.360000,178.330000,182.680000,182.680000,25883822
NVDA,2025-04-14,183.090000,189.510000,179.260000,185.680000,185.680000,36154479
NVDA,2025-04-15,186.190000,186.630000,173.330000,173.770000,173.770000,37299020
NVDA,2025-04-16,172.810000,173.210000,167.200000,167.600000,167.600000,35763449
NVDA,2025-04-17,165.270000,168.630000,160.610000,163.970000,163.970000,21316593
NVDA,2025-04-18,158.800000,160.690000,153.060000,154.950000,154.950000,48449913
NVDA,2025-04-21,155.660000,160.800000,152.970000,158.110000,158.110000,39684835
NVDA,2025-04-22,158.650000,159.530000,153.400000,154.280000,154.280000,36893670
NVDA,2025-04-23,153.350000,167.980000,153.270000,167.900000,167.900000,13971238
NVDA,2025-04-24,164.040000,173.380000,162.380000,171.720000,171.720000,37277548
NVDA,2025-04-25,170.340000,173.950000,168.330000,171.950000,171.950000,26805163
NVDA,2025-04-28,172.410000,182.130000,169.430000,179.150000,179.150000,48532436
NVDA,2025-04-29,179.970000,181.230000,176.940000,178.190000,178.190000,23037322
NVDA,2025-04-30,178.420000,183.410000,177.750000,182.740000,182.740000,35024815
NVDA,2025-05-01,183.010000,184.750000,177.200000,178.940000,178.940000,45641727
NVDA,2025-05-02,175.020000,182.400000,175,182.370000,182.370000,57047251
NVDA,2025-05-05,185.320000,189.440000,175.820000,179.940000,179.940000,40853755
NVDA,2025-05-06,182.300000,187.650000,171.040000,176.380000,176.380000,40416350
NVDA,2025-05-07,177.440000,179.250000,176.370000,178.180000,178.180000,47124219
NVDA,2025-05-08,180.210000,183.290000,168.280000,171.360000,171.360000,44303688
NVDA,2025-05-09,171.450000,173.080000,169.940000,171.570000,171.570000,53443992
NVDA,2025-05-12,174.730000,175.040000,166.660000,166.970000,166.970000,14475344
NVDA,2025-05-13,166.970000,171.160000,162.560000,166.750000,166.750000,35940035
NVDA,2025-05-14,165.950000,171.470000,163,168.520000,168.520000,25207353
NVDA,2025-05-15,168.010000,171.590000,160.900000,164.480000,164.480000,34762723
NVDA,2025-05-16,167.200000,169.750000,166.930000,169.480000,169.480000,47466438
NVDA,2025-05-19,170.550000,170.990000,169.200000,169.640000,169.640000,31942339
NVDA,2025-05-20,168.290000,177.700000,167.570000,176.980000,176.980000,32234189
NVDA,2025-05-21,175.600000,184.220000,172.630000,181.250000,181.250000,35415091
NVDA,2025-05-22,182.770000,185.380000,174.510000,177.120000,177.120000,38406630
NVDA,2025-05-23,176.640000,188.760000,171.070000,183.190000,183.190000,32786252
NVDA,2025-05-26,184.260000,185.740000,183.590000,185.070000,185.070000,43922043
NVDA,2025-05-27,182.240000,186.270000,180.830000,184.860000,184.860000,44026648
NVDA,2025-05-28,185.180000,188.600000,174.960000,178.380000,178.380000,31241242
NVDA,2025-05-29,179.580000,181.810000,171.950000,174.180000,174.180000,24028797
NVDA,2025-05-30,173.780000,176.700000,173.730000,176.650000,176.650000,45233594
NVDA,2025-06-02,178.830000,180.260000,171.490000,172.920000,172.920000,14108038
NVDA,2025-06-03,172.890000,178.460000,170.400000,175.970000,175.970000,35929116
NVDA,2025-06-04,174.830000,175.950000,170.590000,171.710000,171.710000,23492037
NVDA,2025-06-05,171.690000,172.300000,168.070000,168.690000,168.690000,34193362
NVDA,2025-06-06,170.660000,173.310000,159.390000,162.040000,162.040000,48290256
NVDA,2025-06-09,161.600000,166.270000,160.130000,164.800000,164.800000,28241646
NVDA,2025-06-10,165.720000,167.370000,154.190000,155.840000,155.840000,33797541
NVDA,2025-06-11,156.610000,159.890000,153.400000,156.680000,156.680000,23091228
NVDA,2025-06-12,155.780000,159.300000,141.220000,144.740000,144.740000,33427671
NVDA,2025-06-13,144.530000,145.350000,137.670000,138.490000,138.490000,61016140
NVDA,2025-06-16,139.560000,142.150000,139.210000,141.800000,141.800000,38224474
NVDA,2025-06-17,142.920000,145.630000,131.590000,134.300000,134.300000,50613470
NVDA,2025-06-18,134.980000,135.090000,130.580000,130.690000,130.690000,31109117
NVDA,2025-06-19,129.800000,135.290000,127.750000,133.240000,133.240000,38423575
NVDA,2025-06-20,132.640000,135.380000,123.580000,126.320000,126.320000,36441450
NVDA,2025-06-23,125.480000,129.800000,125.040000,129.360000,129.360000,41269001
NVDA,2025-06-24,129.910000,130.690000,128.130000,128.900000,128.900000,37051949
NVDA,2025-06-25,129.960000,131.930000,129.620000,131.590000,131.590000,44868859
NVDA,2025-06-26,128.480000,135.820000,126.190000,133.530000,133.530000,32255606
NVDA,2025-06-27,132.060000,132.510000,131.620000,132.060000,132.060000,37819715
NVDA,2025-06-30,130.980000,137.540000,129.820000,136.380000,136.380000,35623907
NVDA,2025-07-01,137.540000,140.090000,136.880000,139.440000,139.440000,21332774
NVDA,2025-07-02,137.380000,142.140000,132.380000,137.140000,137.140000,39082684
NVDA,2025-07-03,138.080000,142.910000,137.730000,142.560000,142.560000,35582213
NVDA,2025-07-04,142.460000,145,141.690000,144.230000,144.230000,34757683
NVDA,2025-07-07,145.210000,145.400000,140.080000,140.270000,140.270000,42717109
NVDA,2025-07-08,141.200000,146.670000,140.260000,145.730000,145.730000,37640788
NVDA,2025-07-09,147.670000,151,144.240000,147.580000,147.580000,47461395
NVDA,2025-07-10,147.620000,153.530000,143.170000,149.080000,149.080000,38200190
NVDA,2025-07-11,150.410000,152.020000,143.930000,145.530000,145.530000,37015616
NVDA,2025-07-14,143.620000,151.240000,142.220000,149.840000,149.840000,45961281
NVDA,2025-07-15,151.040000,153.620000,148.940000,151.520000,151.520000,45105399
NVDA,2025-07-16,151.500000,154.230000,146.110000,148.840000,148.840000,35207221
NVDA,2025-07-17,150.170000,150.470000,145.880000,146.170000,146.170000,34630587
NVDA,2025-07-18,144.230000,155.570000,140.310000,151.650000,151.650000,29534427
NVDA,2025-07-21,151.980000,155.530000,150.450000,154,154,13918357
NVDA,2025-07-22,153.320000,155.670000,152.890000,155.240000,155.240000,36301576
NVDA,2025-07-23,155.330000,161.210000,151.130000,157.010000,157.010000,35255414
NVDA,2025-07-24,157.150000,160.540000,156.850000,160.240000,160.240000,44025292
NVDA,2025-07-25,162.210000,164.530000,150.690000,153,153,44516157
NVDA,2025-07-28,153.340000,158.520000,146.630000,151.810000,151.810000,41245730
NVDA,2025-07-29,153.570000,156.340000,151.370000,154.130000,154.130000,22928984
NVDA,2025-07-30,153.540000,154.330000,145.060000,145.850000,145.850000,39502766
NVDA,2025-07-31,145.480000,148.430000,144.630000,147.570000,147.570000,45610076
NVDA,2025-08-01,147.260000,147.660000,146.570000,146.960000,146.960000,46853658
NVDA,2025-08-04,144.490000,147.040000,137.830000,140.380000,140.380000,32399501
NVDA,2025-08-05,141.900000,142.590000,137.720000,138.410000,138.410000,45424863
NVDA,2025-08-06,137.900000,143.090000,135.020000,140.210000,140.210000,46852530
NVDA,2025-08-07,139.830000,146.780000,136.090000,143.040000,143.040000,53504851
NVDA,2025-08-08,143.380000,148.360000,141.650000,146.630000,146.630000,37688171
NVDA,2025-08-11,146.180000,147.320000,143.140000,144.280000,144.280000,48509160
NVDA,2025-08-12,143.130000,144.240000,140.260000,141.370000,141.370000,43358851
NVDA,2025-08-13,140.660000,141.270000,139.630000,140.240000,140.240000,30283757
NVDA,2025-08-14,140.440000,146.460000,138.780000,144.800000,144.800000,52923258
NVDA,2025-08-15,143.240000,151.100000,142.680000,150.540000,150.540000,66971361
NVDA,2025-08-18,150.530000,156.180000,146.050000,151.700000,151.700000,30107889
NVDA,2025-08-19,151.330000,152.810000,146.880000,148.360000,148.360000,57067114
NVDA,2025-08-20,147.490000,150.100000,139.530000,142.130000,142.130000,47823561
NVDA,2025-08-21,141.550000,141.580000,138.690000,138.720000,138.720000,31908993
NVDA,2025-08-22,140.410000,142.870000,140.080000,142.540000,142.540000,42561188
NVDA,2025-08-25,143.930000,153.200000,141.760000,151.030000,151.030000,52524978
NVDA,2025-08-26,150.120000,152.140000,148.140000,150.160000,150.160000,39134265
NVDA,2025-08-27,151.020000,152.530000,143.660000,145.170000,145.170000,57127538
NVDA,2025-08-28,145.460000,145.460000,145.110000,145.110000,145.110000,31614439
NVDA,2025-08-29,143.980000,145.460000,140.140000,141.630000,141.630000,26039435
NVDA,2025-09-01,141.680000,146.980000,140.600000,145.900000,145.900000,43152070
NVDA,2025-09-02,145.820000,146.810000,142.170000,143.160000,143.160000,45798405
NVDA,2025-09-03,141.760000,142.610000,135.680000,136.530000,136.530000,60779129
NVDA,2025-09-04,135.260000,144.930000,132.230000,141.900000,141.900000,40815090
NVDA,2025-09-05,141.980000,146.090000,131.580000,135.690000,135.690000,28892505
NVDA,2025-09-08,136.520000,140.520000,130.200000,134.200000,134.200000,33897790
NVDA,2025-09-09,134.210000,135.600000,132.350000,133.740000,133.740000,25702673
NVDA,2025-09-10,135.790000,136.380000,134.240000,134.830000,134.830000,50306815
NVDA,2025-09-11,139.160000,139.730000,131.790000,132.360000,132.360000,33230848
NVDA,2025-09-12,133.020000,135.060000,123.440000,125.470000,125.470000,57912083
NVDA,2025-09-15,124.080000,138.080000,121.090000,135.100000,135.100000,55061649
NVDA,2025-09-16,136.950000,139.380000,131.160000,133.590000,133.590000,47740739
NVDA,2025-09-17,134.570000,137.750000,132.220000,135.400000,135.400000,45691441
NVDA,2025-09-18,134.230000,140.870000,131.390000,138.030000,138.030000,42668032
NVDA,2025-09-19,136.990000,141.140000,135.210000,139.360000,139.360000,44389912
NVDA,2025-09-22,138.460000,141.180000,128.220000,130.940000,130.940000,34481885
NVDA,2025-09-23,130.050000,134.770000,128.610000,133.330000,133.330000,46955955
NVDA,2025-09-24,134.530000,134.600000,129.410000,129.480000,129.480000,21262648
NVDA,2025-09-25,130.900000,131.130000,127.970000,128.200000,128.200000,48422924
NVDA,2025-09-26,128.410000,133.170000,127.450000,132.210000,132.210000,42523265
NVDA,2025-09-29,131.240000,139.310000,129.810000,137.890000,137.890000,49255051
NVDA,2025-09-30,138.770000,144.700000,134.480000,140.410000,140.410000,33434445
NVDA,2025-10-01,138.610000,138.930000,135.850000,136.160000,136.160000,54103629
NVDA,2025-10-02,133.680000,143.540000,130.260000,140.120000,140.120000,56651922
NVDA,2025-10-03,140.020000,140.730000,131.090000,131.800000,131.800000,41178196
NVDA,2025-10-06,131.410000,131.620000,124.600000,124.820000,124.820000,41986699
NVDA,2025-10-07,124.600000,131.040000,122.590000,129.030000,129.030000,44532479
NVDA,2025-10-08,129.990000,139.940000,125.430000,135.380000,135.380000,52771192
NVDA,2025-10-09,135.380000,138.650000,130.670000,133.930000,133.930000,46697035
NVDA,2025-10-10,136.590000,139.730000,120.710000,123.850000,123.850000,55533825
NVDA,2025-10-13,123.810000,126.070000,122.930000,125.190000,125.190000,61989486
NVDA,2025-10-14,126.390000,127.030000,117.090000,117.730000,117.730000,41812650
NVDA,2025-10-15,118.980000,119.820000,118.730000,119.570000,119.570000,45599700
NVDA,2025-10-16,119.600000,123.710000,114.690000,118.790000,118.790000,46493590
NVDA,2025-10-17,118.770000,122.880000,115.060000,119.170000,119.170000,39401894
NVDA,2025-10-20,117.770000,121.290000,115.990000,119.510000,119.510000,54541541
NVDA,2025-10-21,118.440000,119.480000,115.140000,116.180000,116.180000,25357528
NVDA,2025-10-22,116.640000,120.790000,116.330000,120.480000,120.480000,49051144
NVDA,2025-10-23,119.680000,121.960000,118.340000,120.620000,120.620000,45804838
NVDA,2025-10-24,120.410000,120.830000,112.500000,112.930000,112.930000,44428642
NVDA,2025-10-27,112.430000,115.010000,112.140000,114.710000,114.710000,34214570
NVDA,2025-10-28,116.080000,116.240000,110.920000,111.070000,111.070000,29215769
NVDA,2025-10-29,109.880000,112.740000,107.350000,110.210000,110.210000,31645959
NVDA,2025-10-30,109.670000,111.350000,107.670000,109.350000,109.350000,59834469
NVDA,2025-10-31,108.590000,109.050000,103.450000,103.920000,103.920000,27272020
NVDA,2025-11-03,104.430000,104.570000,103.490000,103.630000,103.630000,48785235
NVDA,2025-11-04,103.430000,104.600000,97.260000,98.430000,98.430000,58327037
NVDA,2025-11-05,99.680000,104.110000,96.510000,100.940000,100.940000,47448608
NVDA,2025-11-06,100.930000,104.320000,96.870000,100.260000,100.260000,43321126
NVDA,2025-11-07,100.880000,101.230000,98.210000,98.560000,98.560000,32964422
NVDA,2025-11-10,98.700000,99.770000,95.590000,96.670000,96.670000,50812837
NVDA,2025-11-11,96.580000,99.300000,94.760000,97.480000,97.480000,42709613
NVDA,2025-11-12,96.260000,100.290000,96.200000,100.230000,100.230000,20576113
NVDA,2025-11-13,99.930000,100.730000,98.790000,99.590000,99.590000,38958969
NVDA,2025-11-14,99.710000,100.920000,97.160000,98.370000,98.370000,59284676
NVDA,2025-11-17,97.890000,103.560000,95.350000,101.030000,101.030000,32253287
NVDA,2025-11-18,101.880000,102.080000,93.890000,94.090000,94.090000,61414912
NVDA,2025-11-19,93.950000,95.380000,84.390000,85.820000,85.820000,47077599
NVDA,2025-11-20,83.890000,87.730000,80.020000,83.860000,83.860000,29533923
NVDA,2025-11-21,83.770000,85.960000,82.320000,84.510000,84.510000,41883328
NVDA,2025-11-24,83.160000,86.930000,82.810000,86.580000,86.580000,57456778
NVDA,2025-11-25,86.110000,90.130000,84.370000,88.390000,88.390000,36864340
NVDA,2025-11-26,86.180000,86.540000,85.550000,85.910000,85.910000,22621204
NVDA,2025-11-27,86.110000,87.040000,85.480000,86.400000,86.400000,34545276
NVDA,2025-11-28,86.810000,89.980000,85.040000,88.210000,88.210000,50712331
NVDA,2025-12-01,87.810000,90.010000,87.150000,89.350000,89.350000,27109593
NVDA,2025-12-02,88.850000,89.950000,88.600000,89.700000,89.700000,45323351
NVDA,2025-12-03,88.480000,95.060000,87.080000,93.670000,93.670000,36401719
NVDA,2025-12-04,93.750000,94.460000,92.010000,92.720000,92.720000,30225761
NVDA,2025-12-05,93.150000,98.650000,91.350000,96.850000,96.850000,54363121
NVDA,2025-12-08,96.580000,103.620000,94.690000,101.730000,101.730000,43140386
NVDA,2025-12-09,102.300000,103.910000,97.280000,98.880000,98.880000,51680048
NVDA,2025-12-10,98.800000,98.940000,98.090000,98.240000,98.240000,50090108
NVDA,2025-12-11,98.430000,98.810000,92.210000,92.590000,92.590000,32359628
NVDA,2025-12-12,91.660000,92.500000,88.730000,89.560000,89.560000,51777529
NVDA,2025-12-15,89.710000,93.250000,87.710000,91.250000,91.250000,37240163
NVDA,2025-12-16,90.210000,92.610000,89.760000,92.160000,92.160000,36973691
NVDA,2025-12-17,91.590000,93.990000,90.930000,93.340000,93.340000,44227182
NVDA,2025-12-18,94.300000,95.670000,91,92.370000,92.370000,37935429
NVDA,2025-12-19,92.590000,93.850000,89.490000,90.750000,90.750000,52352655
NVDA,2025-12-22,90.390000,98.860000,89.970000,98.440000,98.440000,25393419
NVDA,2025-12-23,99.390000,99.680000,97.890000,98.170000,98.170000,41325657
NVDA,2025-12-24,99.940000,100.350000,98.580000,98.980000,98.980000,64797384
NVDA,2025-12-25,99.390000,102.420000,97.410000,100.440000,100.440000,27417039
NVDA,2025-12-26,101.560000,102.570000,96.630000,97.640000,97.640000,33982189
NVDA,2025-12-29,99.700000,102.530000,97.790000,100.630000,100.630000,41305412
NVDA,2025-12-30,98.970000,105.230000,97.240000,103.510000,103.510000,39713582
NVDA,2025-12-31,101.490000,103.220000,101.180000,102.910000,102.910000,20741992
NVDA,2026-01-02,102.850000,105.350000,99.960000,102.450000,102.450000,32790490
NVDA,2026-01-05,102.490000,109.840000,98.420000,105.770000,105.770000,47799175
NVDA,2026-01-06,106.650000,107.540000,99.490000,100.380000,100.380000,34533190
NVDA,2026-01-07,100.610000,100.630000,99.390000,99.400000,99.400000,43738846
NVDA,2026-01-08,99.230000,99.310000,90.160000,90.240000,90.240000,50509452
NVDA,2026-01-09,90.480000,91.940000,87.760000,89.220000,89.220000,47887284
NVDA,2026-01-12,89.350000,91.410000,84.270000,86.330000,86.330000,34812804
NVDA,2026-01-13,85.740000,88.230000,84.160000,86.660000,86.660000,38289875
NVDA,2026-01-14,86.300000,88.040000,85.030000,86.770000,86.770000,51980343
NVDA,2026-01-15,87.070000,87.320000,83.520000,83.760000,83.760000,41504036
NVDA,2026-01-16,84.370000,85.620000,81.690000,82.940000,82.940000,46071910
NVDA,2026-01-20,84.450000,85.560000,81.830000,82.930000,82.930000,36633983
NVDA,2026-01-21,83.370000,83.930000,79.460000,80.020000,80.020000,29996742
NVDA,2026-01-22,80.050000,81.980000,79.020000,80.950000,80.950000,35853900
NVDA,2026-01-23,81.440000,83.100000,74.720000,76.380000,76.380000,51630861
NVDA,2026-01-26,74.970000,75.910000,74.810000,75.750000,75.750000,39097057
NVDA,2026-01-27,75.320000,75.510000,74.960000,75.150000,75.150000,27129496
NVDA,2026-01-28,74.940000,75.420000,73.850000,74.330000,74.330000,38754132
NVDA,2026-01-29,73.940000,79.440000,72.220000,77.720000,77.720000,47833720
NVDA,2026-01-30,77.420000,77.630000,77.220000,77.420000,77.420000,48004906
NVDA,2026-02-02,77.050000,77.380000,76.930000,77.260000,77.260000,38443614
NVDA,2026-02-03,77.480000,78.060000,75.470000,76.050000,76.050000,30632647
NVDA,2026-02-04,76.270000,79.150000,75.980000,78.870000,78.870000,44130774
NVDA,2026-02-05,79.320000,81.620000,76.970000,79.270000,79.270000,38410405
NVDA,2026-02-06,79.110000,80.410000,78.440000,79.740000,79.740000,42451967
NVDA,2026-02-09,79.610000,80.050000,78.980000,79.420000,79.420000,8106341
NVDA,2026-02-10,78.860000,79.750000,78.800000,79.690000,79.690000,26619414
NVDA,2026-02-11,80.030000,82.600000,76.640000,79.210000,79.210000,25283033
NVDA,2026-02-12,78.710000,80.300000,77.150000,78.740000,78.740000,27619605
NVDA,2026-02-13,77.400000,79.460000,77.180000,79.230000,79.230000,22765782
NVDA,2026-02-17,78.510000,81.220000,77.280000,79.990000,79.990000,70011620
NVDA,2026-02-18,78.870000,84.230000,78.070000,83.430000,83.430000,38771839
NVDA,2026-02-19,83.860000,85.080000,79.350000,80.580000,80.580000,18131874
NVDA,2026-02-20,80.530000,85.770000,79.150000,84.390000,84.390000,49006179
NVDA,2026-02-23,84.960000,85.940000,80.270000,81.240000,81.240000,38464280
NVDA,2026-02-24,80.370000,85.200000,78.440000,83.270000,83.270000,55651940
NVDA,2026-02-25,83.350000,84.280000,81.280000,82.210000,82.210000,-846192
NVDA,2026-02-26,81.060000,83.800000,81.020000,83.750000,83.750000,26049309
NVDA,2026-02-27,84.200000,84.670000,79.220000,79.690000,79.690000,49286768
NVDA,2026-03-02,78.520000,81.330000,77.290000,80.100000,80.100000,42234941
NVDA,2026-03-03,79.860000,87.630000,78.640000,86.410000,86.410000,31407522
NVDA,2026-03-04,86.650000,92.690000,85.430000,91.470000,91.470000,43842297
NVDA,2026-03-05,91.690000,92.690000,90.530000,91.530000,91.530000,43132987
NVDA,2026-03-06,89.200000,94.270000,87.520000,92.580000,92.580000,49582169
NVDA,2026-03-09,90.780000,91.300000,88.960000,89.480000,89.480000,32239188
NVDA,2026-03-10,90.220000,91.490000,90.180000,91.450000,91.450000,39712434
NVDA,2026-03-11,90.350000,90.780000,88.430000,88.860000,88.860000,26786579
NVDA,2026-03-12,88.010000,89.170000,87.350000,88.510000,88.510000,36318646
NVDA,2026-03-13,89.940000,92.890000,83.700000,86.640000,86.640000,45398497
NVDA,2026-03-16,85.560000,88.510000,84.910000,87.860000,87.860000,42116460
NVDA,2026-03-17,87.280000,87.430000,85.480000,85.630000,85.630000,55628643
NVDA,2026-03-18,84.810000,88.150000,83.920000,87.260000,87.260000,42572861
NVDA,2026-03-19,86.220000,88.810000,85.860000,88.450000,88.450000,38849600
NVDA,2026-03-20,88.550000,93.290000,87.740000,92.480000,92.480000,18217878
NVDA,2026-03-23,92.430000,97.040000,90.820000,95.440000,95.440000,38670820
NVDA,2026-03-24,95.540000,96.520000,91.880000,92.860000,92.860000,36143392
NVDA,2026-03-25,94.490000,94.610000,92.800000,92.910000,92.910000,47719049
NVDA,2026-03-26,93.880000,94.980000,90.610000,91.710000,91.710000,30099495
NVDA,2026-03-27,90.700000,94.180000,90.100000,93.580000,93.580000,22208611
NVDA,2026-03-30,92.400000,95.580000,92.310000,95.490000,95.490000,31715565
NVDA,2026-03-31,96.090000,100.020000,94.060000,97.990000,97.990000,28028737
NVDA,2026-04-01,98.590000,102.530000,96.910000,100.850000,100.850000,39405703
NVDA,2026-04-02,102.840000,104.270000,98.240000,99.670000,99.670000,45131539
NVDA,2026-04-06,99.110000,99.380000,97.360000,97.630000,97.630000,40941715
NVDA,2026-04-07,97.280000,104.990000,95.730000,103.440000,103.440000,42322923
NVDA,2026-04-08,102.970000,105.130000,102.490000,104.640000,104.640000,44392593
NVDA,2026-04-09,105.650000,107.750000,97.430000,99.540000,99.540000,34181376
NVDA,2026-04-10,99.340000,99.620000,96.550000,96.830000,96.830000,40650332
NVDA,2026-04-13,96.210000,97.080000,93.070000,93.940000,93.940000,50993705
NVDA,2026-04-14,95.420000,96.660000,91.860000,93.100000,93.100000,42033581
NVDA,2026-04-15,95.110000,95.330000,90.620000,90.840000,90.840000,36137714
NVDA,2026-04-16,91.230000,92.540000,88.560000,89.870000,89.870000,40629812
NVDA,2026-04-17,89.030000,90.020000,89.020000,90.010000,90.010000,32934268
NVDA,2026-04-20,90.310000,91.150000,87.470000,88.310000,88.310000,34862125
NVDA,2026-04-21,88.650000,90.270000,88.520000,90.150000,90.150000,31512271
NVDA,2026-04-22,89.170000,89.520000,89.100000,89.450000,89.450000,20485577
NVDA,2026-04-23,90.670000,91.710000,83.820000,84.860000,84.860000,50491224
NVDA,2026-04-24,84.300000,86.840000,84.200000,86.740000,86.740000,34970410
NVDA,2026-04-27,87.340000,94.300000,85.210000,92.170000,92.170000,40012945
NVDA,2026-04-28,92.240000,92.420000,89.840000,90.010000,90.010000,30437149
NVDA,2026-04-29,89.030000,93.070000,88.510000,92.550000,92.550000,36443867
NVDA,2026-04-30,93.630000,94.640000,92.610000,93.620000,93.620000,48209433
NVDA,2026-05-01,94.660000,98.990000,91.470000,95.800000,95.800000,24511253
NVDA,2026-05-04,96.200000,97.660000,91.330000,92.790000,92.790000,31893777
NVDA,2026-05-05,93.390000,94.600000,89.670000,90.890000,90.890000,43845011
NVDA,2026-05-06,90.960000,92.370000,89.980000,91.390000,91.390000,36841858
NVDA,2026-05-07,92.030000,93.580000,90.700000,92.240000,92.240000,22309998
NVDA,2026-05-08,92.450000,94.390000,89.650000,91.590000,91.590000,46804254
NVDA,2026-05-11,90.840000,91.500000,90.270000,90.930000,90.930000,27121730
NVDA,2026-05-12,90.670000,92.480000,87.340000,89.150000,89.150000,33457130
NVDA,2026-05-13,91.340000,93.490000,85.520000,87.670000,87.670000,39962599
NVDA,2026-05-14,87.560000,88.130000,86.460000,87.020000,87.020000,44503243
NVDA,2026-05-15,88.040000,88.850000,84.730000,85.530000,85.530000,26643874
NVDA,2026-05-18,84.510000,86.660000,83.590000,85.740000,85.740000,43304086
NVDA,2026-05-19,85.600000,87.220000,82.920000,84.540000,84.540000,34073493
NVDA,2026-05-20,83.450000,86.840000,82.190000,85.590000,85.590000,42158729
NVDA,2026-05-21,85.260000,85.520000,83.610000,83.870000,83.870000,42662150
NVDA,2026-05-22,83.260000,85.770000,79.790000,82.300000,82.300000,37900955
NVDA,2026-05-26,81.010000,83.020000,80.180000,82.190000,82.190000,33900351
NVDA,2026-05-27,83.210000,86.690000,82.770000,86.250000,86.250000,38841781
NVDA,2026-05-28,86.670000,87.020000,83.740000,84.090000,84.090000,55949427
NVDA,2026-05-29,84.840000,85.430000,81.200000,81.780000,81.780000,41063087
NVDA,2026-06-01,82.280000,84.190000,81,82.920000,82.920000,10229856
NVDA,2026-06-02,82.680000,86.750000,81.240000,85.310000,85.310000,25846776
NVDA,2026-06-03,85.390000,91.800000,84.530000,90.950000,90.950000,35379875
NVDA,2026-06-04,90.630000,94.570000,90.010000,93.950000,93.950000,42549224
NVDA,2026-06-05,93.920000,94.590000,91.430000,92.110000,92.110000,33213516
NVDA,2026-06-08,92.860000,93.840000,92.830000,93.810000,93.810000,37844574
NVDA,2026-06-09,93.550000,96.220000,89.360000,92.030000,92.030000,28741677
NVDA,2026-06-10,91.790000,93.450000,88.250000,89.910000,89.910000,12646250
NVDA,2026-06-11,90.920000,92.340000,87.300000,88.720000,88.720000,45996639
NVDA,2026-06-12,89.860000,92.650000,86.030000,88.810000,88.810000,37452169
NVDA,2026-06-15,89.440000,93.840000,87.930000,92.320000,92.320000,48192058
NVDA,2026-06-16,91.450000,93.760000,90.820000,93.130000,93.130000,39004545
NVDA,2026-06-17,94.030000,95.710000,92.770000,94.460000,94.460000,46901738
NVDA,2026-06-18,95.930000,96.780000,94.730000,95.590000,95.590000,37239353
NVDA,2026-06-22,96.100000,97.710000,96.080000,97.690000,97.690000,34117025
NVDA,2026-06-23,95.810000,99.500000,94.570000,98.250000,98.250000,26923217
NVDA,2026-06-24,96.690000,98.440000,96.580000,98.340000,98.340000,22314856
NVDA,2026-06-25,98.490000,102.820000,98.320000,102.650000,102.650000,18633294
NVDA,2026-06-26,101.870000,101.950000,97.440000,97.520000,97.520000,39696533
NVDA,2026-06-29,97.520000,103.690000,95.450000,101.630000,101.630000,29349909
NVDA,2026-06-30,103.280000,106.220000,101.370000,104.320000,104.320000,27383511
NVDA,2026-07-01,102.830000,106.140000,98.200000,101.510000,101.510000,41528924
NVDA,2026-07-02,102.730000,104.010000,96.880000,98.160000,98.160000,49067911
NVDA,2026-07-06,98.820000,99.120000,96.690000,96.980000,96.980000,39147315
NVDA,2026-07-07,97.590000,101.820000,97.370000,101.610000,101.610000,66391683
NVDA,2026-07-08,101.060000,101.600000,97.900000,98.440000,98.440000,35951062
NVDA,2026-07-09,98.810000,98.880000,97.500000,97.570000,97.570000,41233579
NVDA,2026-07-10,95.950000,101.240000,95.660000,100.950000,100.950000,49210379
NVDA,2026-07-13,100.730000,106.930000,99.920000,106.130000,106.130000,42559110
NVDA,2026-07-14,105.520000,107.890000,104.860000,107.230000,107.230000,18765366
NVDA,2026-07-15,107.310000,108.090000,105.880000,106.660000,106.660000,38228542
NVDA,2026-07-16,106.830000,109.470000,105.930000,108.560000,108.560000,43882343
NVDA,2026-07-17,108.550000,115.480000,106.860000,113.790000,113.790000,51019927
NVDA,2026-07-20,113.390000,121.130000,112.610000,120.340000,120.340000,45394513
NVDA,2026-07-21,118.650000,120.100000,116.860000,118.310000,118.310000,46641816
NVDA,2026-07-22,118.530000,118.660000,111.080000,111.210000,111.210000,39047389
NVDA,2026-07-23,108.950000,111.960000,99.160000,102.170000,102.170000,46180598
NVDA,2026-07-24,103.080000,105.070000,95.720000,97.710000,97.710000,33534262
NVDA,2026-07-27,98.160000,98.980000,93.330000,94.150000,94.150000,35153250
NVDA,2026-07-28,93.620000,98,90.570000,94.950000,94.950000,62825438
NVDA,2026-07-29,93.970000,99.950000,93.460000,99.430000,99.430000,54660351
NVDA,2026-07-30,100.030000,100.100000,97.960000,98.030000,98.030000,46143373
NVDA,2026-07-31,96.830000,101.130000,95.110000,99.410000,99.410000,31389412
NVDA,2026-08-03,98.570000,101.840000,96.860000,100.130000,100.130000,67316918
NVDA,2026-08-04,101.120000,105.070000,99.590000,103.540000,103.540000,54640578
NVDA,2026-08-05,103.080000,111.050000,102.590000,110.560000,110.560000,31337273
NVDA,2026-08-06,112.130000,112.210000,110.850000,110.930000,110.930000,46171131
NVDA,2026-08-07,112.340000,112.720000,109.080000,109.470000,109.470000,35664533
NVDA,2026-08-10,110.340000,113.980000,104.800000,108.430000,108.430000,58187188
NVDA,2026-08-11,108.690000,109.460000,105.260000,106.020000,106.020000,22143738
NVDA,2026-08-12,103.600000,105.390000,103.070000,104.860000,104.860000,50075155
NVDA,2026-08-13,103.460000,103.810000,103,103.350000,103.350000,48949942
NVDA,2026-08-14,105.520000,106.470000,101.240000,102.190000,102.190000,37430651
NVDA,2026-08-17,102.600000,106.890000,101.310000,105.600000,105.600000,27564966
NVDA,2026-08-18,104.710000,106.820000,104.440000,106.540000,106.540000,43637206
NVDA,2026-08-19,107.820000,109.190000,107.350000,108.720000,108.720000,42301941
NVDA,2026-08-20,110.730000,119.660000,110.480000,119.420000,119.420000,18612409
NVDA,2026-08-21,120.470000,122.410000,119.920000,121.860000,121.860000,30473815
NVDA,2026-08-24,121.110000,128.060000,120.620000,127.570000,127.570000,30995847
META,2024-10-28,601.750000,604.270000,598.880000,601.400000,601.400000,5479443
META,2024-10-29,611.730000,619.070000,595.270000,602.600000,602.600000,4419756
META,2024-10-30,610.280000,620.280000,597.080000,607.080000,607.080000,3291412
META,2024-10-31,606.840000,610.540000,596.110000,599.820000,599.820000,4021769
META,2024-11-01,601.560000,616.750000,577.050000,592.250000,592.250000,3524322
META,2024-11-04,591.080000,610.650000,582.250000,601.820000,601.820000,4954023
META,2024-11-05,600.200000,608.670000,598.090000,606.560000,606.560000,6788641
META,2024-11-06,602.200000,630.600000,598.120000,626.520000,626.520000,5072369
META,2024-11-07,624.270000,634.160000,621.080000,630.970000,630.970000,4598630
META,2024-11-08,622.130000,662.250000,616.860000,656.980000,656.980000,5391945
META,2024-11-11,659.580000,663.560000,650.460000,654.440000,654.440000,4377847
META,2024-11-12,649.560000,677.240000,636.720000,664.400000,664.400000,2750885
META,2024-11-13,658.740000,672.890000,643.600000,657.750000,657.750000,5464546
META,2024-11-14,656.330000,683.130000,647.100000,673.900000,673.900000,3631240
META,2024-11-15,679.830000,686.670000,669.130000,675.970000,675.970000,4527194
META,2024-11-18,678.450000,682.320000,672.810000,676.680000,676.680000,5038680
META,2024-11-19,678.260000,682.380000,672.150000,676.270000,676.270000,3963899
META,2024-11-20,673.670000,688.270000,654.520000,669.110000,669.110000,4660971
META,2024-11-21,669.140000,688.350000,657.960000,677.180000,677.180000,4943205
META,2024-11-22,681.190000,688.420000,672.920000,680.160000,680.160000,4263999
META,2024-11-25,681.710000,687.200000,665.760000,671.260000,671.260000,3453594
META,2024-11-26,664.440000,696.160000,658.590000,690.320000,690.320000,6193319
META,2024-11-27,688.410000,691.600000,667.150000,670.340000,670.340000,3616945
META,2024-11-28,668.020000,668.890000,663,663.870000,663.870000,4101834
META,2024-11-29,666.030000,670.830000,652.880000,657.680000,657.680000,4664762
META,2024-12-02,658.210000,678.510000,656.560000,676.860000,676.860000,4195130
META,2024-12-03,681.670000,697.950000,676.770000,693.050000,693.050000,3558747
META,2024-12-04,692.110000,714.520000,689.320000,711.730000,711.730000,5083586
META,2024-12-05,709.130000,716.610000,691.470000,698.940000,698.940000,5304124
META,2024-12-06,698.080000,698.100000,681.170000,681.190000,681.190000,4123339
META,2024-12-09,682.880000,694.130000,678.640000,689.890000,689.890000,4976247
META,2024-12-10,692.560000,699.170000,671.300000,677.900000,677.900000,4871779
META,2024-12-11,675.680000,679.240000,674.980000,678.540000,678.540000,5085340
META,2024-12-12,677.450000,696.310000,670.610000,689.470000,689.470000,6364583
META,2024-12-13,694.510000,696.720000,683.870000,686.070000,686.070000,5357071
META,2024-12-16,692.210000,697.490000,691.700000,696.990000,696.990000,3786874
META,2024-12-17,691.990000,733.190000,687.330000,728.530000,728.530000,5570407
META,2024-12-18,722.270000,750.060000,719.880000,747.670000,747.670000,2457868
META,2024-12-19,750.410000,752.690000,732.080000,734.360000,734.360000,5606219
META,2024-12-20,731.610000,737.570000,720.880000,726.840000,726.840000,4201133
META,2024-12-23,731.680000,733.290000,712.770000,714.380000,714.380000,4649513
META,2024-12-24,713.580000,720.800000,712.710000,719.930000,719.930000,5990295
META,2024-12-25,718.510000,722.290000,702.960000,706.740000,706.740000,3950885
META,2024-12-26,711.590000,712.450000,708,708.860000,708.860000,5026876
META,2024-12-27,711.470000,724.050000,702.740000,715.320000,715.320000,2663830
META,2024-12-30,723.060000,744.510000,713.100000,734.560000,734.560000,1673535
META,2024-12-31,736.420000,736.850000,721.910000,722.340000,722.340000,3927774
META,2025-01-01,733.210000,742.230000,709.260000,718.280000,718.280000,3501189
META,2025-01-02,715.820000,722.920000,694.550000,701.650000,701.650000,5201754
META,2025-01-03,705.290000,732.890000,699.780000,727.380000,727.380000,6282406
META,2025-01-06,726.730000,745.740000,720.810000,739.810000,739.810000,3393549
META,2025-01-07,738.540000,754.870000,695.720000,712.050000,712.050000,5080116
META,2025-01-08,706.510000,722.960000,700.790000,717.240000,717.240000,4152226
META,2025-01-09,725.980000,728.180000,719.100000,721.310000,721.310000,4151021
META,2025-01-10,723.090000,726.550000,716.560000,720.020000,720.020000,2811409
META,2025-01-13,722.950000,723.010000,719.460000,719.520000,719.520000,3323100
META,2025-01-14,720.890000,729.660000,715.060000,723.830000,723.830000,6090117
META,2025-01-15,716.970000,752.180000,706.320000,741.530000,741.530000,3919234
META,2025-01-16,739.650000,746.920000,729.980000,737.250000,737.250000,3855701
META,2025-01-17,736.660000,739.860000,722.240000,725.440000,725.440000,3633740
META,2025-01-20,729.280000,737.400000,728.560000,736.680000,736.680000,6249600
META,2025-01-21,739.970000,747.730000,698.700000,706.470000,706.470000,3799667
META,2025-01-22,701.720000,719.590000,690.650000,708.520000,708.520000,5230842
META,2025-01-23,707.340000,736.780000,702.250000,731.690000,731.690000,3132833
META,2025-01-24,736.190000,763.280000,725.730000,752.820000,752.820000,4305421
META,2025-01-27,752.300000,801.620000,744.190000,793.520000,793.520000,5560151
META,2025-01-28,803.710000,809.730000,779.590000,785.610000,785.610000,2711283
META,2025-01-29,784.080000,799.300000,781.950000,797.170000,797.170000,3520882
META,2025-01-30,801.830000,805.440000,785.710000,789.320000,789.320000,3439714
META,2025-01-31,792.640000,805.510000,785.100000,797.970000,797.970000,5149370
META,2025-02-03,794.820000,801.020000,784.190000,790.390000,790.390000,1998268
META,2025-02-04,790.100000,799.630000,775.690000,785.210000,785.210000,2163816
META,2025-02-05,786.500000,788.480000,768.700000,770.680000,770.680000,3574317
META,2025-02-06,777.080000,777.940000,759.410000,760.280000,760.280000,4157476
META,2025-02-07,757.600000,774.310000,753.370000,770.070000,770.070000,4021274
META,2025-02-10,763.860000,770,741.280000,747.410000,747.410000,2873582
META,2025-02-11,748.050000,749.170000,739.550000,740.670000,740.670000,4463316
META,2025-02-12,740.960000,754.380000,734.270000,747.690000,747.690000,6233403
META,2025-02-13,749.540000,770.360000,721.680000,742.500000,742.500000,4102073
META,2025-02-14,749.860000,751.860000,741.040000,743.040000,743.040000,4309782
META,2025-02-17,745.390000,746.470000,720.340000,721.420000,721.420000,3087543
META,2025-02-18,721.090000,733.600000,710.520000,723.020000,723.020000,3734072
META,2025-02-19,723.270000,740.890000,722.120000,739.740000,739.740000,3561672
META,2025-02-20,745.020000,749.870000,733.050000,737.900000,737.900000,5548291
META,2025-02-21,742,757.320000,717.890000,733.200000,733.200000,1944745
META,2025-02-24,740.900000,741.590000,731.260000,731.950000,731.950000,4001769
META,2025-02-25,738.270000,752.980000,735.400000,750.110000,750.110000,4440631
META,2025-02-26,748.840000,765.570000,738.400000,755.130000,755.130000,1892942
META,2025-02-27,749.810000,754.800000,737.100000,742.090000,742.090000,3070125
META,2025-02-28,740.480000,756.380000,728.040000,743.940000,743.940000,3082426
META,2025-03-03,740.600000,746.030000,729.720000,735.150000,735.150000,4538203
META,2025-03-04,736.700000,747.740000,735.750000,746.780000,746.780000,4644783
META,2025-03-05,747.760000,760.850000,722.290000,735.370000,735.370000,3027108
META,2025-03-06,731.930000,734.930000,711.150000,714.150000,714.150000,805158
META,2025-03-07,716.690000,728.790000,710.410000,722.510000,722.510000,4090681
META,2025-03-10,722.820000,732.540000,696.360000,706.080000,706.080000,3297551
META,2025-03-11,710.530000,711.140000,699.710000,700.330000,700.330000,5166673
META,2025-03-12,699.560000,721.260000,690.610000,712.310000,712.310000,3655901
META,2025-03-13,707.090000,725.610000,705.960000,724.470000,724.470000,3141720
META,2025-03-14,725.520000,736.730000,714.800000,726.010000,726.010000,4026681
META,2025-03-17,727.450000,745.590000,722.920000,741.060000,741.060000,1983457
META,2025-03-18,744.320000,768.160000,743.230000,767.070000,767.070000,5516697
META,2025-03-19,772.210000,777.820000,760.670000,766.280000,766.280000,2847184
META,2025-03-20,765.560000,775.130000,745.170000,754.740000,754.740000,5060085
META,2025-03-21,760,772.450000,751.700000,764.140000,764.140000,5193575
META,2025-03-24,765.590000,810.310000,753.310000,798.040000,798.040000,5868855
META,2025-03-25,791.850000,814.600000,790.930000,813.680000,813.680000,4720442
META,2025-03-26,811.370000,819.730000,777.990000,786.350000,786.350000,3170785
META,2025-03-27,775.970000,804.060000,774.080000,802.170000,802.170000,3162593
META,2025-03-28,792.350000,799.570000,777.020000,784.240000,784.240000,3537194
META,2025-03-31,790.630000,820.840000,777.290000,807.500000,807.500000,3979299
META,2025-04-01,805.740000,839.780000,790.120000,824.160000,824.160000,4688085
META,2025-04-02,808.720000,843.770000,804.350000,839.400000,839.400000,3844487
META,2025-04-03,830.150000,870.020000,821.720000,861.590000,861.590000,3666152
META,2025-04-04,866.140000,868.010000,864.320000,866.190000,866.190000,3237233
META,2025-04-07,857.220000,880.480000,853.830000,877.090000,877.090000,4737749
META,2025-04-08,874.160000,881.540000,872.910000,880.290000,880.290000,2642227
META,2025-04-09,881.350000,895.060000,874.910000,888.620000,888.620000,4453022
META,2025-04-10,886.640000,900.050000,884.710000,898.120000,898.120000,5422285
META,2025-04-11,895.350000,898.450000,872.530000,875.630000,875.630000,4092875
META,2025-04-14,874.580000,879.990000,856.070000,861.490000,861.490000,3951783
META,2025-04-15,850.890000,852.260000,827.790000,829.150000,829.150000,5536506
META,2025-04-16,825.240000,842.310000,819.880000,836.950000,836.950000,2837470
META,2025-04-17,833.660000,845.190000,802.630000,814.160000,814.160000,4457625
META,2025-04-18,814.160000,827.360000,813.650000,826.850000,826.850000,5566623
META,2025-04-21,814.110000,820.820000,805.680000,812.390000,812.390000,3679833
META,2025-04-22,818.050000,820.140000,789.030000,791.120000,791.120000,4966291
META,2025-04-23,788.740000,815.820000,786.920000,814,814,6718876
META,2025-04-24,814.020000,824.230000,809.040000,819.260000,819.260000,2870974
META,2025-04-25,821.470000,848.160000,818.430000,845.120000,845.120000,2271902
META,2025-04-28,843.130000,884.100000,839.370000,880.340000,880.340000,5353058
META,2025-04-29,884.740000,896.570000,850.790000,862.620000,862.620000,4298962
META,2025-04-30,857.650000,878.230000,834.070000,854.650000,854.650000,3143240
META,2025-05-01,860.490000,864.680000,846.870000,851.060000,851.060000,4068248
META,2025-05-02,848.080000,852.010000,832.680000,836.610000,836.610000,4027307
META,2025-05-05,843.100000,848.960000,824.400000,830.260000,830.260000,8204136
META,2025-05-06,818.490000,822.010000,816.380000,819.900000,819.900000,5274182
META,2025-05-07,822.620000,855.220000,809.230000,841.830000,841.830000,5283703
META,2025-05-08,836.610000,843.290000,827.670000,834.350000,834.350000,5359999
META,2025-05-09,835.080000,875.300000,818.910000,859.130000,859.130000,2774407
META,2025-05-12,865.970000,896.420000,853.780000,884.230000,884.230000,2863367
META,2025-05-13,894.360000,901.140000,877.720000,884.500000,884.500000,4720079
META,2025-05-14,887.270000,924.460000,885.310000,922.500000,922.500000,3905110
META,2025-05-15,917.270000,922.840000,913.150000,918.710000,918.710000,4774754
META,2025-05-16,921.290000,971.570000,915.980000,966.250000,966.250000,4694005
META,2025-05-19,967.140000,981.730000,963.240000,977.820000,977.820000,5781872
META,2025-05-20,984.110000,1005.600000,976.920000,998.410000,998.410000,5147800
META,2025-05-21,1004.660000,1036.700000,1002.430000,1034.470000,1034.470000,2773411
META,2025-05-22,1031.250000,1035.250000,1028.280000,1032.280000,1032.280000,4324722
META,2025-05-23,1029.580000,1039.610000,1018.410000,1028.440000,1028.440000,3915529
META,2025-05-26,1031.990000,1057.460000,1030.010000,1055.470000,1055.470000,3101451
META,2025-05-27,1060.500000,1073.430000,1044.230000,1057.170000,1057.170000,4481738
META,2025-05-28,1047.140000,1047.980000,1026.960000,1027.800000,1027.800000,3766426
META,2025-05-29,1033.680000,1036.790000,1030.130000,1033.240000,1033.240000,3893064
META,2025-05-30,1031.300000,1074.360000,1015.760000,1058.820000,1058.820000,3522296
META,2025-06-02,1067.170000,1088.840000,1063.270000,1084.930000,1084.930000,3408824
META,2025-06-03,1080.690000,1096.520000,1071.550000,1087.390000,1087.390000,2986169
META,2025-06-04,1085.210000,1109.850000,1027.630000,1052.260000,1052.260000,3008887
META,2025-06-05,1055.240000,1076.060000,1015.630000,1036.450000,1036.450000,6243951
META,2025-06-06,1036.520000,1042.070000,1019.080000,1024.630000,1024.630000,4974076
META,2025-06-09,1021.300000,1060.830000,1010.610000,1050.140000,1050.140000,4123455
META,2025-06-10,1048.400000,1069.980000,1004.890000,1026.470000,1026.470000,5982852
META,2025-06-11,1019.950000,1021.100000,1012.010000,1013.150000,1013.150000,2859988
META,2025-06-12,1021.550000,1027.750000,959.820000,966.010000,966.010000,2675155
META,2025-06-13,958.230000,983.900000,916.010000,941.670000,941.670000,3271069
META,2025-06-16,940.420000,942.560000,929.450000,931.590000,931.590000,2729704
META,2025-06-17,928.160000,949.110000,916.620000,937.570000,937.570000,3548884
META,2025-06-18,948.390000,956.550000,937.690000,945.850000,945.850000,4244602
META,2025-06-19,951.980000,964.640000,946.780000,959.440000,959.440000,4331730
META,2025-06-20,956.170000,963.120000,946.710000,953.670000,953.670000,2028667
META,2025-06-23,952.080000,984.240000,946.530000,978.690000,978.690000,3462941
META,2025-06-24,976.170000,987.030000,949.430000,960.280000,960.280000,4290757
META,2025-06-25,963.060000,966,933.360000,936.300000,936.300000,4356227
META,2025-06-26,932.660000,938.820000,927.410000,933.570000,933.570000,3540610
META,2025-06-27,946.010000,960.540000,945.050000,959.590000,959.590000,3984237
META,2025-06-30,944.960000,973.310000,935.890000,964.240000,964.240000,6012754
META,2025-07-01,960.200000,985.230000,955.310000,980.330000,980.330000,2972137
META,2025-07-02,983.740000,990.770000,966.900000,973.930000,973.930000,4260112
META,2025-07-03,970.060000,1002.050000,965.430000,997.420000,997.420000,4964455
META,2025-07-04,1005.150000,1018.110000,965.860000,978.820000,978.820000,5446005
META,2025-07-07,979.970000,988.730000,954.740000,963.500000,963.500000,5327193
META,2025-07-08,964.720000,992.160000,958.150000,985.590000,985.590000,4616823
META,2025-07-09,976.950000,980.970000,968.590000,972.610000,972.610000,4374320
META,2025-07-10,983.180000,1000.220000,933.400000,950.440000,950.440000,3037063
META,2025-07-11,946.090000,962.110000,939.310000,955.340000,955.340000,2676882
META,2025-07-14,954.800000,959.250000,943.090000,947.530000,947.530000,4547357
META,2025-07-15,946.620000,947.950000,939.670000,941,941,2824993
META,2025-07-16,950.520000,953.150000,943.930000,946.560000,946.560000,4802555
META,2025-07-17,936.770000,943.380000,933.870000,940.470000,940.470000,718858
META,2025-07-18,939.500000,954.950000,932.060000,947.510000,947.510000,3009446
META,2025-07-21,946.900000,966.170000,940.960000,960.240000,960.240000,4672253
META,2025-07-22,962.400000,971.820000,954.470000,963.890000,963.890000,6760219
META,2025-07-23,954.020000,1020.310000,944.030000,1010.310000,1010.310000,4880151
META,2025-07-24,1009.950000,1014.500000,1007.520000,1012.070000,1012.070000,4320226
META,2025-07-25,1012.820000,1014.570000,1002.140000,1003.890000,1003.890000,6236951
META,2025-07-28,1008.470000,1039.340000,1004.200000,1035.070000,1035.070000,4882657
META,2025-07-29,1038.090000,1057.080000,1029.400000,1048.390000,1048.390000,3062718
META,2025-07-30,1047.120000,1068.680000,1020.800000,1042.360000,1042.360000,4490615
META,2025-07-31,1040.310000,1046,1024.630000,1030.330000,1030.330000,4355498
META,2025-08-01,1029.320000,1041.290000,1002.160000,1014.130000,1014.130000,3177546
META,2025-08-04,1009.300000,1012.430000,985.940000,989.070000,989.070000,4730862
META,2025-08-05,995.150000,998.770000,988.190000,991.810000,991.810000,6156380
META,2025-08-06,986.280000,990.220000,979.520000,983.460000,983.460000,5093500
META,2025-08-07,983.520000,1019.620000,979.550000,1015.650000,1015.650000,4671038
META,2025-08-08,1011.170000,1028.820000,999.990000,1017.640000,1017.640000,3876395
META,2025-08-11,1019.820000,1038.120000,979.490000,997.790000,997.790000,2684054
META,2025-08-12,1001.230000,1006.740000,965.630000,971.140000,971.140000,3443212
META,2025-08-13,962.810000,967.550000,939.260000,944,944,4735934
META,2025-08-14,943.490000,968.420000,934.450000,959.380000,959.380000,3899959
META,2025-08-15,957.250000,980.640000,948.650000,972.040000,972.040000,3052032
META,2025-08-18,975.110000,1000.350000,968.300000,993.530000,993.530000,4349380
META,2025-08-19,989.990000,1004.890000,987.500000,1002.400000,1002.400000,3645422
META,2025-08-20,997.280000,1009.150000,971.040000,982.910000,982.910000,3671291
META,2025-08-21,974.680000,984.590000,972.760000,982.660000,982.660000,4743547
META,2025-08-22,982.350000,983.890000,965.920000,967.460000,967.460000,1057082
META,2025-08-25,960.060000,988.490000,957.640000,986.080000,986.080000,4509676
META,2025-08-26,980.280000,1009.720000,976.250000,1005.690000,1005.690000,3883799
META,2025-08-27,1002.550000,1041.310000,995.780000,1034.540000,1034.540000,2506178
META,2025-08-28,1043.760000,1045.730000,1030.680000,1032.660000,1032.660000,3995785
META,2025-08-29,1038.280000,1057.200000,1036.920000,1055.840000,1055.840000,4171285
META,2025-09-01,1057.550000,1099.520000,1055.190000,1097.160000,1097.160000,2301874
META,2025-09-02,1073.470000,1122.830000,1071.820000,1121.190000,1121.190000,3010056
META,2025-09-03,1121.060000,1132.600000,1108.990000,1120.530000,1120.530000,2756697
META,2025-09-04,1123.510000,1136.150000,1119.280000,1131.920000,1131.920000,3414836
META,2025-09-05,1137.180000,1141.690000,1135.770000,1140.280000,1140.280000,4350569
META,2025-09-08,1139.500000,1170.230000,1137.400000,1168.140000,1168.140000,3962146
META,2025-09-09,1180.440000,1185.030000,1140.160000,1144.750000,1144.750000,6113536
META,2025-09-10,1143.020000,1163.430000,1106.720000,1127.130000,1127.130000,2210561
META,2025-09-11,1124.120000,1131.670000,1117.190000,1124.750000,1124.750000,5928363
META,2025-09-12,1112.690000,1122.680000,1088.100000,1098.090000,1098.090000,5140377
META,2025-09-15,1106.630000,1110.640000,1102.870000,1106.880000,1106.880000,4495345
META,2025-09-16,1103.310000,1113.600000,1088.620000,1098.920000,1098.920000,5950583
META,2025-09-17,1112.560000,1116.220000,1067.030000,1070.690000,1070.690000,3058539
META,2025-09-18,1069.060000,1086.750000,1052.100000,1069.790000,1069.790000,4549427
META,2025-09-19,1073.150000,1081.240000,1064.040000,1072.140000,1072.140000,3369578
META,2025-09-22,1080.900000,1084.760000,1031.560000,1035.420000,1035.420000,4294575
META,2025-09-23,1036.060000,1050.410000,1018.830000,1033.180000,1033.180000,3257938
META,2025-09-24,1024.830000,1044.020000,968.480000,987.670000,987.670000,4126912
META,2025-09-25,981.520000,994.810000,975.880000,989.170000,989.170000,3757493
META,2025-09-26,993,999.620000,987.050000,993.670000,993.670000,3435793
META,2025-09-29,996.810000,1025.360000,986.040000,1014.590000,1014.590000,6172497
META,2025-09-30,1011.260000,1055.780000,1002.530000,1047.050000,1047.050000,6022726
META,2025-10-01,1055.820000,1058.860000,1050.580000,1053.620000,1053.620000,3839014
META,2025-10-02,1048.780000,1057.950000,1046.520000,1055.690000,1055.690000,4271401
META,2025-10-03,1058.740000,1076.620000,1012.960000,1030.840000,1030.840000,5334432
META,2025-10-06,1025.040000,1025.810000,991.130000,991.900000,991.900000,3253443
META,2025-10-07,991.450000,1013.030000,976.400000,997.980000,997.980000,1933766
META,2025-10-08,995.080000,1017.810000,993.620000,1016.360000,1016.360000,4966550
META,2025-10-09,1017.630000,1033.490000,987.300000,1003.170000,1003.170000,3815054
META,2025-10-10,1001.370000,1005.830000,976.040000,980.500000,980.500000,3862541
META,2025-10-13,990.140000,997.280000,924.240000,931.390000,931.390000,4184513
META,2025-10-14,934.940000,939.340000,932.300000,936.700000,936.700000,3685528
META,2025-10-15,936.740000,954.110000,924.770000,942.140000,942.140000,4253283
META,2025-10-16,924.900000,930.470000,909.760000,915.330000,915.330000,4821849
META,2025-10-17,919.120000,936.240000,912.770000,929.890000,929.890000,4155639
META,2025-10-20,926.020000,947.860000,913.310000,935.150000,935.150000,3801207
META,2025-10-21,932.980000,956.440000,914.190000,937.640000,937.640000,2816529
META,2025-10-22,954.970000,983.750000,951.040000,979.820000,979.820000,2739031
META,2025-10-23,986.310000,995.380000,966.750000,975.820000,975.820000,4491971
META,2025-10-24,978.950000,991.470000,952.510000,965.030000,965.030000,2825587
META,2025-10-27,965.350000,973.820000,949.030000,957.500000,957.500000,4233754
META,2025-10-28,962.570000,979.570000,950.160000,967.150000,967.150000,3148075
META,2025-10-29,955.320000,974.630000,938.940000,958.250000,958.250000,4707799
META,2025-10-30,953.190000,986.400000,941.240000,974.450000,974.450000,2128099
META,2025-10-31,978.800000,978.850000,959.510000,959.560000,959.560000,4542135
META,2025-11-03,960.640000,978.570000,941.840000,959.760000,959.760000,5575386
META,2025-11-04,962.260000,972.970000,918.870000,929.580000,929.580000,5197277
META,2025-11-05,932.880000,934.090000,926.840000,928.050000,928.050000,3800015
META,2025-11-06,919.180000,936.530000,909.300000,926.650000,926.650000,5508320
META,2025-11-07,927.090000,942.660000,919.080000,934.650000,934.650000,4563485
META,2025-11-10,937.090000,937.220000,922.150000,922.280000,922.280000,3901279
META,2025-11-11,912.020000,938.930000,891.740000,918.650000,918.650000,3749657
META,2025-11-12,918.380000,926,908.900000,916.520000,916.520000,3569986
META,2025-11-13,915.880000,916.170000,887.470000,887.750000,887.750000,3882592
META,2025-11-14,891.140000,900.640000,859.090000,868.590000,868.590000,8278875
META,2025-11-17,867.690000,874.330000,855.840000,862.490000,862.490000,4794531
META,2025-11-18,876.440000,883.650000,853.650000,860.860000,860.860000,4626304
META,2025-11-19,861.360000,862.060000,842.280000,842.980000,842.980000,5037278
META,2025-11-20,844.240000,852.260000,795.480000,803.500000,803.500000,4747712
META,2025-11-21,808.300000,828.640000,757.330000,777.670000,777.670000,4516083
META,2025-11-24,785.320000,787.760000,778.020000,780.460000,780.460000,2814479
META,2025-11-25,776.140000,785.810000,773,782.670000,782.670000,2907420
META,2025-11-26,780.320000,792.320000,767.380000,779.380000,779.380000,3523489
META,2025-11-27,770.530000,814.920000,750.220000,794.610000,794.610000,1424091
META,2025-11-28,793.780000,816.620000,783.360000,806.200000,806.200000,4158384
META,2025-12-01,803.270000,850.730000,783.890000,831.350000,831.350000,2044691
META,2025-12-02,829.680000,836.790000,829.040000,836.150000,836.150000,3221775
META,2025-12-03,836.260000,868.640000,819.910000,852.290000,852.290000,3820976
META,2025-12-04,852.960000,856.640000,847.730000,851.410000,851.410000,4904221
META,2025-12-05,843.520000,887.830000,839.630000,883.940000,883.940000,4948195
META,2025-12-08,876.940000,934.410000,855.790000,913.250000,913.250000,4246050
META,2025-12-09,910.890000,912.980000,887.690000,889.780000,889.780000,3972302
META,2025-12-10,894.880000,900.590000,874.940000,880.650000,880.650000,5795847
META,2025-12-11,882.370000,887.580000,875.120000,880.320000,880.320000,4852522
META,2025-12-12,883.020000,889.700000,859.390000,866.080000,866.080000,2663561
META,2025-12-15,870.040000,905.930000,858.400000,894.290000,894.290000,5552891
META,2025-12-16,889.210000,919.890000,877.530000,908.210000,908.210000,1742045
META,2025-12-17,913.830000,917.730000,897.540000,901.430000,901.430000,3747241
META,2025-12-18,899.610000,907.890000,865.190000,873.470000,873.470000,3868901
META,2025-12-19,864.870000,871.810000,858.760000,865.700000,865.700000,4455310
META,2025-12-22,863.210000,871.410000,862.890000,871.100000,871.100000,4348903
META,2025-12-23,860.060000,881.260000,852.530000,873.720000,873.720000,3976492
META,2025-12-24,875.240000,901.770000,863.730000,890.250000,890.250000,4608908
META,2025-12-25,891.800000,894.900000,856.630000,859.740000,859.740000,3145758
META,2025-12-26,857.890000,862.750000,830.890000,835.750000,835.750000,2460021
META,2025-12-29,830.620000,856.720000,820.980000,847.080000,847.080000,4771120
META,2025-12-30,835.240000,860.730000,832.680000,858.170000,858.170000,2830343
META,2025-12-31,861.230000,875.970000,826.930000,841.670000,841.670000,3617990
META,2026-01-02,841.160000,844.420000,831.240000,834.510000,834.510000,3292086
META,2026-01-05,838.120000,842.940000,829.400000,834.230000,834.230000,3595217
META,2026-01-06,834.200000,836.700000,805.140000,807.640000,807.640000,4267351
META,2026-01-07,810.410000,840.910000,804.220000,834.730000,834.730000,5205775
META,2026-01-08,830.370000,834.440000,786.230000,790.300000,790.300000,3449300
META,2026-01-09,797.920000,815.680000,774.570000,792.330000,792.330000,4118311
META,2026-01-12,802.210000,802.540000,766.230000,766.560000,766.560000,6380238
META,2026-01-13,765.320000,786.280000,763.080000,784.050000,784.050000,4567882
META,2026-01-14,785.460000,786.220000,766.930000,767.690000,767.690000,4761242
META,2026-01-15,767.150000,780.560000,760.600000,774.010000,774.010000,4167290
META,2026-01-16,765.090000,788.340000,748.860000,772.110000,772.110000,5257292
META,2026-01-20,763.550000,784.200000,763.360000,784.020000,784.020000,4540801
META,2026-01-21,782.670000,795.280000,759.970000,772.580000,772.580000,4076426
META,2026-01-22,774.780000,796.640000,773.960000,795.820000,795.820000,940290
META,2026-01-23,803.650000,819.930000,752.940000,769.220000,769.220000,3430587
META,2026-01-26,768.620000,785.320000,761.830000,778.520000,778.520000,3944644
META,2026-01-27,770.980000,776.610000,765.030000,770.650000,770.650000,3548714
META,2026-01-28,765.260000,773.330000,730.650000,738.720000,738.720000,3186958
META,2026-01-29,750.260000,770.220000,740.420000,760.390000,760.390000,4264803
META,2026-01-30,757.410000,784.920000,744.470000,771.980000,771.980000,5453374
META,2026-02-02,766.440000,777.270000,744.250000,755.090000,755.090000,3833316
META,2026-02-03,752.020000,765.950000,707.120000,721.040000,721.040000,2619963
META,2026-02-04,727.240000,727.510000,727.140000,727.410000,727.410000,2755602
META,2026-02-05,724.050000,734.310000,689.320000,699.580000,699.580000,2756698
META,2026-02-06,699.660000,714.940000,678.690000,693.970000,693.970000,6013379
META,2026-02-09,695.090000,695.500000,690.640000,691.050000,691.050000,4344403
META,2026-02-10,691.200000,697.160000,689.130000,695.090000,695.090000,6829417
META,2026-02-11,694.690000,697.340000,671.440000,674.090000,674.090000,3909817
META,2026-02-12,673.390000,688.230000,665.490000,680.320000,680.320000,4834255
META,2026-02-13,688.200000,706.140000,678.890000,696.830000,696.830000,4152489
META,2026-02-17,699.460000,708.540000,685.310000,694.380000,694.380000,5166579
META,2026-02-18,695.900000,701.540000,679.020000,684.660000,684.660000,3777381
META,2026-02-19,680.380000,700.730000,648.420000,668.770000,668.770000,4201810
META,2026-02-20,666.820000,702.630000,663.960000,699.770000,699.770000,1879837
META,2026-02-23,705.510000,732.230000,701.650000,728.360000,728.360000,3574898
META,2026-02-24,729.720000,738.310000,727.980000,736.570000,736.570000,4667135
META,2026-02-25,730.220000,733.410000,701.210000,704.400000,704.400000,4798408
META,2026-02-26,702.490000,705.360000,699.930000,702.800000,702.800000,5351305
META,2026-02-27,704.340000,705.600000,695.430000,696.690000,696.690000,5147171
META,2026-03-02,694.570000,716.710000,691.890000,714.030000,714.030000,4055919
META,2026-03-03,711.850000,711.980000,685.780000,685.910000,685.910000,4151631
META,2026-03-04,688.490000,702.870000,672.480000,686.860000,686.860000,5016106
META,2026-03-05,690.340000,701.160000,685.970000,696.780000,696.780000,4160499
META,2026-03-06,699.700000,699.930000,682.750000,682.980000,682.980000,4641865
META,2026-03-09,686.290000,700.840000,657.300000,671.850000,671.850000,3237146
META,2026-03-10,668.180000,698.260000,658.300000,688.370000,688.370000,3866842
META,2026-03-11,687.130000,704.900000,679.260000,697.030000,697.030000,592944
META,2026-03-12,695.960000,719.010000,691.500000,714.560000,714.560000,2885146
META,2026-03-13,715.680000,731.290000,705.640000,721.250000,721.250000,4013101
META,2026-03-16,715.720000,727.270000,703.980000,715.530000,715.530000,3973807
META,2026-03-17,719.400000,719.660000,696.690000,696.960000,696.960000,3853996
META,2026-03-18,699.740000,717.640000,695.860000,713.760000,713.760000,3714256
META,2026-03-19,717.450000,727.610000,707.430000,717.590000,717.590000,5978122
META,2026-03-20,713.010000,726.570000,710.590000,724.150000,724.150000,4060773
META,2026-03-23,717.590000,738.290000,712.750000,733.440000,733.440000,6836140
META,2026-03-24,735.060000,744.420000,708.990000,718.350000,718.350000,2767587
META,2026-03-25,717.470000,730.950000,717.200000,730.680000,730.680000,2563545
META,2026-03-26,738.270000,744.820000,713.030000,719.580000,719.580000,2519814
META,2026-03-27,719.280000,723.360000,707.630000,711.700000,711.700000,3325290
META,2026-03-30,715.930000,739.380000,703.120000,726.570000,726.570000,5355681
META,2026-03-31,726.840000,728.390000,724.220000,725.780000,725.780000,1480299
META,2026-04-01,728.080000,741.270000,727.360000,740.550000,740.550000,3880991
META,2026-04-02,735.480000,736.430000,714.670000,715.630000,715.630000,2822184
META,2026-04-06,719.580000,728.880000,690.830000,700.130000,700.130000,4322967
META,2026-04-07,690.590000,695.610000,679.290000,684.310000,684.310000,4161781
META,2026-04-08,682.240000,703.440000,667.840000,689.040000,689.040000,4775025
META,2026-04-09,686.570000,703.530000,676.810000,693.770000,693.770000,3186123
META,2026-04-10,695.910000,699.410000,689.810000,693.310000,693.310000,7048484
META,2026-04-13,692.790000,697.660000,666.480000,671.350000,671.350000,7618462
META,2026-04-14,669.510000,674.410000,653.380000,658.280000,658.280000,3791822
META,2026-04-15,655.390000,662.230000,631.050000,637.890000,637.890000,3415073
META,2026-04-16,638.640000,643.410000,637.790000,642.560000,642.560000,3087961
META,2026-04-17,642.170000,645.170000,640.750000,643.750000,643.750000,6363782
META,2026-04-20,640.230000,643.190000,638.420000,641.380000,641.380000,6738533
META,2026-04-21,634.470000,640.320000,629.110000,634.960000,634.960000,5058215
META,2026-04-22,627.690000,636.670000,620.080000,629.050000,629.050000,4987955
META,2026-04-23,625.710000,629.430000,622.730000,626.450000,626.450000,5955265
META,2026-04-24,632.050000,633.290000,617.940000,619.180000,619.180000,3544902
META,2026-04-27,618.130000,622.420000,614.430000,618.720000,618.720000,3608523
META,2026-04-28,621.990000,627.480000,591.810000,597.300000,597.300000,2194653
META,2026-04-29,596.870000,609.380000,591.470000,603.980000,603.980000,1896076
META,2026-04-30,606.920000,611.330000,598.060000,602.470000,602.470000,4538407
META,2026-05-01,611.600000,616.490000,591.140000,596.030000,596.030000,2607400
META,2026-05-04,594.980000,600.240000,585.570000,590.830000,590.830000,4197937
META,2026-05-05,588.390000,590.260000,581.230000,583.100000,583.100000,3493542
META,2026-05-06,586.960000,594.900000,579.780000,587.720000,587.720000,5955326
META,2026-05-07,586.350000,599.540000,580.180000,593.360000,593.360000,3686314
META,2026-05-08,594.990000,605.460000,587.460000,597.930000,597.930000,4677801
META,2026-05-11,597.190000,603.710000,589.410000,595.940000,595.940000,3937382
META,2026-05-12,595.910000,597.320000,589.770000,591.180000,591.180000,5364126
META,2026-05-13,592.340000,594.280000,591.440000,593.380000,593.380000,2347079
META,2026-05-14,596.360000,598.490000,591.870000,594,594,5526171
META,2026-05-15,587.880000,600.210000,584.530000,596.860000,596.860000,4411061
META,2026-05-18,595.630000,602.240000,581.070000,587.670000,587.670000,4758187
META,2026-05-19,582.570000,599.920000,577.720000,595.070000,595.070000,3671605
META,2026-05-20,595.400000,604.640000,594.580000,603.820000,603.820000,5428610
META,2026-05-21,601.970000,629.080000,598.210000,625.330000,625.330000,3548697
META,2026-05-22,626.010000,626.930000,623.630000,624.550000,624.550000,4561400
META,2026-05-26,624.660000,639.040000,619.330000,633.710000,633.710000,2815419
META,2026-05-27,627.790000,646.410000,624.370000,642.990000,642.990000,6289521
META,2026-05-28,642.970000,644.900000,635.610000,637.530000,637.530000,4305380
META,2026-05-29,628.110000,629.780000,611.290000,612.950000,612.950000,2740969
META,2026-06-01,621.740000,624.860000,607.840000,610.960000,610.960000,3124981
META,2026-06-02,616.850000,618.860000,596.410000,598.410000,598.410000,4895795
META,2026-06-03,601.170000,603.310000,591.020000,593.160000,593.160000,2818170
META,2026-06-04,590.860000,596.470000,582.570000,588.180000,588.180000,3916058
META,2026-06-05,588.880000,594.450000,580.200000,585.760000,585.760000,2082059
META,2026-06-08,586.210000,592.080000,575.920000,581.790000,581.790000,5647801
META,2026-06-09,587.440000,596.090000,563.570000,572.220000,572.220000,3387109
META,2026-06-10,572.050000,575.790000,554.670000,558.400000,558.400000,4530433
META,2026-06-11,552.680000,562.820000,545.100000,555.240000,555.240000,5708904
META,2026-06-12,551.330000,560.360000,550.220000,559.250000,559.250000,2981808
META,2026-06-15,561.910000,579.860000,551.590000,569.540000,569.540000,5473175
META,2026-06-16,569.340000,585.150000,565.730000,581.540000,581.540000,4859496
META,2026-06-17,583.290000,587.550000,560.970000,565.220000,565.220000,4262093
META,2026-06-18,566.670000,586.880000,558,578.220000,578.220000,4620356
META,2026-06-22,573.560000,589.990000,568.390000,584.820000,584.820000,4145634
META,2026-06-23,588.290000,594.120000,584.520000,590.340000,590.340000,2675502
META,2026-06-24,593.180000,600.430000,587.710000,594.960000,594.960000,1812647
META,2026-06-25,599.650000,614.190000,593.090000,607.630000,607.630000,3035006
META,2026-06-26,609.800000,616.860000,594.130000,601.190000,601.190000,2948987
META,2026-06-29,600.230000,601.480000,595.080000,596.330000,596.330000,4373289
META,2026-06-30,594.840000,604.810000,587.580000,597.540000,597.540000,4727079
META,2026-07-01,595.690000,598.860000,593.250000,596.420000,596.420000,5105031
META,2026-07-02,597.150000,597.710000,592.650000,593.210000,593.210000,2572901
META,2026-07-06,589.340000,603.710000,588.550000,602.920000,602.920000,2757312
META,2026-07-07,592.500000,605.030000,589.720000,602.250000,602.250000,3960490
META,2026-07-08,604.310000,606.310000,601.030000,603.040000,603.040000,4738160
META,2026-07-09,607.660000,620.240000,603.670000,616.250000,616.250000,4304194
META,2026-07-10,622.270000,627.060000,621.360000,626.150000,626.150000,3850230
META,2026-07-13,618.310000,631.170000,612.190000,625.050000,625.050000,3450279
META,2026-07-14,623.910000,626.320000,621.800000,624.210000,624.210000,4926343
META,2026-07-15,631.610000,639.700000,614.420000,622.500000,622.500000,5702892
META,2026-07-16,626.420000,645.170000,618.980000,637.730000,637.730000,4255230
META,2026-07-17,638.630000,644.260000,633.950000,639.590000,639.590000,4024486
META,2026-07-20,634.660000,635.850000,632.280000,633.460000,633.460000,5508102
META,2026-07-21,628.590000,628.830000,621.660000,621.900000,621.900000,3150078
META,2026-07-22,621.130000,628.700000,608.660000,616.230000,616.230000,4694491
META,2026-07-23,614.840000,617.370000,602.030000,604.560000,604.560000,3986060
META,2026-07-24,605.290000,606.630000,600.450000,601.790000,601.790000,4840456
META,2026-07-27,605.180000,610.030000,600.190000,605.030000,605.030000,1265216
META,2026-07-28,603.240000,607.630000,580.950000,585.340000,585.340000,2860204
META,2026-07-29,585.700000,601.390000,585.360000,601.050000,601.050000,3488545
META,2026-07-30,602.820000,605.540000,588.170000,590.890000,590.890000,5095933
META,2026-07-31,589.190000,593.790000,585.210000,589.820000,589.820000,2909088
META,2026-08-03,593.750000,598.060000,590.730000,595.040000,595.040000,3056534
META,2026-08-04,591.530000,603.080000,590.110000,601.660000,601.660000,4989205
META,2026-08-05,597.620000,617.380000,589.310000,609.060000,609.060000,3962132
META,2026-08-06,610.410000,629.790000,602.960000,622.350000,622.350000,4304412
META,2026-08-07,614.300000,632.240000,612.900000,630.840000,630.840000,2473027
META,2026-08-10,632.330000,653.770000,627.270000,648.710000,648.710000,6327742
META,2026-08-11,644.930000,691.880000,634.040000,680.990000,680.990000,3519936
META,2026-08-12,679.560000,707.700000,675.710000,703.840000,703.840000,4419823
META,2026-08-13,702.230000,722.210000,698.830000,718.810000,718.810000,4988064
META,2026-08-14,711.760000,722.020000,697.390000,707.650000,707.650000,4536407
META,2026-08-17,720.920000,722.220000,713.030000,714.330000,714.330000,3765715
META,2026-08-18,709.940000,725.200000,706.820000,722.080000,722.080000,2780492
META,2026-08-19,721.500000,730.700000,720.130000,729.330000,729.330000,3693498
META,2026-08-20,725.560000,756.660000,724.130000,755.220000,755.220000,5048946
META,2026-08-21,763.660000,778.970000,749.830000,765.130000,765.130000,3911244
META,2026-08-24,768.440000,788.310000,765.540000,785.410000,785.410000,3145587
GOOGL,2024-10-28,190.860000,192.720000,190.130000,191.990000,191.990000,18941014
GOOGL,2024-10-29,192.470000,193.020000,191.710000,192.260000,192.260000,11624163
GOOGL,2024-10-30,193.430000,195.300000,184.130000,185.990000,185.990000,21386221
GOOGL,2024-10-31,185.800000,191.080000,184.960000,190.240000,190.240000,13762358
GOOGL,2024-11-01,189.580000,190.720000,188.150000,189.290000,189.290000,7189395
GOOGL,2024-11-04,188.720000,192.800000,187.510000,191.600000,191.600000,16079856
GOOGL,2024-11-05,190.860000,195.110000,189.470000,193.720000,193.720000,20062874
GOOGL,2024-11-06,191.130000,198.160000,190.950000,197.980000,197.980000,25718490
GOOGL,2024-11-07,198.360000,204.950000,197.270000,203.870000,203.870000,27144673
GOOGL,2024-11-08,204.290000,205.850000,203.380000,204.940000,204.940000,16531989
GOOGL,2024-11-11,205.090000,208.030000,202.510000,205.450000,205.450000,12808352
GOOGL,2024-11-12,204.580000,210.530000,203.740000,209.690000,209.690000,16928333
GOOGL,2024-11-13,209.810000,211.840000,207.590000,209.620000,209.620000,21435489
GOOGL,2024-11-14,210.980000,211.500000,209.450000,209.970000,209.970000,29646480
GOOGL,2024-11-15,208.970000,210.440000,203.960000,205.440000,205.440000,24096927
GOOGL,2024-11-18,207.160000,209.930000,202.550000,205.320000,205.320000,7474928
GOOGL,2024-11-19,205.730000,206.870000,205.620000,206.760000,206.760000,25020177
GOOGL,2024-11-20,206.310000,211.590000,205.710000,210.990000,210.990000,16783180
GOOGL,2024-11-21,209.300000,211.740000,209.150000,211.590000,211.590000,26481299
GOOGL,2024-11-22,211.950000,212.510000,209.600000,210.160000,210.160000,16794769
GOOGL,2024-11-25,209.070000,211,208.560000,210.490000,210.490000,13919139
GOOGL,2024-11-26,209.980000,212.270000,209.330000,211.630000,211.630000,13554901
GOOGL,2024-11-27,213.490000,214.070000,207.210000,207.790000,207.790000,16830678
GOOGL,2024-11-28,207.700000,212,206.350000,210.650000,210.650000,11993746
GOOGL,2024-11-29,209.920000,210.440000,208.710000,209.230000,209.230000,23083195
GOOGL,2024-12-02,211.410000,212.960000,209.370000,210.920000,210.920000,17434722
GOOGL,2024-12-03,212.210000,213.740000,208.650000,210.180000,210.180000,21003182
GOOGL,2024-12-04,210.420000,214.250000,209.800000,213.630000,213.630000,13461552
GOOGL,2024-12-05,215.330000,217.810000,207.110000,209.590000,209.590000,25699120
GOOGL,2024-12-06,208.580000,210.070000,208.210000,209.700000,209.700000,15669225
GOOGL,2024-12-09,209.630000,210.010000,203.220000,203.600000,203.600000,21422290
GOOGL,2024-12-10,203.580000,208.090000,199.410000,203.920000,203.920000,19098124
GOOGL,2024-12-11,204.010000,211.420000,203.800000,211.210000,211.210000,18507967
GOOGL,2024-12-12,211.060000,217.550000,209.090000,215.590000,215.590000,14602558
GOOGL,2024-12-13,217.120000,217.500000,215.800000,216.180000,216.180000,17911127
GOOGL,2024-12-16,215.040000,220.020000,214.080000,219.060000,219.060000,18674224
GOOGL,2024-12-17,220.790000,222.060000,217.070000,218.340000,218.340000,14083589
GOOGL,2024-12-18,217.970000,223.750000,217.640000,223.420000,223.420000,11646587
GOOGL,2024-12-19,223.530000,224.450000,216.790000,217.720000,217.720000,17589230
GOOGL,2024-12-20,219.160000,220.520000,216.430000,217.790000,217.790000,24134018
GOOGL,2024-12-23,217.470000,217.670000,216.400000,216.600000,216.600000,20457937
GOOGL,2024-12-24,217.300000,218.060000,211.350000,212.110000,212.110000,22646706
GOOGL,2024-12-25,213.340000,214.570000,211.070000,212.300000,212.300000,17081583
GOOGL,2024-12-26,211.190000,212.560000,210.140000,211.500000,211.500000,20933672
GOOGL,2024-12-27,211.850000,212.910000,209.740000,210.800000,210.800000,10324739
GOOGL,2024-12-30,211.470000,213.200000,210.780000,212.510000,212.510000,17154890
GOOGL,2024-12-31,212.170000,220.690000,210.930000,219.450000,219.450000,15505202
GOOGL,2025-01-01,220.860000,222.120000,217.340000,218.600000,218.600000,18780885
GOOGL,2025-01-02,218.470000,219.830000,213.510000,214.880000,214.880000,24169494
GOOGL,2025-01-03,214.510000,226.080000,212.490000,224.060000,224.060000,20247307
GOOGL,2025-01-06,224.900000,227.540000,221.250000,223.890000,223.890000,16003261
GOOGL,2025-01-07,223.160000,223.210000,215.690000,215.730000,215.730000,6333611
GOOGL,2025-01-08,214.700000,214.820000,213.720000,213.840000,213.840000,18271178
GOOGL,2025-01-09,213.500000,214.810000,212.300000,213.610000,213.610000,28463902
GOOGL,2025-01-10,213.820000,215.440000,213.380000,215,215,16985992
GOOGL,2025-01-13,216.340000,216.940000,214.640000,215.240000,215.240000,17705566
GOOGL,2025-01-14,215.690000,216.550000,215.640000,216.500000,216.500000,17603346
GOOGL,2025-01-15,215.780000,222.900000,215.090000,222.210000,222.210000,18151012
GOOGL,2025-01-16,220.910000,226.630000,220.660000,226.380000,226.380000,18801132
GOOGL,2025-01-17,226.690000,227.260000,218.970000,219.540000,219.540000,17727658
GOOGL,2025-01-20,220.100000,223.580000,219.970000,223.450000,223.450000,23055407
GOOGL,2025-01-21,223.300000,225.440000,223.250000,225.390000,225.390000,24754707
GOOGL,2025-01-22,224.400000,227.090000,223.630000,226.310000,226.310000,11524908
GOOGL,2025-01-23,224.510000,224.720000,223.480000,223.690000,223.690000,10210379
GOOGL,2025-01-24,222.940000,224.980000,219.890000,221.940000,221.940000,24480219
GOOGL,2025-01-27,222.160000,231.050000,221.760000,230.650000,230.650000,19881578
GOOGL,2025-01-28,230.870000,231.870000,227.670000,228.680000,228.680000,23997246
GOOGL,2025-01-29,228.780000,244.540000,225.710000,241.460000,241.460000,33568729
GOOGL,2025-01-30,239.770000,240.980000,231.130000,232.340000,232.340000,25784986
GOOGL,2025-01-31,233.200000,233.480000,230.950000,231.230000,231.230000,17006130
GOOGL,2025-02-03,231.550000,233.370000,230.990000,232.810000,232.810000,28515746
GOOGL,2025-02-04,233.090000,235.590000,228.060000,230.560000,230.560000,17395575
GOOGL,2025-02-05,230.840000,234.130000,229.400000,232.690000,232.690000,15285014
GOOGL,2025-02-06,232.330000,234.500000,227.630000,229.790000,229.790000,14944106
GOOGL,2025-02-07,229,232.150000,227.330000,230.480000,230.480000,29610518
GOOGL,2025-02-10,231.230000,235.230000,230.570000,234.580000,234.580000,15799155
GOOGL,2025-02-11,237.240000,238.770000,234.930000,236.460000,236.460000,21907321
GOOGL,2025-02-12,237.160000,240.720000,232.470000,236.030000,236.030000,8735278
GOOGL,2025-02-13,235.350000,237,234.330000,235.990000,235.990000,11484282
GOOGL,2025-02-14,236.360000,238.910000,232.180000,234.730000,234.730000,23743543
GOOGL,2025-02-17,235.320000,237.580000,228.650000,230.910000,230.910000,23732474
GOOGL,2025-02-18,232.890000,233.280000,229.450000,229.840000,229.840000,25505680
GOOGL,2025-02-19,228.630000,232.110000,227.860000,231.340000,231.340000,11173534
GOOGL,2025-02-20,230.490000,240.560000,225.960000,236.030000,236.030000,20640704
GOOGL,2025-02-21,237.460000,237.750000,234.020000,234.310000,234.310000,16998710
GOOGL,2025-02-24,234.970000,240.050000,233.360000,238.450000,238.450000,15811200
GOOGL,2025-02-25,238.420000,239.260000,236.570000,237.410000,237.410000,24077997
GOOGL,2025-02-26,235.110000,240.540000,232.200000,237.620000,237.620000,11241090
GOOGL,2025-02-27,238.800000,239.950000,238.380000,239.530000,239.530000,15610704
GOOGL,2025-02-28,240.270000,241.900000,240.090000,241.720000,241.720000,21008698
GOOGL,2025-03-03,241.570000,245.360000,233.780000,237.580000,237.580000,15563411
GOOGL,2025-03-04,237.420000,238.670000,233.540000,234.790000,234.790000,12166318
GOOGL,2025-03-05,235.310000,238.310000,233.290000,236.290000,236.290000,11685720
GOOGL,2025-03-06,237.590000,238.780000,230.570000,231.760000,231.760000,6866351
GOOGL,2025-03-07,231.270000,237.030000,230.200000,235.970000,235.970000,5226645
GOOGL,2025-03-10,235.380000,236.540000,233.040000,234.200000,234.200000,18127189
GOOGL,2025-03-11,230.460000,235.250000,228.240000,233.030000,233.030000,22456414
GOOGL,2025-03-12,233.910000,235.950000,229.660000,231.700000,231.700000,18760439
GOOGL,2025-03-13,233.660000,234.180000,230.050000,230.570000,230.570000,14276045
GOOGL,2025-03-14,231.100000,231.750000,224.740000,225.390000,225.390000,13532602
GOOGL,2025-03-17,225.110000,227.180000,225.040000,227.110000,227.110000,23968898
GOOGL,2025-03-18,225.630000,229.130000,225.120000,228.620000,228.620000,17348300
GOOGL,2025-03-19,227.890000,239.880000,224.270000,236.260000,236.260000,25463523
GOOGL,2025-03-20,235.570000,236.780000,235.510000,236.720000,236.720000,13432160
GOOGL,2025-03-21,236.650000,242.810000,235.370000,241.530000,241.530000,28604225
GOOGL,2025-03-24,240.070000,243.510000,238.890000,242.330000,242.330000,22575912
GOOGL,2025-03-25,245.070000,246.600000,244.660000,246.190000,246.190000,18833687
GOOGL,2025-03-26,245.390000,246.420000,241.830000,242.850000,242.850000,18391263
GOOGL,2025-03-27,241.680000,252.750000,241.400000,252.480000,252.480000,21254646
GOOGL,2025-03-28,250.730000,252.210000,245.300000,246.790000,246.790000,18605101
GOOGL,2025-03-31,245.570000,254.740000,242.700000,251.870000,251.870000,23719396
GOOGL,2025-04-01,252.220000,256.050000,251.860000,255.690000,255.690000,14851371
GOOGL,2025-04-02,252.580000,266.300000,251.060000,264.780000,264.780000,21846903
GOOGL,2025-04-03,264.850000,267.430000,259.160000,261.740000,261.740000,15945437
GOOGL,2025-04-04,258.940000,266.510000,258,265.570000,265.570000,26334951
GOOGL,2025-04-07,265.570000,266.640000,261.340000,262.420000,262.420000,22419207
GOOGL,2025-04-08,263.370000,269.780000,257.390000,263.800000,263.800000,22112356
GOOGL,2025-04-09,264.240000,264.330000,261.590000,261.680000,261.680000,18516468
GOOGL,2025-04-10,262.470000,265.070000,260.660000,263.260000,263.260000,28369467
GOOGL,2025-04-11,261.990000,263.470000,256.310000,257.790000,257.790000,20436096
GOOGL,2025-04-14,256.080000,259.860000,250.660000,254.440000,254.440000,18012144
GOOGL,2025-04-15,254.240000,256,243.630000,245.390000,245.390000,20120760
GOOGL,2025-04-16,246.080000,246.090000,241.350000,241.360000,241.360000,18703376
GOOGL,2025-04-17,242.190000,242.590000,235.160000,235.570000,235.570000,18359683
GOOGL,2025-04-18,234.510000,235.990000,232.760000,234.250000,234.250000,27539070
GOOGL,2025-04-21,232.960000,239.970000,232.510000,239.510000,239.510000,23523165
GOOGL,2025-04-22,242.030000,245.050000,236.020000,239.040000,239.040000,18238443
GOOGL,2025-04-23,240.290000,243.220000,239.860000,242.790000,242.790000,17437963
GOOGL,2025-04-24,244.820000,248.270000,240.650000,244.100000,244.100000,17259207
GOOGL,2025-04-25,241.740000,245.630000,241.570000,245.460000,245.460000,14129699
GOOGL,2025-04-28,244.280000,251.110000,244.220000,251.050000,251.050000,21042516
GOOGL,2025-04-29,249.830000,252.130000,248.940000,251.250000,251.250000,27629949
GOOGL,2025-04-30,249.110000,254.630000,248.050000,253.570000,253.570000,23574318
GOOGL,2025-05-01,252.500000,257.660000,252.050000,257.210000,257.210000,11704260
GOOGL,2025-05-02,253.910000,259.250000,253.880000,259.210000,259.210000,11141670
GOOGL,2025-05-05,256.830000,257.960000,256.010000,257.140000,257.140000,16076499
GOOGL,2025-05-06,257.230000,260.460000,254.790000,258.020000,258.020000,26861598
GOOGL,2025-05-07,256.890000,266.890000,253.880000,263.890000,263.890000,22007387
GOOGL,2025-05-08,263.010000,266.280000,256.640000,259.920000,259.920000,14195166
GOOGL,2025-05-09,260.450000,262.690000,259.940000,262.170000,262.170000,24397193
GOOGL,2025-05-12,260.320000,260.630000,258.110000,258.430000,258.430000,25159309
GOOGL,2025-05-13,257.140000,262.590000,254.430000,259.880000,259.880000,14690457
GOOGL,2025-05-14,259.400000,260.730000,258.510000,259.840000,259.840000,18583910
GOOGL,2025-05-15,260.220000,260.420000,249.570000,249.770000,249.770000,17865993
GOOGL,2025-05-16,250.010000,263.270000,247.330000,260.590000,260.590000,24012791
GOOGL,2025-05-19,262.220000,266.250000,261.450000,265.480000,265.480000,22226438
GOOGL,2025-05-20,267.400000,267.920000,265.020000,265.550000,265.550000,18732177
GOOGL,2025-05-21,266.210000,272.960000,265.380000,272.130000,272.130000,21673626
GOOGL,2025-05-22,272.050000,272.500000,269.530000,269.980000,269.980000,31621659
GOOGL,2025-05-23,270.510000,270.960000,266.840000,267.290000,267.290000,18058843
GOOGL,2025-05-26,266.400000,269.360000,265.050000,268.010000,268.010000,22110658
GOOGL,2025-05-27,269.450000,271.510000,267.140000,269.200000,269.200000,19726043
GOOGL,2025-05-28,269.300000,273.110000,262.450000,266.260000,266.260000,22138520
GOOGL,2025-05-29,264.720000,268.260000,263.770000,267.310000,267.310000,26334592
GOOGL,2025-05-30,266.170000,277.760000,262.150000,273.740000,273.740000,25642757
GOOGL,2025-06-02,274.790000,275.560000,273.230000,274,274,14816753
GOOGL,2025-06-03,272.100000,273.860000,272.010000,273.770000,273.770000,19189244
GOOGL,2025-06-04,272.720000,277.900000,270.880000,276.070000,276.070000,33271409
GOOGL,2025-06-05,276.220000,276.470000,269.280000,269.530000,269.530000,11146214
GOOGL,2025-06-06,268.780000,269.800000,266.100000,267.120000,267.120000,18050242
GOOGL,2025-06-09,267.950000,274.480000,263.890000,270.420000,270.420000,29147305
GOOGL,2025-06-10,270.880000,273.090000,266.310000,268.530000,268.530000,16788635
GOOGL,2025-06-11,268.740000,272.070000,263.260000,266.600000,266.600000,12189869
GOOGL,2025-06-12,269.630000,270.870000,253.240000,254.480000,254.480000,22685079
GOOGL,2025-06-13,252.850000,253.650000,241.210000,242.010000,242.010000,21417119
GOOGL,2025-06-16,243.450000,244.020000,241.120000,241.680000,241.680000,13881070
GOOGL,2025-06-17,242.420000,242.520000,235.880000,235.980000,235.980000,27611250
GOOGL,2025-06-18,234.700000,236.170000,234.080000,235.560000,235.560000,24213664
GOOGL,2025-06-19,235.120000,241.830000,233.950000,240.660000,240.660000,8069043
GOOGL,2025-06-20,238.760000,241.140000,234.130000,236.500000,236.500000,20409907
GOOGL,2025-06-23,234.520000,241.370000,234.180000,241.030000,241.030000,23862077
GOOGL,2025-06-24,243.080000,244.210000,240.070000,241.200000,241.200000,18754897
GOOGL,2025-06-25,240.890000,241.180000,232.450000,232.740000,232.740000,16206777
GOOGL,2025-06-26,231.550000,236.930000,230.070000,235.450000,235.450000,30515382
GOOGL,2025-06-27,234.190000,244.370000,233.870000,244.050000,244.050000,28000261
GOOGL,2025-06-30,243.180000,249.150000,241.500000,247.470000,247.470000,19851318
GOOGL,2025-07-01,248.090000,255.140000,245.540000,252.600000,252.600000,9553849
GOOGL,2025-07-02,253.430000,256.010000,252.440000,255.020000,255.020000,15198325
GOOGL,2025-07-03,255.730000,259.540000,250.170000,253.980000,253.980000,24060365
GOOGL,2025-07-04,254.860000,255.560000,252.580000,253.290000,253.290000,24965327
GOOGL,2025-07-07,253.580000,254.170000,252.050000,252.630000,252.630000,23964140
GOOGL,2025-07-08,252.540000,257.660000,250.990000,256.110000,256.110000,22448566
GOOGL,2025-07-09,254.280000,255.220000,251.870000,252.810000,252.810000,13958850
GOOGL,2025-07-10,253.330000,261.880000,251.320000,259.870000,259.870000,23179877
GOOGL,2025-07-11,261.300000,261.480000,259.930000,260.110000,260.110000,19866021
GOOGL,2025-07-14,259.620000,262.550000,251.440000,254.370000,254.370000,22971026
GOOGL,2025-07-15,256.230000,256.280000,251.550000,251.590000,251.590000,12714153
GOOGL,2025-07-16,252.840000,259.660000,251.790000,258.600000,258.600000,20967141
GOOGL,2025-07-17,256.960000,258.040000,256.470000,257.550000,257.550000,21443419
GOOGL,2025-07-18,258.160000,264.470000,255.180000,261.490000,261.490000,29012481
GOOGL,2025-07-21,259.900000,265.730000,259.420000,265.250000,265.250000,22508612
GOOGL,2025-07-22,266.100000,268.890000,257.010000,259.800000,259.800000,24050310
GOOGL,2025-07-23,260.690000,264.370000,257.960000,261.650000,261.650000,21522825
GOOGL,2025-07-24,260.730000,263.840000,258.970000,262.080000,262.080000,25978065
GOOGL,2025-07-25,261.980000,263.030000,261.020000,262.070000,262.070000,18829077
GOOGL,2025-07-28,263.450000,267.400000,262.450000,266.400000,266.400000,20913775
GOOGL,2025-07-29,267.610000,274.290000,262.960000,269.640000,269.640000,15538973
GOOGL,2025-07-30,267.670000,268.570000,263.750000,264.650000,264.650000,19146480
GOOGL,2025-07-31,265.370000,267.910000,263.870000,266.410000,266.410000,26379581
GOOGL,2025-08-01,265.810000,267.820000,262.530000,264.540000,264.540000,14163726
GOOGL,2025-08-04,266.690000,269.970000,254.570000,257.850000,257.850000,14457121
GOOGL,2025-08-05,254.550000,257.120000,253.720000,256.280000,256.280000,18137225
GOOGL,2025-08-06,256.340000,256.660000,252.760000,253.090000,253.090000,18436900
GOOGL,2025-08-07,252.620000,259.560000,251.980000,258.920000,258.920000,29515268
GOOGL,2025-08-08,256.850000,260.070000,255.840000,259.060000,259.060000,23634430
GOOGL,2025-08-11,262.130000,267,252.280000,257.150000,257.150000,24030098
GOOGL,2025-08-12,258.590000,263.150000,255.520000,260.080000,260.080000,24917980
GOOGL,2025-08-13,259.350000,260.940000,255.630000,257.210000,257.210000,28906166
GOOGL,2025-08-14,256.510000,262.460000,255.650000,261.600000,261.600000,22318162
GOOGL,2025-08-15,260.470000,262.400000,258.080000,260.010000,260.010000,8728630
GOOGL,2025-08-18,261.140000,266.980000,258.030000,263.870000,263.870000,15789213
GOOGL,2025-08-19,265.060000,273.420000,262.680000,271.050000,271.050000,21263236
GOOGL,2025-08-20,270.220000,279.760000,267.500000,277.040000,277.040000,5563893
GOOGL,2025-08-21,276.470000,277.600000,273.130000,274.260000,274.260000,18091207
GOOGL,2025-08-22,274,277.830000,270.900000,274.730000,274.730000,19677203
GOOGL,2025-08-25,275.250000,280.730000,269,274.480000,274.480000,20794580
GOOGL,2025-08-26,275.490000,277.950000,273.700000,276.160000,276.160000,24653250
GOOGL,2025-08-27,276.690000,277.900000,275.880000,277.090000,277.090000,18354023
GOOGL,2025-08-28,276.860000,278.560000,274.170000,275.870000,275.870000,22478224
GOOGL,2025-08-29,276.780000,277.800000,276.430000,277.450000,277.450000,21270545
GOOGL,2025-09-01,276.480000,285.420000,275.060000,284,284,8259173
GOOGL,2025-09-02,284.200000,286.530000,280.600000,282.930000,282.930000,13065336
GOOGL,2025-09-03,284.760000,288.800000,271.250000,275.290000,275.290000,14607186
GOOGL,2025-09-04,276.930000,278.770000,276,277.830000,277.830000,32224351
GOOGL,2025-09-05,276.300000,279.390000,269.710000,272.800000,272.800000,21988258
GOOGL,2025-09-08,273.700000,277.620000,271.120000,275.040000,275.040000,20467921
GOOGL,2025-09-09,275.080000,276.450000,264.610000,265.970000,265.970000,10274738
GOOGL,2025-09-10,264.990000,267.850000,257.540000,260.400000,260.400000,20636014
GOOGL,2025-09-11,261.100000,263.430000,259.770000,262.090000,262.090000,15789167
GOOGL,2025-09-12,263.080000,265.240000,258.340000,260.500000,260.500000,24179738
GOOGL,2025-09-15,258.480000,270.150000,257.730000,269.390000,269.390000,20344821
GOOGL,2025-09-16,272.060000,278.100000,270.290000,276.330000,276.330000,11907022
GOOGL,2025-09-17,277.760000,280.180000,269.080000,271.500000,271.500000,13006513
GOOGL,2025-09-18,269.920000,275.450000,269.710000,275.240000,275.240000,25654286
GOOGL,2025-09-19,273.720000,284.060000,271.700000,282.040000,282.040000,22030716
GOOGL,2025-09-22,284.480000,286.270000,276.780000,278.570000,278.570000,6513251
GOOGL,2025-09-23,278.080000,283.350000,276.870000,282.140000,282.140000,22214700
GOOGL,2025-09-24,280.390000,283.340000,272.400000,275.350000,275.350000,19784579
GOOGL,2025-09-25,276.420000,278.220000,275.350000,277.150000,277.150000,19526685
GOOGL,2025-09-26,277.670000,281.850000,274.570000,278.750000,278.750000,16919610
GOOGL,2025-09-29,279.220000,288.200000,277.470000,286.440000,286.440000,14612395
GOOGL,2025-09-30,285.030000,286.160000,278.590000,279.720000,279.720000,17621195
GOOGL,2025-10-01,278.960000,280.740000,277.990000,279.770000,279.770000,21547130
GOOGL,2025-10-02,280.360000,280.730000,276.840000,277.210000,277.210000,20343052
GOOGL,2025-10-03,279.580000,279.620000,268.230000,268.270000,268.270000,10808371
GOOGL,2025-10-06,266.910000,268.070000,255.520000,256.670000,256.670000,19792987
GOOGL,2025-10-07,258.460000,264.090000,256.620000,262.250000,262.250000,5581114
GOOGL,2025-10-08,262.760000,263.020000,261.580000,261.830000,261.830000,10540619
GOOGL,2025-10-09,263.640000,265.340000,259.770000,261.460000,261.460000,17913653
GOOGL,2025-10-10,261.240000,261.850000,253.780000,254.390000,254.390000,16464896
GOOGL,2025-10-13,255.520000,259.960000,254.660000,259.100000,259.100000,12488054
GOOGL,2025-10-14,257.660000,263.300000,257.160000,262.790000,262.790000,24056228
GOOGL,2025-10-15,261.790000,267.400000,258.370000,263.970000,263.970000,17126595
GOOGL,2025-10-16,265.050000,266.170000,260.210000,261.330000,261.330000,12932375
GOOGL,2025-10-17,262.560000,264.490000,260.720000,262.650000,262.650000,26621710
GOOGL,2025-10-20,261.920000,264.360000,260.830000,263.270000,263.270000,13553591
GOOGL,2025-10-21,262.690000,263.450000,255.580000,256.340000,256.340000,15267297
GOOGL,2025-10-22,255.810000,271.710000,252.550000,268.450000,268.450000,15379286
GOOGL,2025-10-23,270.940000,273.150000,267.360000,269.570000,269.570000,17414175
GOOGL,2025-10-24,268.950000,270.820000,264.550000,266.420000,266.420000,24151710
GOOGL,2025-10-27,269.050000,273.710000,266.540000,271.200000,271.200000,20889472
GOOGL,2025-10-28,274.300000,274.430000,267.750000,267.880000,267.880000,17860654
GOOGL,2025-10-29,265.830000,277.090000,262.240000,273.500000,273.500000,16848109
GOOGL,2025-10-30,272.820000,277.880000,265.760000,270.820000,270.820000,20096217
GOOGL,2025-10-31,270.200000,270.230000,264.460000,264.490000,264.490000,24070526
GOOGL,2025-11-03,264.020000,264.490000,260.030000,260.490000,260.490000,21967109
GOOGL,2025-11-04,260.840000,261.440000,253.600000,254.200000,254.200000,16850904
GOOGL,2025-11-05,255.760000,256.050000,255.090000,255.380000,255.380000,26357952
GOOGL,2025-11-06,258.180000,264.070000,256.300000,262.180000,262.180000,21469757
GOOGL,2025-11-07,263.880000,267.200000,262.720000,266.040000,266.040000,24571781
GOOGL,2025-11-10,265.890000,266.060000,259.800000,259.970000,259.970000,16700598
GOOGL,2025-11-11,259.410000,259.520000,254.920000,255.030000,255.030000,23377368
GOOGL,2025-11-12,255.130000,256.230000,254.620000,255.710000,255.710000,22004068
GOOGL,2025-11-13,256.500000,265.460000,254.100000,263.060000,263.060000,27404948
GOOGL,2025-11-14,262.100000,266.170000,260.640000,264.700000,264.700000,22491116
GOOGL,2025-11-17,265.030000,269.760000,262.220000,266.940000,266.940000,7107504
GOOGL,2025-11-18,264.260000,267.680000,260.710000,264.130000,264.130000,22091541
GOOGL,2025-11-19,263.120000,263.530000,261.570000,261.980000,261.980000,20520228
GOOGL,2025-11-20,261.060000,263.530000,254.410000,256.890000,256.890000,14068463
GOOGL,2025-11-21,253.070000,260.420000,253.030000,260.380000,260.380000,20909967
GOOGL,2025-11-24,262.820000,271.280000,261.710000,270.170000,270.170000,14875717
GOOGL,2025-11-25,269.640000,275.180000,266.820000,272.370000,272.370000,20587542
GOOGL,2025-11-26,272.330000,272.730000,271.090000,271.490000,271.490000,23196528
GOOGL,2025-11-27,269.880000,271.920000,268.810000,270.850000,270.850000,24498443
GOOGL,2025-11-28,270.770000,272.250000,269.600000,271.080000,271.080000,7044710
GOOGL,2025-12-01,271.600000,277.540000,268.380000,274.320000,274.320000,13121464
GOOGL,2025-12-02,272.130000,274.540000,269.710000,272.120000,272.120000,14615193
GOOGL,2025-12-03,270.670000,287.400000,266.630000,283.350000,283.350000,18984776
GOOGL,2025-12-04,280.890000,285.260000,280.360000,284.730000,284.730000,14907801
GOOGL,2025-12-05,284.360000,292.990000,283.700000,292.340000,292.340000,22950521
GOOGL,2025-12-08,292.890000,294.060000,292.120000,293.290000,293.290000,18447454
GOOGL,2025-12-09,295.010000,296.830000,286.180000,288,288,25969471
GOOGL,2025-12-10,287.870000,290.030000,285.890000,288.050000,288.050000,8865406
GOOGL,2025-12-11,289.990000,290.110000,284.800000,284.920000,284.920000,18679353
GOOGL,2025-12-12,283.600000,284.090000,282.910000,283.400000,283.400000,13046410
GOOGL,2025-12-15,283.840000,291.510000,282.960000,290.630000,290.630000,23353784
GOOGL,2025-12-16,291.560000,296.880000,289.810000,295.130000,295.130000,13315099
GOOGL,2025-12-17,295.080000,297.010000,288.340000,290.260000,290.260000,24571753
GOOGL,2025-12-18,289.700000,290.790000,289.090000,290.180000,290.180000,18765562
GOOGL,2025-12-19,290.160000,292.820000,289.680000,292.340000,292.340000,16445355
GOOGL,2025-12-22,290.150000,295.720000,289.340000,294.910000,294.910000,22853163
GOOGL,2025-12-23,294.140000,302.600000,292.040000,300.500000,300.500000,19550266
GOOGL,2025-12-24,299.200000,300.500000,298.850000,300.140000,300.140000,15660758
GOOGL,2025-12-25,298.430000,299.760000,292.620000,293.950000,293.950000,12028662
GOOGL,2025-12-26,291.630000,293.800000,281.220000,283.400000,283.400000,25340865
GOOGL,2025-12-29,283.570000,292.340000,282.680000,291.460000,291.460000,13549302
GOOGL,2025-12-30,294.240000,296.380000,287.260000,289.400000,289.400000,18103709
GOOGL,2025-12-31,290.910000,293.370000,277.850000,280.320000,280.320000,26898664
GOOGL,2026-01-02,279.530000,279.860000,273.730000,274.060000,274.060000,24692755
GOOGL,2026-01-05,273.050000,279.370000,271.270000,277.590000,277.590000,15191222
GOOGL,2026-01-06,278.310000,279.010000,272.210000,272.920000,272.920000,13129765
GOOGL,2026-01-07,271.030000,273.620000,270.230000,272.820000,272.820000,14204212
GOOGL,2026-01-08,273.720000,275.230000,252.500000,254.010000,254.010000,15984242
GOOGL,2026-01-09,253.030000,254.870000,250.270000,252.110000,252.110000,30121094
GOOGL,2026-01-12,252.100000,253.340000,247.170000,248.410000,248.410000,23540928
GOOGL,2026-01-13,248.320000,248.600000,244.030000,244.310000,244.310000,21271429
GOOGL,2026-01-14,242.540000,247.080000,242.080000,246.620000,246.620000,18803161
GOOGL,2026-01-15,246.710000,247.920000,246.680000,247.890000,247.890000,7313595
GOOGL,2026-01-16,248.410000,252.140000,245.880000,249.610000,249.610000,21449041
GOOGL,2026-01-20,251.630000,252.590000,248.960000,249.910000,249.910000,33112517
GOOGL,2026-01-21,249.520000,250.580000,249.430000,250.490000,250.490000,19877752
GOOGL,2026-01-22,248.570000,253.660000,247.200000,252.290000,252.290000,17774484
GOOGL,2026-01-23,253.910000,253.970000,253.340000,253.400000,253.400000,20785792
GOOGL,2026-01-26,254.300000,257.150000,250.350000,253.190000,253.190000,20069733
GOOGL,2026-01-27,253.190000,254.720000,244.560000,246.090000,246.090000,16502606
GOOGL,2026-01-28,245.060000,245.830000,240.160000,240.920000,240.920000,20140443
GOOGL,2026-01-29,242.210000,246.070000,241.920000,245.770000,245.770000,13476103
GOOGL,2026-01-30,245.740000,247.020000,239.330000,240.600000,240.600000,14649397
GOOGL,2026-02-02,241.790000,249.160000,239.630000,247,247,22939257
GOOGL,2026-02-03,248.350000,250.010000,241.730000,243.380000,243.380000,12667919
GOOGL,2026-02-04,244.650000,246.480000,239.730000,241.560000,241.560000,13632582
GOOGL,2026-02-05,242.010000,243.890000,240.550000,242.430000,242.430000,10493141
GOOGL,2026-02-06,240.740000,249.470000,238.860000,247.580000,247.580000,17596672
GOOGL,2026-02-09,247.580000,252.210000,244.090000,248.710000,248.710000,20181714
GOOGL,2026-02-10,247.410000,248.370000,244.890000,245.850000,245.850000,12523575
GOOGL,2026-02-11,246.770000,249.690000,238.570000,241.480000,241.480000,10210845
GOOGL,2026-02-12,241.980000,244,239.740000,241.750000,241.750000,4769757
GOOGL,2026-02-13,239.750000,245.400000,239.630000,245.290000,245.290000,25653444
GOOGL,2026-02-17,245.780000,246.410000,245.170000,245.800000,245.800000,28825419
GOOGL,2026-02-18,245.880000,248.720000,243.430000,246.270000,246.270000,30965647
GOOGL,2026-02-19,244.420000,246.430000,241.270000,243.280000,243.280000,19553046
GOOGL,2026-02-20,244.380000,253.570000,243.140000,252.330000,252.330000,21614593
GOOGL,2026-02-23,253.580000,262.400000,250.790000,259.610000,259.610000,19895954
GOOGL,2026-02-24,260.340000,260.600000,255.870000,256.130000,256.130000,25764920
GOOGL,2026-02-25,255.530000,257.160000,253.940000,255.570000,255.570000,22082813
GOOGL,2026-02-26,258.400000,260.870000,258.390000,260.860000,260.860000,24123577
GOOGL,2026-02-27,260.380000,261.060000,253.670000,254.340000,254.340000,23937862
GOOGL,2026-03-02,252.880000,254.880000,251.010000,253.010000,253.010000,17429994
GOOGL,2026-03-03,250.880000,258.590000,249.470000,257.180000,257.180000,25514544
GOOGL,2026-03-04,257.190000,258.050000,256.720000,257.580000,257.580000,22226772
GOOGL,2026-03-05,258.330000,259.960000,258.210000,259.840000,259.840000,21824700
GOOGL,2026-03-06,259.660000,261.170000,254.220000,255.730000,255.730000,15654269
GOOGL,2026-03-09,254.970000,256.620000,253.490000,255.140000,255.140000,11643651
GOOGL,2026-03-10,254.810000,261.560000,251.820000,258.570000,258.570000,19917217
GOOGL,2026-03-11,257.710000,259.570000,253.520000,255.380000,255.380000,18261508
GOOGL,2026-03-12,256.280000,256.470000,251.820000,252.010000,252.010000,18151830
GOOGL,2026-03-13,254.560000,255.760000,254.560000,255.760000,255.760000,20231524
GOOGL,2026-03-16,257.560000,257.920000,255.150000,255.520000,255.520000,21709920
GOOGL,2026-03-17,254.360000,257.540000,251.170000,254.350000,254.350000,6151547
GOOGL,2026-03-18,254.080000,256.820000,253.660000,256.400000,256.400000,22753530
GOOGL,2026-03-19,254.930000,261.940000,252.330000,259.340000,259.340000,19427677
GOOGL,2026-03-20,258.640000,259.620000,258.550000,259.520000,259.520000,17298223
GOOGL,2026-03-23,259.690000,261.510000,251.410000,253.230000,253.230000,21911510
GOOGL,2026-03-24,253.040000,259.690000,250.110000,256.750000,256.750000,29568595
GOOGL,2026-03-25,254.980000,261.160000,254.080000,260.260000,260.260000,27012242
GOOGL,2026-03-26,259.200000,260.260000,258.560000,259.620000,259.620000,24714476
GOOGL,2026-03-27,261.080000,261.150000,258.990000,259.060000,259.060000,19139560
GOOGL,2026-03-30,259.400000,260.790000,257.740000,259.130000,259.130000,10882763
GOOGL,2026-03-31,258.830000,260.220000,258.690000,260.090000,260.090000,17081013
GOOGL,2026-04-01,260.430000,261.270000,260.220000,261.050000,261.050000,12388184
GOOGL,2026-04-02,259.900000,260.580000,258.930000,259.620000,259.620000,25923924
GOOGL,2026-04-06,260.220000,260.870000,254.010000,254.660000,254.660000,22245670
GOOGL,2026-04-07,254.410000,259.400000,252.260000,257.250000,257.250000,13331320
GOOGL,2026-04-08,258.280000,261.780000,256.130000,259.630000,259.630000,13134713
GOOGL,2026-04-09,260.060000,262.270000,254.480000,256.700000,256.700000,15236816
GOOGL,2026-04-10,257.090000,257.300000,252.710000,252.920000,252.920000,21133833
GOOGL,2026-04-13,254.140000,255.120000,251.750000,252.730000,252.730000,27882500
GOOGL,2026-04-14,251.560000,252.920000,251.280000,252.640000,252.640000,17765763
GOOGL,2026-04-15,251.510000,253.720000,245.950000,248.160000,248.160000,25755318
GOOGL,2026-04-16,248.160000,251.010000,244.760000,247.610000,247.610000,26737100
GOOGL,2026-04-17,248.020000,252.820000,240.490000,245.290000,245.290000,28799973
GOOGL,2026-04-20,242.790000,245.120000,240.380000,242.700000,242.700000,33124440
GOOGL,2026-04-21,243.390000,248.120000,239.710000,244.440000,244.440000,19543211
GOOGL,2026-04-22,242.550000,250.330000,239.950000,247.730000,247.730000,21972816
GOOGL,2026-04-23,245.970000,253.700000,243.320000,251.050000,251.050000,12028385
GOOGL,2026-04-24,251.090000,254.730000,249.790000,253.440000,253.440000,26433534
GOOGL,2026-04-27,252.280000,253.990000,252.090000,253.800000,253.800000,21972438
GOOGL,2026-04-28,252.800000,254.540000,243.910000,245.650000,245.650000,14599231
GOOGL,2026-04-29,245.170000,248.780000,243.760000,247.370000,247.370000,24901299
GOOGL,2026-04-30,247.880000,249.680000,245.550000,247.350000,247.350000,18261585
GOOGL,2026-05-01,247.490000,249.630000,247.070000,249.210000,249.210000,25288309
GOOGL,2026-05-04,250.930000,251.850000,244.450000,245.370000,245.370000,15936662
GOOGL,2026-05-05,245.050000,249.700000,233.330000,237.980000,237.980000,13053919
GOOGL,2026-05-06,236.690000,237.930000,233.870000,235.110000,235.110000,30431776
GOOGL,2026-05-07,234.490000,238.150000,232.600000,236.270000,236.270000,20621237
GOOGL,2026-05-08,236.980000,237.160000,231.350000,231.530000,231.530000,21521405
GOOGL,2026-05-11,231.600000,232.050000,228.330000,228.780000,228.780000,25484648
GOOGL,2026-05-12,228.770000,229.470000,223.160000,223.860000,223.860000,15145366
GOOGL,2026-05-13,225.290000,227.320000,221.230000,223.260000,223.260000,27167166
GOOGL,2026-05-14,222.940000,233.430000,220.800000,231.290000,231.290000,16873348
GOOGL,2026-05-15,230.740000,232.360000,223.790000,225.410000,225.410000,19908105
GOOGL,2026-05-18,227.090000,228.110000,221.290000,222.320000,222.320000,14894137
GOOGL,2026-05-19,219.230000,222.960000,217.760000,221.490000,221.490000,19868258
GOOGL,2026-05-20,220.010000,225.280000,219.510000,224.780000,224.780000,10674183
GOOGL,2026-05-21,225.050000,226.080000,224.400000,225.420000,225.420000,17942128
GOOGL,2026-05-22,226.660000,227.020000,222.820000,223.180000,223.180000,23435634
GOOGL,2026-05-26,223.740000,227.960000,220.950000,225.160000,225.160000,22071121
GOOGL,2026-05-27,225.400000,230.100000,224.770000,229.470000,229.470000,23901755
GOOGL,2026-05-28,228.050000,230.510000,224.860000,227.320000,227.320000,12639906
GOOGL,2026-05-29,226.390000,230.470000,225.450000,229.530000,229.530000,11107155
GOOGL,2026-06-01,227.420000,236.730000,225.940000,235.250000,235.250000,23405823
GOOGL,2026-06-02,234.600000,238.080000,232.850000,236.330000,236.330000,19350366
GOOGL,2026-06-03,235.870000,239.940000,235.230000,239.300000,239.300000,25733649
GOOGL,2026-06-04,238.960000,243.450000,238.260000,242.740000,242.740000,15842691
GOOGL,2026-06-05,242,243.380000,232.940000,234.320000,234.320000,10136442
GOOGL,2026-06-08,232.880000,241.890000,231.410000,240.420000,240.420000,20815940
GOOGL,2026-06-09,240.590000,242.250000,238.840000,240.500000,240.500000,16115307
GOOGL,2026-06-10,241.870000,242.800000,238.970000,239.900000,239.900000,30028780
GOOGL,2026-06-11,237.800000,240.370000,236.960000,239.530000,239.530000,16795884
GOOGL,2026-06-12,238.250000,242.070000,236.970000,240.790000,240.790000,17370368
GOOGL,2026-06-15,241.510000,243.730000,239.070000,241.290000,241.290000,20872964
GOOGL,2026-06-16,242.100000,242.340000,241.260000,241.500000,241.500000,25793315
GOOGL,2026-06-17,241.740000,244.090000,236.740000,239.080000,239.080000,21910864
GOOGL,2026-06-18,238.690000,239.980000,235.060000,236.350000,236.350000,25494021
GOOGL,2026-06-22,236.440000,238.390000,232.800000,234.750000,234.750000,26054992
GOOGL,2026-06-23,235.750000,236.690000,234.970000,235.910000,235.910000,26741013
GOOGL,2026-06-24,236.980000,238.700000,234.490000,236.210000,236.210000,25150198
GOOGL,2026-06-25,236.320000,236.780000,236.170000,236.640000,236.640000,32864167
GOOGL,2026-06-26,238.620000,240.380000,233.510000,235.260000,235.260000,19949762
GOOGL,2026-06-29,234.860000,236.860000,234.610000,236.620000,236.620000,13756717
GOOGL,2026-06-30,238.440000,240.750000,236.620000,238.930000,238.930000,20583154
GOOGL,2026-07-01,238.470000,240.460000,232.980000,234.980000,234.980000,24194471
GOOGL,2026-07-02,236.540000,236.820000,228.530000,228.800000,228.800000,23928915
GOOGL,2026-07-06,228.260000,229.170000,226.700000,227.620000,227.620000,20541184
GOOGL,2026-07-07,226.500000,226.620000,224.490000,224.610000,224.610000,15777610
GOOGL,2026-07-08,224.480000,227.180000,223.310000,226,226,24164075
GOOGL,2026-07-09,228.810000,230,222.260000,223.450000,223.450000,10841030
GOOGL,2026-07-10,223.360000,228.270000,222.820000,227.720000,227.720000,22935473
GOOGL,2026-07-13,228.970000,229.630000,225.630000,226.290000,226.290000,17119933
GOOGL,2026-07-14,224.930000,230.810000,223.800000,229.680000,229.680000,16509690
GOOGL,2026-07-15,230.730000,233.290000,230.630000,233.190000,233.190000,13265529
GOOGL,2026-07-16,234.790000,236.940000,233.040000,235.180000,235.180000,21193264
GOOGL,2026-07-17,234.500000,236.480000,226.630000,228.610000,228.610000,15378194
GOOGL,2026-07-20,228.990000,230.290000,228.780000,230.070000,230.070000,16048446
GOOGL,2026-07-21,229.290000,231.420000,224.070000,226.190000,226.190000,5138185
GOOGL,2026-07-22,224.910000,227.630000,223.830000,226.550000,226.550000,3484678
GOOGL,2026-07-23,226.870000,227.010000,220.870000,221.010000,221.010000,24013968
GOOGL,2026-07-24,222.460000,223.830000,217.560000,218.930000,218.930000,15683892
GOOGL,2026-07-27,218.010000,222.410000,216.940000,221.340000,221.340000,28708951
GOOGL,2026-07-28,221.370000,221.760000,220.430000,220.820000,220.820000,23045882
GOOGL,2026-07-29,218.080000,224.080000,216.250000,222.250000,222.250000,13131226
GOOGL,2026-07-30,225.120000,227.510000,219.590000,221.970000,221.970000,9993650
GOOGL,2026-07-31,219.790000,227.280000,218.080000,225.570000,225.570000,24708341
GOOGL,2026-08-03,225.140000,226.810000,224.300000,225.960000,225.960000,18650116
GOOGL,2026-08-04,224.680000,231.080000,222.440000,228.840000,228.840000,26836537
GOOGL,2026-08-05,229.460000,236.150000,227.540000,234.230000,234.230000,12174861
GOOGL,2026-08-06,233.040000,243.330000,231.290000,241.580000,241.580000,10076858
GOOGL,2026-08-07,242.120000,243.860000,235.470000,237.220000,237.220000,25916252
GOOGL,2026-08-10,236.030000,238.420000,233.770000,236.160000,236.160000,14768318
GOOGL,2026-08-11,236.490000,247.350000,231.810000,242.670000,242.670000,13784843
GOOGL,2026-08-12,241.380000,243.430000,240.580000,242.630000,242.630000,19929298
GOOGL,2026-08-13,244.370000,244.730000,237.360000,237.720000,237.720000,23938358
GOOGL,2026-08-14,237.580000,239.700000,231.740000,233.850000,233.850000,31502670
GOOGL,2026-08-17,232.930000,235.470000,224.110000,226.640000,226.640000,6493747
GOOGL,2026-08-18,226.350000,235.780000,223.600000,233.030000,233.030000,15767330
GOOGL,2026-08-19,231.410000,231.550000,228.730000,228.870000,228.870000,18833236
GOOGL,2026-08-20,229.500000,241.530000,224.550000,236.580000,236.580000,25737164
GOOGL,2026-08-21,237.140000,244.380000,235.670000,242.910000,242.910000,19324183
GOOGL,2026-08-24,243.210000,243.830000,239.670000,240.290000,240.290000,30157223
AMZN,2024-10-28,219.040000,220.250000,218.820000,220.030000,220.030000,16225647
AMZN,2024-10-29,218.720000,225.400000,216.220000,222.900000,222.900000,5856433
AMZN,2024-10-30,223.440000,226.460000,219.030000,222.050000,222.050000,26346003
AMZN,2024-10-31,221.080000,221.620000,220.640000,221.180000,221.180000,24745248
AMZN,2024-11-01,223.210000,224.920000,217.680000,219.390000,219.390000,16963471
AMZN,2024-11-04,218.590000,218.990000,217.510000,217.910000,217.910000,15948317
AMZN,2024-11-05,218.750000,221.950000,217.030000,220.230000,220.230000,18939655
AMZN,2024-11-06,220.070000,222.800000,217.280000,220.010000,220.010000,18908365
AMZN,2024-11-07,220.520000,228.840000,220.100000,228.420000,228.420000,16427792
AMZN,2024-11-08,227.570000,238.470000,226.460000,237.360000,237.360000,12211558
AMZN,2024-11-11,238.410000,240.010000,231.770000,233.370000,233.370000,25582007
AMZN,2024-11-12,234.780000,238.360000,232.430000,236,236,10875180
AMZN,2024-11-13,234.850000,239.140000,232.860000,237.140000,237.140000,13815069
AMZN,2024-11-14,237.490000,240.970000,235.100000,238.580000,238.580000,16347117
AMZN,2024-11-15,237.990000,238.100000,236.110000,236.220000,236.220000,22713385
AMZN,2024-11-18,238.330000,239.910000,237.310000,238.890000,238.890000,20362029
AMZN,2024-11-19,240.480000,243.440000,235.080000,238.050000,238.050000,19684937
AMZN,2024-11-20,237.950000,244.520000,237.250000,243.820000,243.820000,20089889
AMZN,2024-11-21,241.650000,246.440000,241.470000,246.260000,246.260000,19342332
AMZN,2024-11-22,248.530000,249.360000,244.020000,244.850000,244.850000,17062598
AMZN,2024-11-25,244.730000,245.830000,241.060000,242.160000,242.160000,20928463
AMZN,2024-11-26,242.450000,245.140000,239.310000,242,242,13709683
AMZN,2024-11-27,245.060000,246.740000,236.010000,237.690000,237.690000,18626396
AMZN,2024-11-28,239.140000,241.200000,233.850000,235.910000,235.910000,20747047
AMZN,2024-11-29,238.070000,239.190000,233.990000,235.110000,235.110000,22293927
AMZN,2024-12-02,235.130000,239.040000,233.240000,237.160000,237.160000,11887339
AMZN,2024-12-03,238.310000,239.160000,237.680000,238.530000,238.530000,14126952
AMZN,2024-12-04,236.370000,238.910000,235.110000,237.650000,237.650000,17969772
AMZN,2024-12-05,236.590000,244.990000,234.110000,242.510000,242.510000,23404899
AMZN,2024-12-06,245.750000,246.760000,242.960000,243.970000,243.970000,12900491
AMZN,2024-12-09,245.200000,245.360000,240.980000,241.140000,241.140000,13497011
AMZN,2024-12-10,240.280000,244.150000,232.240000,236.120000,236.120000,22720879
AMZN,2024-12-11,238.050000,238.250000,233.910000,234.110000,234.110000,23171015
AMZN,2024-12-12,233.840000,244.930000,230.020000,241.110000,241.110000,18384070
AMZN,2024-12-13,241.610000,242.700000,234.100000,235.190000,235.190000,23102847
AMZN,2024-12-16,234.850000,243.750000,230.900000,239.810000,239.810000,10846774
AMZN,2024-12-17,238.440000,243.140000,237.120000,241.830000,241.830000,13880923
AMZN,2024-12-18,242.280000,252.700000,238.820000,249.240000,249.240000,19100273
AMZN,2024-12-19,248.130000,252.030000,247.350000,251.250000,251.250000,20068615
AMZN,2024-12-20,252.560000,252.780000,250.160000,250.380000,250.380000,13479087
AMZN,2024-12-23,251.180000,253.250000,248.010000,250.080000,250.080000,15832496
AMZN,2024-12-24,250.070000,252.290000,247.780000,249.990000,249.990000,13240578
AMZN,2024-12-25,249.690000,251.150000,247.060000,248.510000,248.510000,16488696
AMZN,2024-12-26,248.780000,248.860000,245.720000,245.800000,245.800000,7227549
AMZN,2024-12-27,244.360000,247.440000,235.830000,238.910000,238.910000,9830372
AMZN,2024-12-30,238.440000,240,233.570000,235.130000,235.130000,27890135
AMZN,2024-12-31,234.450000,240.640000,232.570000,238.770000,238.770000,10225584
AMZN,2025-01-01,241.690000,245.560000,238.360000,242.230000,242.230000,27698281
AMZN,2025-01-02,240.010000,244.810000,226.750000,231.550000,231.550000,18712772
AMZN,2025-01-03,231.930000,239.210000,231.170000,238.440000,238.440000,19476519
AMZN,2025-01-06,240.420000,243.400000,230.410000,233.390000,233.390000,19604026
AMZN,2025-01-07,233.470000,236.320000,232.090000,234.940000,234.940000,20328563
AMZN,2025-01-08,234.810000,238.800000,233.140000,237.130000,237.130000,7277595
AMZN,2025-01-09,236.680000,236.920000,236.630000,236.870000,236.870000,21388927
AMZN,2025-01-10,236.840000,237.860000,235.380000,236.390000,236.390000,20475047
AMZN,2025-01-13,235.350000,237.990000,228.050000,230.690000,230.690000,17671022
AMZN,2025-01-14,229.810000,237.630000,229.500000,237.320000,237.320000,16783729
AMZN,2025-01-15,239.390000,240.870000,237.930000,239.410000,239.410000,10368359
AMZN,2025-01-16,239.360000,241.660000,233.530000,235.830000,235.830000,17157337
AMZN,2025-01-17,234.340000,237.170000,232.870000,235.700000,235.700000,16961805
AMZN,2025-01-20,234.770000,238.270000,234.400000,237.900000,237.900000,23229139
AMZN,2025-01-21,237.110000,239.010000,234.220000,236.120000,236.120000,17383977
AMZN,2025-01-22,234.970000,237.640000,234.900000,237.570000,237.570000,24345427
AMZN,2025-01-23,238.160000,246.250000,234.830000,242.930000,242.930000,23972461
AMZN,2025-01-24,246.760000,249.320000,234.350000,236.910000,236.910000,19803530
AMZN,2025-01-27,236.120000,247.270000,233.570000,244.730000,244.730000,16419224
AMZN,2025-01-28,243.370000,259.090000,240.640000,256.360000,256.360000,23720688
AMZN,2025-01-29,256.620000,260.580000,250.100000,254.060000,254.060000,13895900
AMZN,2025-01-30,252.430000,256.760000,240.240000,244.560000,244.560000,15248246
AMZN,2025-01-31,245.100000,247.020000,242.330000,244.250000,244.250000,27159984
AMZN,2025-02-03,243.220000,248.590000,241.100000,246.480000,246.480000,19010688
AMZN,2025-02-04,247.340000,248.420000,237.390000,238.460000,238.460000,8332113
AMZN,2025-02-05,240.130000,241.100000,233.170000,234.140000,234.140000,15827793
AMZN,2025-02-06,232.610000,234.310000,228.770000,230.470000,230.470000,22181538
AMZN,2025-02-07,230.090000,233.310000,227.930000,231.140000,231.140000,21226261
AMZN,2025-02-10,230.850000,232.770000,225.290000,227.210000,227.210000,17395664
AMZN,2025-02-11,227.350000,232.120000,225.620000,230.380000,230.380000,12649264
AMZN,2025-02-12,230.460000,239.160000,229.340000,238.040000,238.040000,20892370
AMZN,2025-02-13,237.780000,238.980000,236.190000,237.390000,237.390000,19126946
AMZN,2025-02-14,238,241.220000,233.330000,236.550000,236.550000,15623619
AMZN,2025-02-17,237.230000,238.460000,230.030000,231.260000,231.260000,14649932
AMZN,2025-02-18,231.270000,232.180000,228.890000,229.790000,229.790000,13170062
AMZN,2025-02-19,232.500000,233.430000,232.020000,232.950000,232.950000,12799285
AMZN,2025-02-20,232.830000,241.930000,230.970000,240.070000,240.070000,16378494
AMZN,2025-02-21,241.120000,241.260000,236.020000,236.170000,236.170000,20215775
AMZN,2025-02-24,235.180000,236.100000,227.860000,228.780000,228.780000,24670802
AMZN,2025-02-25,227.690000,229.500000,226.990000,228.800000,228.800000,22287248
AMZN,2025-02-26,229.430000,229.810000,227.760000,228.140000,228.140000,14982114
AMZN,2025-02-27,225.580000,228.710000,223.840000,226.970000,226.970000,16128840
AMZN,2025-02-28,223.980000,234.300000,221.570000,231.900000,231.900000,20260616
AMZN,2025-03-03,232.390000,235.400000,230.960000,233.970000,233.970000,12326547
AMZN,2025-03-04,234.680000,235.690000,234.030000,235.040000,235.040000,23070573
AMZN,2025-03-05,235.300000,239.150000,232.890000,236.740000,236.740000,26050833
AMZN,2025-03-06,238.200000,239.250000,230.240000,231.290000,231.290000,9367461
AMZN,2025-03-07,231.890000,234.850000,231.360000,234.320000,234.320000,15176776
AMZN,2025-03-10,233.120000,233.900000,232.570000,233.350000,233.350000,16721816
AMZN,2025-03-11,235.360000,235.390000,227.400000,227.430000,227.430000,18136550
AMZN,2025-03-12,226.140000,228.160000,219.640000,221.670000,221.670000,15864476
AMZN,2025-03-13,224.220000,232.610000,219.830000,228.220000,228.220000,16381267
AMZN,2025-03-14,228.170000,229.830000,224.250000,225.910000,225.910000,20777771
AMZN,2025-03-17,225.540000,229.170000,224.460000,228.090000,228.090000,21513275
AMZN,2025-03-18,230.300000,233.950000,223.380000,227.030000,227.030000,21436632
AMZN,2025-03-19,227.800000,231.130000,227.120000,230.460000,230.460000,13699031
AMZN,2025-03-20,231.120000,233.210000,225.380000,227.480000,227.480000,16359215
AMZN,2025-03-21,226.540000,227.820000,222.340000,223.620000,223.620000,23079857
AMZN,2025-03-24,221.850000,233.470000,219.740000,231.350000,231.350000,15389686
AMZN,2025-03-25,233.080000,238.830000,231.850000,237.590000,237.590000,9412101
AMZN,2025-03-26,236.640000,240.920000,232.910000,237.190000,237.190000,12045817
AMZN,2025-03-27,237.410000,246.590000,236.420000,245.600000,245.600000,18697260
AMZN,2025-03-28,246.070000,247.250000,237.880000,239.060000,239.060000,19412770
AMZN,2025-03-31,238.710000,248.600000,236.530000,246.420000,246.420000,18428888
AMZN,2025-04-01,246.670000,254.770000,244.560000,252.650000,252.650000,14891185
AMZN,2025-04-02,251.890000,261.610000,251.660000,261.380000,261.380000,8746971
AMZN,2025-04-03,260.640000,263.990000,258.820000,262.170000,262.170000,-6346
AMZN,2025-04-04,261.530000,262.680000,259.500000,260.650000,260.650000,8307292
AMZN,2025-04-07,259.850000,263.070000,258.820000,262.040000,262.040000,15613683
AMZN,2025-04-08,260.940000,269.860000,259.280000,268.200000,268.200000,12136372
AMZN,2025-04-09,268.050000,268.360000,264.770000,265.090000,265.090000,21936230
AMZN,2025-04-10,261.200000,273.800000,257.140000,269.740000,269.740000,20578586
AMZN,2025-04-11,270.630000,274.080000,262.630000,266.080000,266.080000,21659861
AMZN,2025-04-14,263.740000,274.760000,261.360000,272.380000,272.380000,23516758
AMZN,2025-04-15,270.240000,272.750000,254.560000,257.060000,257.060000,10086143
AMZN,2025-04-16,257.900000,260.970000,253.290000,256.370000,256.370000,12775518
AMZN,2025-04-17,256.870000,257.960000,253.820000,254.910000,254.910000,9430001
AMZN,2025-04-18,254.950000,257.730000,253.930000,256.710000,256.710000,20724765
AMZN,2025-04-21,258.330000,272.840000,254.660000,269.170000,269.170000,18224476
AMZN,2025-04-22,269.420000,270.640000,262.990000,264.210000,264.210000,24669224
AMZN,2025-04-23,265.120000,279.250000,264.470000,278.590000,278.590000,19326397
AMZN,2025-04-24,278.970000,280.780000,276.330000,278.140000,278.140000,18069004
AMZN,2025-04-25,278.730000,284.030000,275.810000,281.120000,281.120000,13759153
AMZN,2025-04-28,280.680000,299.330000,277.770000,296.420000,296.420000,19621251
AMZN,2025-04-29,296.210000,297.970000,292.560000,294.320000,294.320000,19063230
AMZN,2025-04-30,293.690000,296.470000,293.470000,296.250000,296.250000,15774007
AMZN,2025-05-01,299.900000,301.580000,295.170000,296.860000,296.860000,18033967
AMZN,2025-05-02,299.290000,300.620000,296.490000,297.820000,297.820000,10276222
AMZN,2025-05-05,298.780000,300.510000,289.480000,291.210000,291.210000,21854576
AMZN,2025-05-06,291.410000,296.400000,289.950000,294.940000,294.940000,17610044
AMZN,2025-05-07,294.080000,295.400000,292.390000,293.720000,293.720000,15904488
AMZN,2025-05-08,296.760000,300.930000,287.680000,291.850000,291.850000,13508333
AMZN,2025-05-09,294.390000,295.980000,288.470000,290.060000,290.060000,25118171
AMZN,2025-05-12,288.940000,293.520000,288.490000,293.070000,293.070000,21483807
AMZN,2025-05-13,292.020000,292.040000,290.450000,290.460000,290.460000,13366978
AMZN,2025-05-14,290.110000,291.370000,287.920000,289.170000,289.170000,18461659
AMZN,2025-05-15,286.910000,289.440000,277.220000,279.750000,279.750000,16648476
AMZN,2025-05-16,282.270000,288.440000,279.650000,285.820000,285.820000,17815924
AMZN,2025-05-19,285.390000,294.640000,282.830000,292.070000,292.070000,19488808
AMZN,2025-05-20,290.870000,294.490000,288.910000,292.520000,292.520000,7632456
AMZN,2025-05-21,294.020000,296.580000,292.670000,295.230000,295.230000,10025250
AMZN,2025-05-22,293.820000,296.540000,293.300000,296.020000,296.020000,22223922
AMZN,2025-05-23,297.870000,299.640000,290.930000,292.700000,292.700000,17821093
AMZN,2025-05-26,289.610000,293.030000,287.990000,291.410000,291.410000,17840495
AMZN,2025-05-27,289.920000,291.200000,288.830000,290.110000,290.110000,18641828
AMZN,2025-05-28,288.590000,290.080000,280.630000,282.120000,282.120000,15594969
AMZN,2025-05-29,281.580000,289.230000,278.430000,286.080000,286.080000,17304006
AMZN,2025-05-30,286.750000,296.740000,283.090000,293.070000,293.070000,18621833
AMZN,2025-06-02,293.740000,300.670000,290.110000,297.040000,297.040000,11947750
AMZN,2025-06-03,297.370000,304.840000,295.520000,302.990000,302.990000,16895680
AMZN,2025-06-04,302.740000,303.940000,292.510000,293.710000,293.710000,15352453
AMZN,2025-06-05,291.760000,293.960000,291.310000,293.510000,293.510000,11300542
AMZN,2025-06-06,291.660000,293.170000,289.110000,290.610000,290.610000,11585042
AMZN,2025-06-09,291.520000,291.930000,289.690000,290.100000,290.100000,7557078
AMZN,2025-06-10,293.560000,293.600000,282.740000,282.780000,282.780000,18648202
AMZN,2025-06-11,284.330000,285.310000,275.610000,276.600000,276.600000,10722365
AMZN,2025-06-12,276.840000,276.960000,257.480000,257.600000,257.600000,17408838
AMZN,2025-06-13,256.300000,259.780000,242.830000,246.310000,246.310000,20283008
AMZN,2025-06-16,246.570000,249.550000,244.900000,247.880000,247.880000,18419937
AMZN,2025-06-17,243.770000,250.090000,239.970000,246.290000,246.290000,15457114
AMZN,2025-06-18,247.690000,248.760000,244.260000,245.330000,245.330000,17549231
AMZN,2025-06-19,244.800000,252.240000,244.750000,252.200000,252.200000,17926999
AMZN,2025-06-20,251.850000,252.180000,242.810000,243.140000,243.140000,11962323
AMZN,2025-06-23,242.050000,245.610000,235.160000,238.720000,238.720000,15342866
AMZN,2025-06-24,239.350000,240.290000,235.560000,236.510000,236.510000,19691351
AMZN,2025-06-25,238.570000,239.090000,233.890000,234.420000,234.420000,23769548
AMZN,2025-06-26,232.410000,238.580000,231.500000,237.670000,237.670000,11848395
AMZN,2025-06-27,239.560000,244.090000,235.640000,240.180000,240.180000,21088990
AMZN,2025-06-30,239.070000,247.770000,238.710000,247.410000,247.410000,17367597
AMZN,2025-07-01,248.690000,248.770000,247.680000,247.760000,247.760000,14914146
AMZN,2025-07-02,248.370000,248.790000,242.990000,243.410000,243.410000,22876174
AMZN,2025-07-03,244.600000,250.460000,244.210000,250.070000,250.070000,18709300
AMZN,2025-07-04,250.330000,254.870000,244.220000,248.760000,248.760000,14188447
AMZN,2025-07-07,247.550000,247.900000,244.470000,244.820000,244.820000,24522543
AMZN,2025-07-08,244.980000,255.110000,243.230000,253.360000,253.360000,18510584
AMZN,2025-07-09,253.460000,262.030000,249.720000,258.300000,258.300000,14349975
AMZN,2025-07-10,258.810000,265.760000,258.300000,265.250000,265.250000,19476029
AMZN,2025-07-11,266.550000,267.890000,260.150000,261.480000,261.480000,21225364
AMZN,2025-07-14,262.600000,266.800000,255.820000,260.010000,260.010000,17796757
AMZN,2025-07-15,262,262.550000,257.280000,257.830000,257.830000,12889138
AMZN,2025-07-16,259.730000,261.420000,256.890000,258.580000,258.580000,10955873
AMZN,2025-07-17,257.570000,266.100000,254.220000,262.750000,262.750000,18173809
AMZN,2025-07-18,265.130000,269.380000,263.970000,268.220000,268.220000,16927991
AMZN,2025-07-21,269.640000,274.430000,266.030000,270.820000,270.820000,25638436
AMZN,2025-07-22,272.960000,274.210000,262.630000,263.880000,263.880000,15929750
AMZN,2025-07-23,263.600000,268.130000,260.850000,265.380000,265.380000,22238658
AMZN,2025-07-24,267.080000,270.160000,254.440000,257.520000,257.520000,23736033
AMZN,2025-07-25,257.400000,260.360000,256.750000,259.710000,259.710000,21863589
AMZN,2025-07-28,260.050000,261.200000,255.490000,256.640000,256.640000,11720062
AMZN,2025-07-29,256.680000,257.730000,256.650000,257.700000,257.700000,13825086
AMZN,2025-07-30,256.210000,256.580000,246.080000,246.450000,246.450000,16335123
AMZN,2025-07-31,248.210000,250.150000,245.090000,247.030000,247.030000,17925226
AMZN,2025-08-01,245.700000,247.870000,238.740000,240.920000,240.920000,21179649
AMZN,2025-08-04,237.940000,239.080000,235.420000,236.560000,236.560000,11179478
AMZN,2025-08-05,237.070000,243.670000,236.290000,242.900000,242.900000,13910177
AMZN,2025-08-06,242.410000,245.990000,241.040000,244.620000,244.620000,16898563
AMZN,2025-08-07,242.760000,255.360000,242.040000,254.640000,254.640000,13276587
AMZN,2025-08-08,252.540000,254.160000,251.480000,253.090000,253.090000,13336187
AMZN,2025-08-11,253.380000,254.130000,244.990000,245.730000,245.730000,11836393
AMZN,2025-08-12,246.350000,246.590000,241.490000,241.730000,241.730000,22577835
AMZN,2025-08-13,242.170000,243.840000,234.100000,235.780000,235.780000,20375782
AMZN,2025-08-14,234.320000,236.840000,233.160000,235.680000,235.680000,23123517
AMZN,2025-08-15,235.790000,236.700000,234.880000,235.790000,235.790000,15222403
AMZN,2025-08-18,235.170000,237.390000,229.810000,232.030000,232.030000,4623562
AMZN,2025-08-19,232.550000,236.810000,230.560000,234.820000,234.820000,22537980
AMZN,2025-08-20,236.660000,237.390000,234.780000,235.510000,235.510000,14595730
AMZN,2025-08-21,236.430000,240.630000,235.700000,239.900000,239.900000,15243161
AMZN,2025-08-22,239.610000,249.040000,237.870000,247.300000,247.300000,19807773
AMZN,2025-08-25,248.500000,249.430000,247.900000,248.830000,248.830000,16258470
AMZN,2025-08-26,250.130000,255.930000,246.700000,252.500000,252.500000,17633417
AMZN,2025-08-27,253.330000,255.810000,252.010000,254.490000,254.490000,14892283
AMZN,2025-08-28,255.120000,262.780000,252.810000,260.470000,260.470000,26793885
AMZN,2025-08-29,262.010000,268.270000,260.910000,267.180000,267.180000,23833661
AMZN,2025-09-01,266.790000,275.240000,264.870000,273.320000,273.320000,8968550
AMZN,2025-09-02,272.970000,277.340000,270.150000,274.520000,274.520000,19902016
AMZN,2025-09-03,274.450000,280.570000,265.100000,271.230000,271.230000,15751350
AMZN,2025-09-04,273.100000,279.450000,272.320000,278.670000,278.670000,18346362
AMZN,2025-09-05,276.990000,284.560000,269.120000,276.680000,276.680000,17563890
AMZN,2025-09-08,275.840000,278.760000,273.970000,276.890000,276.890000,19573745
AMZN,2025-09-09,275.190000,275.220000,270.680000,270.700000,270.700000,19803525
AMZN,2025-09-10,271.200000,273.660000,264.380000,266.840000,266.840000,16322935
AMZN,2025-09-11,266.500000,275.590000,264.400000,273.490000,273.490000,15612547
AMZN,2025-09-12,272.820000,274.230000,267.320000,268.730000,268.730000,26264516
AMZN,2025-09-15,265.590000,282.570000,263.390000,280.370000,280.370000,17735363
AMZN,2025-09-16,279.710000,287.920000,277.410000,285.620000,285.620000,19610857
AMZN,2025-09-17,283.780000,285.180000,279.870000,281.270000,281.270000,20217721
AMZN,2025-09-18,281.730000,287.120000,277.660000,283.060000,283.060000,16042310
AMZN,2025-09-19,281.650000,289.240000,280.420000,288.010000,288.010000,19930446
AMZN,2025-09-22,287.470000,288.630000,274.830000,275.990000,275.990000,11719226
AMZN,2025-09-23,277.740000,284.640000,276.750000,283.650000,283.650000,14092013
AMZN,2025-09-24,279.930000,284.910000,278.620000,283.590000,283.590000,14826916
AMZN,2025-09-25,283,283.100000,280.980000,281.080000,281.080000,19175500
AMZN,2025-09-26,280.590000,282.110000,277.060000,278.580000,278.580000,12387734
AMZN,2025-09-29,281.250000,281.910000,271.980000,272.640000,272.640000,14318173
AMZN,2025-09-30,271.660000,274.820000,266.070000,269.230000,269.230000,11383592
AMZN,2025-10-01,267.900000,275.710000,264.700000,272.510000,272.510000,11742295
AMZN,2025-10-02,271.030000,277.790000,269.940000,276.700000,276.700000,19910287
AMZN,2025-10-03,278,280.830000,267.370000,270.200000,270.200000,17316976
AMZN,2025-10-06,269.590000,271.010000,260.620000,262.040000,262.040000,16136506
AMZN,2025-10-07,261.600000,266.070000,260.640000,265.110000,265.110000,23863493
AMZN,2025-10-08,264.080000,276.420000,262.020000,274.360000,274.360000,9830787
AMZN,2025-10-09,273.760000,273.910000,270.810000,270.960000,270.960000,15226709
AMZN,2025-10-10,272.710000,273.610000,260.780000,261.690000,261.690000,13208692
AMZN,2025-10-13,260.640000,261.020000,260.230000,260.610000,260.610000,18036198
AMZN,2025-10-14,258.990000,264.340000,257.800000,263.150000,263.150000,17962530
AMZN,2025-10-15,262.460000,264.370000,260.750000,262.660000,262.660000,9092744
AMZN,2025-10-16,262.500000,262.670000,260.420000,260.590000,260.590000,17772835
AMZN,2025-10-17,260.480000,269,257.440000,265.960000,265.960000,14353406
AMZN,2025-10-20,263.180000,268.810000,260.540000,266.170000,266.170000,14277060
AMZN,2025-10-21,267,270.230000,256.460000,259.690000,259.690000,18256542
AMZN,2025-10-22,259.730000,267.680000,256.430000,264.380000,264.380000,23877564
AMZN,2025-10-23,264.120000,270.510000,260.060000,266.440000,266.440000,11223705
AMZN,2025-10-24,268.110000,269.790000,262.080000,263.750000,263.750000,13388968
AMZN,2025-10-27,264.720000,266.540000,259.320000,261.140000,261.140000,10962904
AMZN,2025-10-28,259.700000,270.710000,256.630000,267.640000,267.640000,29686690
AMZN,2025-10-29,266.030000,268.370000,261.360000,263.700000,263.700000,12862535
AMZN,2025-10-30,264.770000,269.990000,261.960000,267.180000,267.180000,24615336
AMZN,2025-10-31,267.810000,270.010000,264.100000,266.290000,266.290000,10229785
AMZN,2025-11-03,266.820000,267.100000,264.340000,264.620000,264.620000,9819112
AMZN,2025-11-04,264.160000,267.840000,251.450000,255.130000,255.130000,5415842
AMZN,2025-11-05,254.390000,261.650000,253.580000,260.840000,260.840000,10882008
AMZN,2025-11-06,259.240000,266.230000,257,263.990000,263.990000,7705326
AMZN,2025-11-07,264.400000,264.440000,262.400000,262.440000,262.440000,22104075
AMZN,2025-11-10,263.350000,265.500000,259.200000,261.350000,261.350000,7614614
AMZN,2025-11-11,261.300000,263.610000,259.070000,261.380000,261.380000,15171901
AMZN,2025-11-12,260.520000,265.590000,254.570000,259.630000,259.630000,5281592
AMZN,2025-11-13,262.680000,262.880000,259.890000,260.080000,260.080000,24154440
AMZN,2025-11-14,260.720000,262.220000,256.670000,258.170000,258.170000,17877107
AMZN,2025-11-17,256.370000,263.220000,254.970000,261.810000,261.810000,19164025
AMZN,2025-11-18,262.620000,266.320000,253.900000,257.600000,257.600000,13816689
AMZN,2025-11-19,256.350000,257.680000,253.410000,254.740000,254.740000,13210493
AMZN,2025-11-20,254.120000,254.200000,244.050000,244.130000,244.130000,6547175
AMZN,2025-11-21,245.160000,245.630000,242.600000,243.060000,243.060000,20868986
AMZN,2025-11-24,241.050000,243.530000,237.360000,239.840000,239.840000,18357359
AMZN,2025-11-25,239.300000,245.860000,237.230000,243.790000,243.790000,13400791
AMZN,2025-11-26,243.240000,247.150000,237.140000,241.050000,241.050000,16686632
AMZN,2025-11-27,239.040000,248.810000,234.940000,244.710000,244.710000,15944983
AMZN,2025-11-28,243.400000,244.650000,242.180000,243.430000,243.430000,10444418
AMZN,2025-12-01,242.540000,248.720000,242.410000,248.590000,248.590000,22316440
AMZN,2025-12-02,247.970000,251.560000,245.180000,248.770000,248.770000,7939380
AMZN,2025-12-03,248.100000,260.670000,247.420000,259.990000,259.990000,15015189
AMZN,2025-12-04,257.660000,262.780000,256.440000,261.550000,261.550000,14702062
AMZN,2025-12-05,262.970000,267.150000,262.830000,267.010000,267.010000,18644815
AMZN,2025-12-08,266.660000,266.710000,266.360000,266.420000,266.420000,14572373
AMZN,2025-12-09,267.360000,270.210000,260.090000,262.950000,262.950000,16840853
AMZN,2025-12-10,263.680000,265.490000,261.140000,262.950000,262.950000,25522431
AMZN,2025-12-11,261.930000,267.720000,252.200000,257.990000,257.990000,17823256
AMZN,2025-12-12,258.420000,263.660000,253.220000,258.460000,258.460000,24359183
AMZN,2025-12-15,258.510000,259.420000,258.170000,259.070000,259.070000,15145305
AMZN,2025-12-16,261.020000,262.560000,253.790000,255.330000,255.330000,17689998
AMZN,2025-12-17,257.310000,260.910000,251.600000,255.200000,255.200000,6994766
AMZN,2025-12-18,254.410000,256.700000,251.490000,253.780000,253.780000,23402901
AMZN,2025-12-19,255.180000,256.610000,250.740000,252.170000,252.170000,17971755
AMZN,2025-12-22,250.500000,258.190000,249.360000,257.060000,257.060000,19382225
AMZN,2025-12-23,258.320000,258.520000,256.570000,256.770000,256.770000,20470005
AMZN,2025-12-24,253.060000,264.500000,252.250000,263.690000,263.690000,18536977
AMZN,2025-12-25,263.110000,264.100000,260.390000,261.380000,261.380000,13632695
AMZN,2025-12-26,262.320000,263.050000,253.450000,254.190000,254.190000,13187164
AMZN,2025-12-29,255.670000,258.740000,251,254.070000,254.070000,15966645
AMZN,2025-12-30,251.560000,261.530000,250.380000,260.350000,260.350000,17162214
AMZN,2025-12-31,261.350000,263.130000,256.080000,257.850000,257.850000,15681979
AMZN,2026-01-02,258.250000,263.460000,257.090000,262.290000,262.290000,18317716
AMZN,2026-01-05,261.070000,261.810000,260.360000,261.100000,261.100000,19249203
AMZN,2026-01-06,261.020000,264.430000,254.470000,257.880000,257.880000,14429696
AMZN,2026-01-07,256.960000,262.510000,252.560000,258.110000,258.110000,10715124
AMZN,2026-01-08,257.160000,257.960000,242.550000,243.350000,243.350000,12209705
AMZN,2026-01-09,243.870000,245.580000,242.470000,244.180000,244.180000,19500910
AMZN,2026-01-12,243.940000,245.880000,232.980000,234.920000,234.920000,7374198
AMZN,2026-01-13,234.870000,238.020000,234.160000,237.300000,237.300000,6270363
AMZN,2026-01-14,238.630000,241.650000,230.650000,233.670000,233.670000,19271374
AMZN,2026-01-15,235.040000,240.050000,231.170000,236.170000,236.170000,13286595
AMZN,2026-01-16,238.030000,239.440000,233.740000,235.160000,235.160000,14328071
AMZN,2026-01-20,235.830000,240.410000,234.110000,238.690000,238.690000,17104473
AMZN,2026-01-21,236.670000,238.090000,232.390000,233.810000,233.810000,16969336
AMZN,2026-01-22,232.900000,239.710000,231.860000,238.670000,238.670000,17086021
AMZN,2026-01-23,238.030000,238.360000,237.260000,237.590000,237.590000,13537372
AMZN,2026-01-26,238.310000,240.830000,225.520000,228.040000,228.040000,14133207
AMZN,2026-01-27,225.430000,225.520000,224.260000,224.350000,224.350000,19909487
AMZN,2026-01-28,222.340000,224.200000,216.040000,217.900000,217.900000,23128105
AMZN,2026-01-29,219.090000,220.480000,216.480000,217.870000,217.870000,20490785
AMZN,2026-01-30,219.180000,223.740000,215.700000,220.260000,220.260000,15316211
AMZN,2026-02-02,222.470000,224.310000,221.850000,223.690000,223.690000,15706295
AMZN,2026-02-03,224.400000,226.400000,220.350000,222.350000,222.350000,16175373
AMZN,2026-02-04,221.970000,225.770000,221.930000,225.730000,225.730000,12170883
AMZN,2026-02-05,227.470000,229.940000,227.320000,229.790000,229.790000,14176290
AMZN,2026-02-06,232.680000,234.670000,230.780000,232.770000,232.770000,16227615
AMZN,2026-02-09,233.330000,233.760000,227.330000,227.760000,227.760000,15771038
AMZN,2026-02-10,227.710000,231.050000,227.510000,230.850000,230.850000,18497401
AMZN,2026-02-11,232.370000,234.110000,226.110000,227.860000,227.860000,17611345
AMZN,2026-02-12,228.260000,234.830000,224.910000,231.470000,231.470000,11667996
AMZN,2026-02-13,234.190000,235.340000,231.240000,232.390000,232.390000,14227606
AMZN,2026-02-17,232.510000,238.540000,232.190000,238.220000,238.220000,15724732
AMZN,2026-02-18,237.850000,241.130000,230.620000,233.910000,233.910000,11767080
AMZN,2026-02-19,233.260000,233.970000,232.930000,233.650000,233.650000,12404517
AMZN,2026-02-20,234.920000,245.210000,233.140000,243.420000,243.420000,13431746
AMZN,2026-02-23,243.410000,251.690000,241.400000,249.680000,249.680000,13078814
AMZN,2026-02-24,250.630000,252.220000,248.230000,249.820000,249.820000,14809081
AMZN,2026-02-25,248.680000,249.480000,243.760000,244.570000,244.570000,13488210
AMZN,2026-02-26,244.220000,255.470000,239.770000,251.020000,251.020000,17262920
AMZN,2026-02-27,252.230000,254.820000,241.980000,244.570000,244.570000,21623446
AMZN,2026-03-02,244.890000,245.300000,244.380000,244.790000,244.790000,14349204
AMZN,2026-03-03,245.430000,246.630000,243.810000,245.010000,245.010000,15679363
AMZN,2026-03-04,245.710000,249.880000,244.450000,248.620000,248.620000,17849159
AMZN,2026-03-05,247.050000,248.070000,243.330000,244.350000,244.350000,7071705
AMZN,2026-03-06,245.120000,250.660000,239.120000,244.660000,244.660000,25449471
AMZN,2026-03-09,246.150000,249.640000,243.270000,246.760000,246.760000,11416609
AMZN,2026-03-10,245.380000,250.590000,245.110000,250.320000,250.320000,14817328
AMZN,2026-03-11,250.070000,252.870000,240.730000,243.520000,243.520000,17289380
AMZN,2026-03-12,241.400000,242.550000,240.880000,242.030000,242.030000,13992426
AMZN,2026-03-13,243.850000,245.500000,242.280000,243.930000,243.930000,15980507
AMZN,2026-03-16,242.200000,245.490000,239.640000,242.930000,242.930000,13780027
AMZN,2026-03-17,241.630000,244.090000,239.190000,241.640000,241.640000,19269105
AMZN,2026-03-18,242,247.520000,238.650000,244.170000,244.170000,12702537
AMZN,2026-03-19,244.830000,248.060000,238.210000,241.440000,241.440000,19510583
AMZN,2026-03-20,240.920000,243.140000,236.280000,238.500000,238.500000,3636398
AMZN,2026-03-23,236.370000,240.640000,234.680000,238.950000,238.950000,20701584
AMZN,2026-03-24,241.230000,245.180000,235.970000,239.920000,239.920000,27639124
AMZN,2026-03-25,241.100000,244.100000,237.190000,240.180000,240.180000,18971653
AMZN,2026-03-26,239.950000,240.190000,237.180000,237.420000,237.420000,10500404
AMZN,2026-03-27,235.170000,236.970000,232.270000,234.070000,234.070000,20455594
AMZN,2026-03-30,234.840000,235.340000,234.530000,235.030000,235.030000,23154385
AMZN,2026-03-31,234.890000,235,232.670000,232.780000,232.780000,21588743
AMZN,2026-04-01,231.590000,235.820000,230.920000,235.150000,235.150000,24474185
AMZN,2026-04-02,235.960000,238.470000,224.540000,227.050000,227.050000,20837499
AMZN,2026-04-06,226.790000,227.960000,219.300000,220.470000,220.470000,18448934
AMZN,2026-04-07,220.560000,226.130000,215.650000,221.220000,221.220000,15180014
AMZN,2026-04-08,219.190000,221.290000,218.450000,220.550000,220.550000,13003298
AMZN,2026-04-09,220.180000,223.070000,219.910000,222.800000,222.800000,25259573
AMZN,2026-04-10,221.620000,223.870000,220.950000,223.190000,223.190000,13270136
AMZN,2026-04-13,222.370000,223.340000,213.090000,214.060000,214.060000,15043767
AMZN,2026-04-14,212.140000,219.860000,209.600000,217.320000,217.320000,16884819
AMZN,2026-04-15,217.170000,219.810000,212.220000,214.860000,214.860000,7399060
AMZN,2026-04-16,213.040000,218.330000,211.020000,216.320000,216.320000,8492406
AMZN,2026-04-17,217.440000,218.260000,214.070000,214.890000,214.890000,11979877
AMZN,2026-04-20,215.120000,220.470000,212.490000,217.840000,217.840000,17377813
AMZN,2026-04-21,218.520000,220.150000,217.700000,219.340000,219.340000,20532205
AMZN,2026-04-22,218.820000,219.030000,216.520000,216.730000,216.730000,16932226
AMZN,2026-04-23,217.680000,219.270000,214.160000,215.760000,215.760000,18304839
AMZN,2026-04-24,216.400000,221.710000,212.920000,218.230000,218.230000,18561727
AMZN,2026-04-27,217.300000,226.350000,214.430000,223.480000,223.480000,11473945
AMZN,2026-04-28,223.190000,223.210000,219.150000,219.170000,219.170000,16461475
AMZN,2026-04-29,218.050000,229.370000,215.030000,226.340000,226.340000,13149038
AMZN,2026-04-30,225.890000,227.620000,224.270000,226,226,19432193
AMZN,2026-05-01,225.950000,230.670000,225.570000,230.290000,230.290000,17328278
AMZN,2026-05-04,232.660000,234.460000,227.220000,229.020000,229.020000,12782070
AMZN,2026-05-05,230.200000,232.580000,225.710000,228.100000,228.100000,17269238
AMZN,2026-05-06,228.650000,233.320000,228.500000,233.180000,233.180000,21506560
AMZN,2026-05-07,233.290000,235.200000,233.020000,234.940000,234.940000,15122896
AMZN,2026-05-08,236.380000,241.790000,236.360000,241.770000,241.770000,7873534
AMZN,2026-05-11,239.970000,248.580000,238.710000,247.310000,247.310000,27069545
AMZN,2026-05-12,246.850000,247.690000,243.130000,243.970000,243.970000,8369493
AMZN,2026-05-13,242.510000,244.460000,240.520000,242.470000,242.470000,24381381
AMZN,2026-05-14,240.690000,240.940000,237.920000,238.170000,238.170000,17198666
AMZN,2026-05-15,237.190000,244.570000,236.250000,243.630000,243.630000,17186568
AMZN,2026-05-18,243.120000,245.770000,241.090000,243.740000,243.740000,8138733
AMZN,2026-05-19,243.270000,246.420000,236.690000,239.840000,239.840000,18681960
AMZN,2026-05-20,237.820000,244.190000,236.580000,242.940000,242.940000,13847649
AMZN,2026-05-21,243.310000,246.760000,243,246.440000,246.440000,17490573
AMZN,2026-05-22,244.520000,247.130000,240,242.620000,242.620000,21086403
AMZN,2026-05-26,242.440000,244.360000,242.120000,244.040000,244.040000,15332359
AMZN,2026-05-27,243.110000,251.960000,242.450000,251.300000,251.300000,10400054
AMZN,2026-05-28,251.850000,252.560000,245.930000,246.640000,246.640000,15488749
AMZN,2026-05-29,245.290000,245.690000,242.640000,243.030000,243.030000,15096124
AMZN,2026-06-01,243.400000,252,241.610000,250.210000,250.210000,21889756
AMZN,2026-06-02,250.350000,260.070000,246.020000,255.750000,255.750000,15801477
AMZN,2026-06-03,254.720000,258.730000,254.580000,258.590000,258.590000,14010525
AMZN,2026-06-04,259,269.110000,257.640000,267.750000,267.750000,18768906
AMZN,2026-06-05,265.720000,266.970000,261.070000,262.320000,262.320000,15171877
AMZN,2026-06-08,263.500000,264.580000,261.380000,262.460000,262.460000,15199407
AMZN,2026-06-09,261.680000,262.880000,259.840000,261.040000,261.040000,14434294
AMZN,2026-06-10,261.670000,263.630000,256.780000,258.740000,258.740000,11299941
AMZN,2026-06-11,258.840000,261.390000,255.950000,258.510000,258.510000,20571136
AMZN,2026-06-12,258.570000,264.720000,256.380000,262.540000,262.540000,17787680
AMZN,2026-06-15,261.150000,265.520000,260.350000,264.720000,264.720000,20495709
AMZN,2026-06-16,263.920000,270.210000,263.240000,269.530000,269.530000,16349076
AMZN,2026-06-17,269.640000,275.810000,258.360000,264.530000,264.530000,12631273
AMZN,2026-06-18,263.660000,273.150000,261.690000,271.180000,271.180000,26242135
AMZN,2026-06-22,271.600000,279.240000,268.210000,275.850000,275.850000,29058763
AMZN,2026-06-23,274.690000,278.120000,269.360000,272.790000,272.790000,13458312
AMZN,2026-06-24,272.970000,273.190000,272.300000,272.520000,272.520000,16739757
AMZN,2026-06-25,271,272.840000,267.260000,269.090000,269.090000,12335122
AMZN,2026-06-26,267.810000,275.330000,263.600000,271.120000,271.120000,20493217
AMZN,2026-06-29,270.370000,272.260000,268.690000,270.580000,270.580000,20777574
AMZN,2026-06-30,269.320000,276.540000,265.260000,272.480000,272.480000,18063156
AMZN,2026-07-01,272.770000,275.330000,268.190000,270.750000,270.750000,21200867
AMZN,2026-07-02,271.130000,271.760000,265.080000,265.710000,265.710000,16823549
AMZN,2026-07-06,266.140000,272.400000,264.650000,270.910000,270.910000,16856327
AMZN,2026-07-07,273.620000,274.620000,262.780000,263.790000,263.790000,17816112
AMZN,2026-07-08,264.130000,264.970000,259.900000,260.740000,260.740000,11828188
AMZN,2026-07-09,260.660000,264.400000,260.120000,263.860000,263.860000,11401948
AMZN,2026-07-10,265.840000,269.300000,264.630000,268.080000,268.080000,17609377
AMZN,2026-07-13,267.450000,268.180000,260.580000,261.310000,261.310000,12415332
AMZN,2026-07-14,264.290000,265.140000,257.950000,258.800000,258.800000,20369669
AMZN,2026-07-15,258.170000,259.050000,249.310000,250.190000,250.190000,15230081
AMZN,2026-07-16,248.970000,250.970000,248.440000,250.440000,250.440000,13228294
AMZN,2026-07-17,251.110000,254.630000,246.550000,250.070000,250.070000,20304061
AMZN,2026-07-20,247.890000,251.120000,247.890000,251.110000,251.110000,16095125
AMZN,2026-07-21,252.270000,255.100000,246.090000,248.920000,248.920000,17732826
AMZN,2026-07-22,248.930000,250.180000,243.740000,244.980000,244.980000,17915414
AMZN,2026-07-23,243.780000,248.940000,240.330000,245.490000,245.490000,11592757
AMZN,2026-07-24,245.070000,248.970000,243.070000,246.970000,246.970000,25959142
AMZN,2026-07-27,249.800000,251.420000,241.940000,243.560000,243.560000,26414195
AMZN,2026-07-28,243.440000,249.220000,242.660000,248.440000,248.440000,19945192
AMZN,2026-07-29,246.140000,257.740000,242.740000,254.330000,254.330000,14059268
AMZN,2026-07-30,252.150000,253.090000,247.970000,248.900000,248.900000,9138402
AMZN,2026-07-31,248.270000,261.780000,245.930000,259.440000,259.440000,29033061
AMZN,2026-08-03,259.390000,263.700000,249.930000,254.240000,254.240000,11627815
AMZN,2026-08-04,254.730000,260.080000,254.100000,259.450000,259.450000,10428709
AMZN,2026-08-05,260.190000,268.600000,257.880000,266.290000,266.290000,5647142
AMZN,2026-08-06,266.220000,274.340000,266.150000,274.280000,274.280000,14262731
AMZN,2026-08-07,271.320000,280.920000,269.790000,279.390000,279.390000,18553071
AMZN,2026-08-10,278.860000,282.360000,277.730000,281.240000,281.240000,13658239
AMZN,2026-08-11,281,289.790000,280.160000,288.950000,288.950000,18941979
AMZN,2026-08-12,289.650000,296.330000,287.320000,294,294,14144809
AMZN,2026-08-13,295.610000,299.810000,292.180000,296.380000,296.380000,19255143
AMZN,2026-08-14,297.380000,300.540000,294.690000,297.860000,297.860000,18123983
AMZN,2026-08-17,298.220000,304.160000,291.040000,296.980000,296.980000,15780156
AMZN,2026-08-18,298.360000,311.760000,296.160000,309.570000,309.570000,20970345
AMZN,2026-08-19,310.390000,312.360000,305.140000,307.110000,307.110000,11657425
AMZN,2026-08-20,309.290000,315.780000,306.380000,312.860000,312.860000,15749215
AMZN,2026-08-21,314.370000,315.050000,306.970000,307.650000,307.650000,12143685
AMZN,2026-08-24,307.420000,309.350000,306.390000,308.320000,308.320000,15680719
TSLA,2024-10-28,401.570000,416.700000,395.970000,411.100000,411.100000,4622138
TSLA,2024-10-29,398.340000,418.800000,394.900000,415.370000,415.370000,6740129
TSLA,2024-10-30,413.810000,416.120000,403.760000,406.060000,406.060000,3202917
TSLA,2024-10-31,409.830000,436.720000,398.470000,425.360000,425.360000,2510813
TSLA,2024-11-01,434.150000,448.920000,413.080000,427.850000,427.850000,6936628
TSLA,2024-11-04,424.510000,438.590000,406.940000,421.020000,421.020000,2298881
TSLA,2024-11-05,415.260000,416.770000,411.640000,413.150000,413.150000,3546100
TSLA,2024-11-06,410.760000,418.370000,401.930000,409.540000,409.540000,4388306
TSLA,2024-11-07,415.160000,416.440000,399.550000,400.820000,400.820000,4641456
TSLA,2024-11-08,405.380000,419.170000,397.730000,411.520000,411.520000,6684101
TSLA,2024-11-11,410.850000,448.070000,406.770000,443.990000,443.990000,1039801
TSLA,2024-11-12,443.840000,465.290000,442.880000,464.340000,464.340000,4740148
TSLA,2024-11-13,463.610000,475.250000,462.650000,474.290000,474.290000,5298353
TSLA,2024-11-14,470.280000,485.240000,436.150000,451.110000,451.110000,4101355
TSLA,2024-11-15,450.970000,481.640000,440.520000,471.200000,471.200000,4367780
TSLA,2024-11-18,471.270000,471.920000,434.370000,435.020000,435.020000,5784056
TSLA,2024-11-19,427.220000,437.680000,425,435.460000,435.460000,4152868
TSLA,2024-11-20,438.100000,438.540000,435.640000,436.090000,436.090000,4367630
TSLA,2024-11-21,443.420000,453.860000,438.520000,448.960000,448.960000,3766527
TSLA,2024-11-22,436.560000,450.090000,430.390000,443.920000,443.920000,4558821
TSLA,2024-11-25,450.760000,480.980000,446.430000,476.650000,476.650000,2091854
TSLA,2024-11-26,477.900000,495.690000,474.720000,492.510000,492.510000,4173227
TSLA,2024-11-27,488.500000,490.900000,471.600000,474,474,5737254
TSLA,2024-11-28,475.830000,517.630000,466.860000,508.670000,508.670000,8524717
TSLA,2024-11-29,513.580000,522.880000,512.390000,521.690000,521.690000,6173943
TSLA,2024-12-02,509.330000,510.050000,496.740000,497.460000,497.460000,3472920
TSLA,2024-12-03,502.640000,514.690000,501.600000,513.650000,513.650000,4690801
TSLA,2024-12-04,514.830000,561.150000,502.250000,548.570000,548.570000,3214304
TSLA,2024-12-05,539.430000,547.160000,529.160000,536.890000,536.890000,4378944
TSLA,2024-12-06,535.700000,543.880000,504.560000,512.740000,512.740000,5351321
TSLA,2024-12-09,511.860000,513.830000,480.710000,482.690000,482.690000,3702880
TSLA,2024-12-10,478.040000,483.640000,466.160000,471.760000,471.760000,7108082
TSLA,2024-12-11,475.940000,482.100000,473.870000,480.030000,480.030000,4958627
TSLA,2024-12-12,481.970000,507.340000,472.260000,497.630000,497.630000,2049773
TSLA,2024-12-13,499.800000,501.210000,480.250000,481.660000,481.660000,5052221
TSLA,2024-12-16,474.080000,492.830000,472.560000,491.310000,491.310000,4864325
TSLA,2024-12-17,486.400000,494.830000,479.360000,487.790000,487.790000,5110172
TSLA,2024-12-18,484.860000,512.790000,480.920000,508.850000,508.850000,5570445
TSLA,2024-12-19,504.960000,570.080000,496.300000,561.420000,561.420000,2882912
TSLA,2024-12-20,563.390000,581.180000,543.650000,561.440000,561.440000,4500822
TSLA,2024-12-23,554.900000,562.140000,517.330000,524.580000,524.580000,6380442
TSLA,2024-12-24,521.020000,533.560000,496.450000,508.990000,508.990000,5033448
TSLA,2024-12-25,518.420000,529.720000,504.300000,515.600000,515.600000,3362914
TSLA,2024-12-26,505.880000,522.450000,500.990000,517.560000,517.560000,5684253
TSLA,2024-12-27,505.410000,507.250000,503.720000,505.560000,505.560000,3971536
TSLA,2024-12-30,507.850000,520.550000,484.180000,496.870000,496.870000,4879188
TSLA,2024-12-31,500,519.020000,494.210000,513.230000,513.230000,4355303
TSLA,2025-01-01,515.440000,529.350000,484.950000,498.860000,498.860000,5367308
TSLA,2025-01-02,476.920000,485.370000,474.280000,482.730000,482.730000,4357545
TSLA,2025-01-03,476.570000,520.740000,469.750000,513.910000,513.910000,3428223
TSLA,2025-01-06,513.600000,514.420000,501.120000,501.940000,501.940000,3252379
TSLA,2025-01-07,494.640000,503.120000,490.280000,498.760000,498.760000,5210600
TSLA,2025-01-08,509.330000,509.960000,508.370000,509,509,3237553
TSLA,2025-01-09,516.310000,520.030000,510.630000,514.350000,514.350000,3706375
TSLA,2025-01-10,525.740000,529.870000,493.660000,497.790000,497.790000,7540371
TSLA,2025-01-13,495.080000,519.050000,490.580000,514.550000,514.550000,4248798
TSLA,2025-01-14,521.490000,530.980000,516.550000,526.040000,526.040000,5772927
TSLA,2025-01-15,525.810000,547.330000,496.430000,517.950000,517.950000,5108174
TSLA,2025-01-16,513.390000,522.320000,498.290000,507.220000,507.220000,5450928
TSLA,2025-01-17,511.310000,512.540000,498.890000,500.120000,500.120000,6993203
TSLA,2025-01-20,496.230000,514.330000,489.760000,507.860000,507.860000,5462322
TSLA,2025-01-21,504.720000,509.620000,478.910000,483.810000,483.810000,4529470
TSLA,2025-01-22,483.480000,489.060000,456.650000,462.230000,462.230000,5758869
TSLA,2025-01-23,448.920000,487.910000,434.130000,473.110000,473.110000,5433117
TSLA,2025-01-24,466.260000,475.090000,445.180000,454.010000,454.010000,3830000
TSLA,2025-01-27,453.190000,455.550000,445.200000,447.560000,447.560000,4398924
TSLA,2025-01-28,446.720000,449.270000,428.410000,430.950000,430.950000,6363357
TSLA,2025-01-29,437.240000,461.370000,434.700000,458.830000,458.830000,6439875
TSLA,2025-01-30,450.820000,453.560000,441.910000,444.660000,444.660000,3169684
TSLA,2025-01-31,438.440000,444.690000,436.050000,442.300000,442.300000,4085627
TSLA,2025-02-03,454.500000,462.330000,439.960000,447.790000,447.790000,4430532
TSLA,2025-02-04,449.840000,453.800000,417.530000,421.490000,421.490000,3936466
TSLA,2025-02-05,419.340000,427.620000,397.410000,405.690000,405.690000,4889932
TSLA,2025-02-06,410.030000,420.620000,383.100000,393.690000,393.690000,4119313
TSLA,2025-02-07,389.830000,394.570000,385.910000,390.650000,390.650000,5871404
TSLA,2025-02-10,392.220000,396.170000,378.840000,382.790000,382.790000,4873703
TSLA,2025-02-11,374.940000,381.350000,352.430000,358.840000,358.840000,4148658
TSLA,2025-02-12,358.450000,362.490000,339.690000,343.730000,343.730000,6919903
TSLA,2025-02-13,343.810000,351.440000,340.200000,347.830000,347.830000,6812870
TSLA,2025-02-14,347.550000,354.940000,334.570000,341.970000,341.970000,7122415
TSLA,2025-02-17,342.800000,352.710000,327.340000,337.250000,337.250000,6965537
TSLA,2025-02-18,331.900000,347.450000,323.950000,339.500000,339.500000,3838061
TSLA,2025-02-19,338.500000,368.350000,329.200000,359.050000,359.050000,1790954
TSLA,2025-02-20,357.630000,389.180000,347,378.550000,378.550000,2768138
TSLA,2025-02-21,372.520000,419.320000,369.170000,415.980000,415.980000,4472632
TSLA,2025-02-24,420.630000,426.830000,385.290000,391.490000,391.490000,6208491
TSLA,2025-02-25,386.950000,409.290000,382.590000,404.920000,404.920000,4178718
TSLA,2025-02-26,398.090000,407.330000,395.330000,404.570000,404.570000,3161071
TSLA,2025-02-27,404.340000,407.360000,390.230000,393.240000,393.240000,5653748
TSLA,2025-02-28,396.540000,422.080000,390.870000,416.420000,416.420000,4437617
TSLA,2025-03-03,426.220000,434.110000,397.570000,405.450000,405.450000,6302432
TSLA,2025-03-04,402.440000,411.940000,394.740000,404.240000,404.240000,5362513
TSLA,2025-03-05,410.830000,411.330000,404.300000,404.800000,404.800000,3361887
TSLA,2025-03-06,398.320000,400.310000,379.070000,381.060000,381.060000,5609131
TSLA,2025-03-07,379.300000,387.490000,371.310000,379.500000,379.500000,4493673
TSLA,2025-03-10,384.660000,387.930000,347.790000,351.050000,351.050000,6189760
TSLA,2025-03-11,354.950000,357.320000,320.320000,322.680000,322.680000,6663285
TSLA,2025-03-12,315.940000,329.720000,304.190000,317.980000,317.980000,5614424
TSLA,2025-03-13,324.730000,332.170000,309.150000,316.590000,316.590000,3600995
TSLA,2025-03-14,311.070000,312.080000,310.230000,311.240000,311.240000,4863230
TSLA,2025-03-17,313.700000,325.170000,299.590000,311.060000,311.060000,4762324
TSLA,2025-03-18,318.860000,328.220000,309.650000,319.010000,319.010000,6123317
TSLA,2025-03-19,317.760000,328.240000,312.480000,322.960000,322.960000,4054336
TSLA,2025-03-20,325.090000,331.030000,322.700000,328.650000,328.650000,7565419
TSLA,2025-03-21,325.250000,349.090000,319.740000,343.580000,343.580000,5674358
TSLA,2025-03-24,350.330000,379.140000,342.370000,371.180000,371.180000,5421840
TSLA,2025-03-25,373.620000,400.980000,361.110000,388.470000,388.470000,4942376
TSLA,2025-03-26,384.970000,400.340000,382.140000,397.510000,397.510000,4028810
TSLA,2025-03-27,398.620000,424.070000,390.420000,415.870000,415.870000,3728394
TSLA,2025-03-28,426.360000,433.240000,391.690000,398.560000,398.560000,5569426
TSLA,2025-03-31,394.240000,456.880000,388.270000,450.910000,450.910000,4024404
TSLA,2025-04-01,444.620000,492.830000,435.250000,483.450000,483.450000,3943009
TSLA,2025-04-02,479.730000,507.530000,475.410000,503.220000,503.220000,6552350
TSLA,2025-04-03,514.420000,523.530000,468.350000,477.460000,477.460000,7064957
TSLA,2025-04-04,472.870000,514.030000,463.140000,504.300000,504.300000,2601216
TSLA,2025-04-07,498.290000,516.790000,494.240000,512.740000,512.740000,9052324
TSLA,2025-04-08,504.860000,548.730000,490.210000,534.080000,534.080000,6229012
TSLA,2025-04-09,536.870000,544.130000,535.820000,543.080000,543.080000,3187029
TSLA,2025-04-10,544.990000,546.170000,529.290000,530.460000,530.460000,3004422
TSLA,2025-04-11,519.690000,533.120000,510.970000,524.400000,524.400000,7049178
TSLA,2025-04-14,528.210000,538.020000,512.930000,522.740000,522.740000,6968024
TSLA,2025-04-15,528.310000,530.100000,503.920000,505.710000,505.710000,5637235
TSLA,2025-04-16,500.760000,520.730000,490.010000,509.980000,509.980000,4269834
TSLA,2025-04-17,505.250000,520.250000,498.310000,513.310000,513.310000,2387248
TSLA,2025-04-18,512.730000,524.420000,484.230000,495.910000,495.910000,7309722
TSLA,2025-04-21,497.650000,507.520000,495.220000,505.090000,505.090000,887013
TSLA,2025-04-22,504.390000,525.050000,498.230000,518.890000,518.890000,5406640
TSLA,2025-04-23,511.990000,529.140000,507.020000,524.170000,524.170000,3698111
TSLA,2025-04-24,519.960000,530.250000,502.980000,513.270000,513.270000,5170599
TSLA,2025-04-25,520.060000,526.320000,514.320000,520.580000,520.580000,4256772
TSLA,2025-04-28,520.860000,557.810000,512.870000,549.820000,549.820000,3469533
TSLA,2025-04-29,550.770000,568.810000,548.860000,566.890000,566.890000,4321059
TSLA,2025-04-30,569.210000,579.210000,565.390000,575.390000,575.390000,4007893
TSLA,2025-05-01,578.650000,579.180000,569.710000,570.240000,570.240000,4479314
TSLA,2025-05-02,557.880000,565.460000,551.600000,559.180000,559.180000,5519023
TSLA,2025-05-05,554.840000,560.530000,536.820000,542.510000,542.510000,5009765
TSLA,2025-05-06,541.180000,577.890000,530.820000,567.520000,567.520000,6902972
TSLA,2025-05-07,570.590000,580.860000,561.420000,571.680000,571.680000,4913037
TSLA,2025-05-08,564.670000,586.440000,553.180000,574.950000,574.950000,2714027
TSLA,2025-05-09,572.650000,586.480000,570,583.830000,583.830000,2917880
TSLA,2025-05-12,602.650000,607.410000,598.100000,602.860000,602.860000,4630161
TSLA,2025-05-13,610.050000,631.240000,599.170000,620.360000,620.360000,7496210
TSLA,2025-05-14,613.370000,640.670000,609.010000,636.300000,636.300000,3105766
TSLA,2025-05-15,639.830000,674.560000,629.860000,664.590000,664.590000,5728605
TSLA,2025-05-16,669.540000,669.940000,663.500000,663.900000,663.900000,2840195
TSLA,2025-05-19,676.990000,681.470000,648.140000,652.620000,652.620000,5947799
TSLA,2025-05-20,647.650000,697.790000,619.640000,669.780000,669.780000,4192725
TSLA,2025-05-21,653.910000,696.970000,651.850000,694.900000,694.900000,5508959
TSLA,2025-05-22,702.730000,728.540000,696.930000,722.740000,722.740000,2933610
TSLA,2025-05-23,702.350000,742.960000,692.910000,733.520000,733.520000,6757709
TSLA,2025-05-26,753.390000,786.380000,742.660000,775.650000,775.650000,2690278
TSLA,2025-05-27,770.710000,794.630000,738.380000,762.300000,762.300000,4181606
TSLA,2025-05-28,757.810000,798.950000,733.620000,774.760000,774.760000,6444172
TSLA,2025-05-29,772.290000,817.420000,738.380000,783.510000,783.510000,7077943
TSLA,2025-05-30,780.470000,822.030000,773.680000,815.240000,815.240000,5316762
TSLA,2025-06-02,811.450000,881.900000,771.590000,842.040000,842.040000,4006439
TSLA,2025-06-03,847.310000,876.400000,830.640000,859.730000,859.730000,4936640
TSLA,2025-06-04,864.120000,869.430000,860.870000,866.170000,866.170000,2911362
TSLA,2025-06-05,867.730000,875.580000,821.240000,829.090000,829.090000,5288289
TSLA,2025-06-06,842.640000,860.860000,788.480000,806.700000,806.700000,5031956
TSLA,2025-06-09,824.390000,835.900000,821.230000,832.740000,832.740000,5583800
TSLA,2025-06-10,839,861.630000,740.030000,762.660000,762.660000,6362553
TSLA,2025-06-11,774.850000,782.840000,772.490000,780.480000,780.480000,5357773
TSLA,2025-06-12,781.350000,792.390000,721.240000,732.280000,732.280000,4184866
TSLA,2025-06-13,718,734.500000,668.710000,685.220000,685.220000,5296089
TSLA,2025-06-16,690.480000,705.360000,678.800000,693.690000,693.690000,5470157
TSLA,2025-06-17,705.190000,710.770000,665.250000,670.830000,670.830000,5374267
TSLA,2025-06-18,682.550000,683.580000,638.620000,639.650000,639.650000,4304731
TSLA,2025-06-19,662.610000,672.390000,646.300000,656.070000,656.070000,6351500
TSLA,2025-06-20,651.350000,676.030000,641.840000,666.520000,666.520000,5363373
TSLA,2025-06-23,659.920000,674.170000,649.590000,663.850000,663.850000,6303075
TSLA,2025-06-24,659.890000,720.650000,640.230000,701,701,5470094
TSLA,2025-06-25,695.210000,714.230000,661.620000,680.640000,680.640000,3333968
TSLA,2025-06-26,668.910000,673.300000,664.150000,668.540000,668.540000,2879091
TSLA,2025-06-27,667.030000,677.990000,649.750000,660.720000,660.720000,6001027
TSLA,2025-06-30,650.650000,650.820000,637.690000,637.860000,637.860000,5015671
TSLA,2025-07-01,642.290000,678.500000,636.410000,672.620000,672.620000,5229739
TSLA,2025-07-02,662.990000,667.260000,628.960000,633.230000,633.230000,5880994
TSLA,2025-07-03,631.990000,643.040000,623.050000,634.100000,634.100000,5029616
TSLA,2025-07-04,634.640000,671.980000,625.390000,662.730000,662.730000,6327559
TSLA,2025-07-07,649.660000,680.370000,641.340000,672.050000,672.050000,2676445
TSLA,2025-07-08,668.900000,702.460000,649.060000,682.620000,682.620000,3210114
TSLA,2025-07-09,679.030000,701.570000,669.270000,691.810000,691.810000,4713907
TSLA,2025-07-10,699.920000,709.940000,694.110000,704.130000,704.130000,4409822
TSLA,2025-07-11,711.280000,737.430000,664.350000,690.500000,690.500000,5245579
TSLA,2025-07-14,697.470000,709.540000,697.300000,709.370000,709.370000,2790948
TSLA,2025-07-15,702.600000,722.680000,650.580000,670.660000,670.660000,4623963
TSLA,2025-07-16,661.350000,663.120000,649.460000,651.230000,651.230000,5935648
TSLA,2025-07-17,656.550000,683.430000,627.150000,654.040000,654.040000,5241027
TSLA,2025-07-18,651.510000,697.290000,632.840000,678.620000,678.620000,6308397
TSLA,2025-07-21,685.670000,714.790000,671.480000,700.600000,700.600000,7130726
TSLA,2025-07-22,711.130000,717.950000,693.150000,699.960000,699.960000,6168630
TSLA,2025-07-23,701.430000,742.040000,695.040000,735.650000,735.650000,2276755
TSLA,2025-07-24,754.420000,758.280000,744.300000,748.160000,748.160000,5186203
TSLA,2025-07-25,745.840000,747.110000,734.200000,735.470000,735.470000,4969030
TSLA,2025-07-28,738.230000,758.930000,709.790000,730.490000,730.490000,5430011
TSLA,2025-07-29,729.180000,793.660000,692.750000,757.230000,757.230000,2935312
TSLA,2025-07-30,771.740000,772.790000,707.770000,708.820000,708.820000,3323882
TSLA,2025-07-31,727.560000,736.010000,726.870000,735.320000,735.320000,5145535
TSLA,2025-08-01,733.300000,740.040000,685.780000,692.520000,692.520000,3128918
TSLA,2025-08-04,691.420000,703.410000,645.370000,657.360000,657.360000,7165734
TSLA,2025-08-05,649,664.160000,638.340000,653.500000,653.500000,2647309
TSLA,2025-08-06,649.910000,662.010000,644.210000,656.310000,656.310000,2111771
TSLA,2025-08-07,660.080000,676.930000,650.160000,667.010000,667.010000,4147079
TSLA,2025-08-08,673.310000,677.010000,649.790000,653.490000,653.490000,4133988
TSLA,2025-08-11,643.640000,673.510000,627.920000,657.790000,657.790000,5798061
TSLA,2025-08-12,660.880000,682.780000,643.400000,665.300000,665.300000,7460998
TSLA,2025-08-13,655.920000,660.910000,636.410000,641.400000,641.400000,4535069
TSLA,2025-08-14,657.300000,669.590000,644.900000,657.190000,657.190000,5087982
TSLA,2025-08-15,649.340000,674.610000,637.030000,662.310000,662.310000,4951982
TSLA,2025-08-18,646.950000,657.150000,627.170000,637.360000,637.360000,3958990
TSLA,2025-08-19,638.650000,640.120000,613.930000,615.400000,615.400000,5965271
TSLA,2025-08-20,620.370000,630.510000,586.250000,596.380000,596.380000,6209119
TSLA,2025-08-21,592.020000,647.760000,572.120000,627.860000,627.860000,3646049
TSLA,2025-08-22,635.380000,675.450000,626.500000,666.570000,666.570000,4912532
TSLA,2025-08-25,677.500000,734.190000,656.190000,712.880000,712.880000,6811498
TSLA,2025-08-26,725.570000,734.360000,694,702.790000,702.790000,3583934
TSLA,2025-08-27,688.380000,769.810000,681.020000,762.450000,762.450000,3550591
TSLA,2025-08-28,746.700000,765.350000,725.630000,744.280000,744.280000,6888474
TSLA,2025-08-29,753.970000,760.060000,746.280000,752.370000,752.370000,5803982
TSLA,2025-09-01,740.200000,750.680000,702.770000,713.240000,713.240000,8397170
TSLA,2025-09-02,720.250000,725.140000,700.140000,705.030000,705.030000,6440345
TSLA,2025-09-03,714.710000,725.330000,676.720000,687.340000,687.340000,4253368
TSLA,2025-09-04,692.450000,731.550000,684.340000,723.440000,723.440000,6037208
TSLA,2025-09-05,742.860000,756.340000,738.160000,751.650000,751.650000,6424628
TSLA,2025-09-08,750.890000,794.070000,735.790000,778.970000,778.970000,3714864
TSLA,2025-09-09,808.850000,832.920000,721.680000,745.760000,745.760000,4852126
TSLA,2025-09-10,744.810000,746.520000,744,745.720000,745.720000,6372863
TSLA,2025-09-11,752.740000,762.870000,725.790000,735.920000,735.920000,5495650
TSLA,2025-09-12,740.980000,750.320000,702.740000,712.090000,712.090000,3438666
TSLA,2025-09-15,705.480000,727.160000,694.500000,716.180000,716.180000,2112687
TSLA,2025-09-16,711.630000,742.640000,669.480000,700.490000,700.490000,3951885
TSLA,2025-09-17,704.980000,713.770000,645.370000,654.150000,654.150000,5122980
TSLA,2025-09-18,653.240000,702.130000,626.140000,675.030000,675.030000,5938793
TSLA,2025-09-19,675.910000,703.460000,658.290000,685.830000,685.830000,3292257
TSLA,2025-09-22,680.630000,700.510000,628.470000,648.350000,648.350000,4484208
TSLA,2025-09-23,644.690000,682.580000,631.190000,669.090000,669.090000,5798419
TSLA,2025-09-24,674.700000,675.340000,640.260000,640.910000,640.910000,3864172
TSLA,2025-09-25,644.460000,657.580000,637.460000,650.570000,650.570000,5689645
TSLA,2025-09-26,655.050000,719.830000,640.920000,705.700000,705.700000,5977093
TSLA,2025-09-29,704.980000,709.440000,691.440000,695.900000,695.900000,6140284
TSLA,2025-09-30,690.810000,729.570000,668.790000,707.560000,707.560000,3663905
TSLA,2025-10-01,704.980000,712.430000,668.830000,676.280000,676.280000,4964532
TSLA,2025-10-02,669.480000,687.790000,666.880000,685.190000,685.190000,7650992
TSLA,2025-10-03,681.200000,681.590000,658.460000,658.860000,658.860000,6000335
TSLA,2025-10-06,661.960000,667.530000,633.520000,639.090000,639.090000,3347718
TSLA,2025-10-07,645.720000,665.010000,642.500000,661.790000,661.790000,4992618
TSLA,2025-10-08,657.490000,696.940000,651.710000,691.160000,691.160000,5381956
TSLA,2025-10-09,669.530000,709.520000,667.680000,707.670000,707.670000,6358819
TSLA,2025-10-10,705.700000,709.120000,641.190000,644.610000,644.610000,5767686
TSLA,2025-10-13,650.630000,661.220000,619.670000,630.260000,630.260000,3317676
TSLA,2025-10-14,638.860000,653.230000,635.410000,649.780000,649.780000,6168661
TSLA,2025-10-15,634.980000,653.110000,613.120000,631.240000,631.240000,4397193
TSLA,2025-10-16,633.680000,645.340000,586.730000,598.400000,598.400000,4379311
TSLA,2025-10-17,603.670000,604.110000,586.410000,586.850000,586.850000,6653723
TSLA,2025-10-20,577.220000,612.540000,550.110000,585.430000,585.430000,3925705
TSLA,2025-10-21,585.310000,614.860000,569.070000,598.620000,598.620000,6108315
TSLA,2025-10-22,601.870000,609.380000,591.070000,598.580000,598.580000,3898873
TSLA,2025-10-23,598.160000,606.600000,596.360000,604.800000,604.800000,7449488
TSLA,2025-10-24,600.380000,607.880000,594.860000,602.360000,602.360000,5577987
TSLA,2025-10-27,594.750000,627.580000,585.190000,618.020000,618.020000,6191976
TSLA,2025-10-28,620.910000,660.910000,619.820000,659.810000,659.810000,3596755
TSLA,2025-10-29,662.310000,686.760000,655.740000,680.180000,680.180000,7650513
TSLA,2025-10-30,681,682.060000,638.710000,639.770000,639.770000,3826118
TSLA,2025-10-31,632.180000,646.930000,603.180000,617.930000,617.930000,4102411
TSLA,2025-11-03,622,637.740000,583.840000,599.570000,599.570000,5139162
TSLA,2025-11-04,597.980000,599.430000,585.760000,587.210000,587.210000,4444505
TSLA,2025-11-05,579.030000,608.050000,570.730000,599.750000,599.750000,5391218
TSLA,2025-11-06,597.030000,606.060000,591.820000,600.860000,600.860000,3551416
TSLA,2025-11-07,600.600000,628.250000,594.680000,622.330000,622.330000,7405789
TSLA,2025-11-10,614.330000,624.900000,582.510000,593.080000,593.080000,5182736
TSLA,2025-11-11,587.410000,612.400000,570.050000,595.040000,595.040000,4349553
TSLA,2025-11-12,591.670000,627.960000,587.720000,624.010000,624.010000,4991563
TSLA,2025-11-13,625.170000,628.200000,613.480000,616.510000,616.510000,5238630
TSLA,2025-11-14,609.640000,635.140000,603.290000,628.780000,628.780000,5247920
TSLA,2025-11-17,624.190000,638.490000,601.520000,615.810000,615.810000,5375818
TSLA,2025-11-18,624.720000,637.890000,601.540000,614.700000,614.700000,7131882
TSLA,2025-11-19,612.560000,612.950000,610.320000,610.700000,610.700000,6371810
TSLA,2025-11-20,600.910000,606.020000,570.460000,575.570000,575.570000,3837367
TSLA,2025-11-21,571.100000,608.170000,571.040000,608.110000,608.110000,3830333
TSLA,2025-11-24,597.190000,645.240000,584.420000,632.470000,632.470000,4905802
TSLA,2025-11-25,632.410000,693.990000,607.460000,669.040000,669.040000,6163008
TSLA,2025-11-26,668.440000,680.590000,662.930000,675.080000,675.080000,4465163
TSLA,2025-11-27,664.250000,676.120000,663.100000,674.970000,674.970000,3519910
TSLA,2025-11-28,673.120000,686.490000,656.920000,670.290000,670.290000,5223202
TSLA,2025-12-01,657.290000,690.970000,649.860000,683.540000,683.540000,5167404
TSLA,2025-12-02,674.430000,694.180000,669.470000,689.220000,689.220000,3310934
TSLA,2025-12-03,698.870000,728.420000,684.590000,714.140000,714.140000,3571739
TSLA,2025-12-04,721.610000,724.270000,684.800000,687.460000,687.460000,6112647
TSLA,2025-12-05,694.560000,738.040000,682,725.480000,725.480000,4714576
TSLA,2025-12-08,720.190000,721.780000,707.630000,709.220000,709.220000,6026781
TSLA,2025-12-09,711.700000,747.480000,702,737.780000,737.780000,4418632
TSLA,2025-12-10,730.100000,731.290000,707.520000,708.710000,708.710000,5951699
TSLA,2025-12-11,730.390000,732.890000,725.690000,728.190000,728.190000,2612418
TSLA,2025-12-12,724.990000,731.910000,674.360000,681.280000,681.280000,6748908
TSLA,2025-12-15,659.060000,715.910000,653.200000,710.050000,710.050000,3957795
TSLA,2025-12-16,705.590000,719.230000,671.260000,684.890000,684.890000,1253265
TSLA,2025-12-17,701.580000,718.130000,691.910000,708.460000,708.460000,4603524
TSLA,2025-12-18,705.350000,742.730000,701.940000,739.310000,739.310000,3944787
TSLA,2025-12-19,739.800000,753.770000,705.930000,719.900000,719.900000,3398737
TSLA,2025-12-22,714.560000,784.630000,686.140000,756.210000,756.210000,6658795
TSLA,2025-12-23,769.570000,783.830000,748.390000,762.650000,762.650000,4785129
TSLA,2025-12-24,769.280000,776.800000,765.830000,773.350000,773.350000,6259419
TSLA,2025-12-25,768.930000,785.470000,732.900000,749.440000,749.440000,5204473
TSLA,2025-12-26,750.020000,756.740000,720.930000,727.650000,727.650000,7235726
TSLA,2025-12-29,723.750000,794.530000,712.610000,783.390000,783.390000,3424158
TSLA,2025-12-30,785.290000,811.340000,760.310000,786.360000,786.360000,6727650
TSLA,2025-12-31,800.080000,803.200000,747.450000,750.560000,750.560000,8441780
TSLA,2026-01-02,748.310000,754.130000,701.860000,707.690000,707.690000,6873493
TSLA,2026-01-05,716.730000,747.880000,637.440000,668.590000,668.590000,3560246
TSLA,2026-01-06,661.810000,673.070000,635.100000,646.360000,646.360000,5794789
TSLA,2026-01-07,628.500000,637.870000,621.950000,631.320000,631.320000,2319821
TSLA,2026-01-08,626.510000,631.950000,575.360000,580.800000,580.800000,5115142
TSLA,2026-01-09,577.450000,621.470000,563.530000,607.550000,607.550000,4814687
TSLA,2026-01-12,603.440000,620.790000,569.670000,587.020000,587.020000,5859691
TSLA,2026-01-13,587.620000,615.880000,578.740000,607.010000,607.010000,4526063
TSLA,2026-01-14,590.160000,607.840000,588.110000,605.800000,605.800000,7881879
TSLA,2026-01-15,604.590000,612.270000,556.730000,564.410000,564.410000,6536839
TSLA,2026-01-16,566.440000,577.770000,561.570000,572.900000,572.900000,5597416
TSLA,2026-01-20,581.260000,622.700000,573.460000,614.890000,614.890000,7825248
TSLA,2026-01-21,618.990000,634.120000,611.390000,626.520000,626.520000,2624167
TSLA,2026-01-22,643.720000,649.140000,628.400000,633.820000,633.820000,3062863
TSLA,2026-01-23,623.920000,628.990000,618.160000,623.230000,623.230000,3213261
TSLA,2026-01-26,631.640000,638.680000,603.580000,610.620000,610.620000,3539186
TSLA,2026-01-27,600.910000,646.590000,598.750000,644.440000,644.440000,6189401
TSLA,2026-01-28,642.890000,659.190000,640.260000,656.560000,656.560000,5559544
TSLA,2026-01-29,670.070000,696.100000,667.500000,693.530000,693.530000,4821601
TSLA,2026-01-30,690.470000,703.520000,661.100000,674.150000,674.150000,5663428
TSLA,2026-02-02,679.560000,692.200000,669.080000,681.730000,681.730000,7920616
TSLA,2026-02-03,676.970000,727.720000,659.030000,709.780000,709.780000,6301034
TSLA,2026-02-04,705.500000,748.470000,683.020000,725.990000,725.990000,6200325
TSLA,2026-02-05,714.890000,732.860000,706.570000,724.540000,724.540000,3708307
TSLA,2026-02-06,713.380000,764.480000,696.170000,747.270000,747.270000,7588683
TSLA,2026-02-09,763.490000,777.110000,729,742.620000,742.620000,2902192
TSLA,2026-02-10,743.420000,825.280000,720.050000,801.910000,801.910000,505011
TSLA,2026-02-11,791.590000,825.940000,789.400000,823.760000,823.760000,5065411
TSLA,2026-02-12,846.420000,847.780000,831.860000,833.220000,833.220000,7730947
TSLA,2026-02-13,829.970000,852.670000,824.090000,846.790000,846.790000,3235683
TSLA,2026-02-17,867.970000,882.230000,833.180000,847.440000,847.440000,5404494
TSLA,2026-02-18,844.700000,855.400000,844.010000,854.710000,854.710000,4951164
TSLA,2026-02-19,845.060000,845.310000,838.260000,838.500000,838.500000,3414682
TSLA,2026-02-20,847.510000,875.150000,835.490000,863.130000,863.130000,4673075
TSLA,2026-02-23,865.290000,927.700000,855.600000,918.010000,918.010000,4309499
TSLA,2026-02-24,914.260000,921.710000,895.050000,902.500000,902.500000,3906885
TSLA,2026-02-25,914.130000,960.530000,889.990000,936.390000,936.390000,5954645
TSLA,2026-02-26,915.390000,933,915.350000,932.970000,932.970000,3255564
TSLA,2026-02-27,909.500000,917.330000,897.220000,905.050000,905.050000,3140598
TSLA,2026-03-02,889.070000,913.540000,844.540000,869.010000,869.010000,2966154
TSLA,2026-03-03,866.480000,898.870000,840.270000,872.670000,872.670000,3040134
TSLA,2026-03-04,873.130000,893.600000,857.160000,877.630000,877.630000,6866955
TSLA,2026-03-05,907.790000,909.340000,889.580000,891.130000,891.130000,4114562
TSLA,2026-03-06,893.130000,932.230000,876.970000,916.070000,916.070000,7285580
TSLA,2026-03-09,908.560000,936.170000,887.300000,914.920000,914.920000,8570228
TSLA,2026-03-10,924.650000,942.910000,913.870000,932.140000,932.140000,1571254
TSLA,2026-03-11,943.870000,946.290000,907.460000,909.880000,909.880000,7683866
TSLA,2026-03-12,915.450000,935,883.110000,902.650000,902.650000,1811594
TSLA,2026-03-13,893.370000,956.880000,881.950000,945.460000,945.460000,4732620
TSLA,2026-03-16,957.410000,984.020000,875.370000,901.990000,901.990000,5396196
TSLA,2026-03-17,885.460000,890.600000,862.410000,867.540000,867.540000,5011378
TSLA,2026-03-18,884.430000,904.280000,877.600000,897.450000,897.450000,4912734
TSLA,2026-03-19,862.790000,915.160000,843.960000,896.330000,896.330000,3611564
TSLA,2026-03-20,897.650000,918.020000,883.280000,903.650000,903.650000,5856696
TSLA,2026-03-23,920.260000,926.160000,867.300000,873.190000,873.190000,2961036
TSLA,2026-03-24,867.030000,908.570000,827.550000,869.090000,869.090000,5935370
TSLA,2026-03-25,887.600000,908.950000,856.450000,877.810000,877.810000,4122720
TSLA,2026-03-26,885.580000,885.860000,850.930000,851.210000,851.210000,3608796
TSLA,2026-03-27,840.140000,873.720000,836.620000,870.200000,870.200000,6553403
TSLA,2026-03-30,851.060000,902.160000,832.760000,883.860000,883.860000,2696133
TSLA,2026-03-31,889.640000,933.650000,883.010000,927.020000,927.020000,7780800
TSLA,2026-04-01,940.330000,955.730000,879.870000,895.270000,895.270000,6865540
TSLA,2026-04-02,889.570000,893,858.290000,861.710000,861.710000,4799852
TSLA,2026-04-06,840.780000,848.550000,799.040000,806.810000,806.810000,4444816
TSLA,2026-04-07,810.170000,861.700000,775.820000,827.350000,827.350000,7743358
TSLA,2026-04-08,830.110000,852.220000,815.410000,837.530000,837.530000,3768139
TSLA,2026-04-09,847.990000,850.250000,791.040000,793.300000,793.300000,5758853
TSLA,2026-04-10,794.750000,831,787.030000,823.280000,823.280000,5687739
TSLA,2026-04-13,814.130000,820.550000,783.580000,790,790,4164139
TSLA,2026-04-14,780.160000,814.990000,772.250000,807.090000,807.090000,2508014
TSLA,2026-04-15,791.230000,792.860000,764.830000,766.470000,766.470000,4229893
TSLA,2026-04-16,765.780000,842.660000,752.630000,829.510000,829.510000,4621352
TSLA,2026-04-17,833.310000,846.750000,811.490000,824.930000,824.930000,5417850
TSLA,2026-04-20,824.200000,880.260000,800.230000,856.290000,856.290000,6266345
TSLA,2026-04-21,858.620000,934.630000,851.170000,927.180000,927.180000,5802338
TSLA,2026-04-22,904.700000,907.490000,888.370000,891.160000,891.160000,5950039
TSLA,2026-04-23,863.150000,947.470000,839.600000,923.920000,923.920000,3008595
TSLA,2026-04-24,917.320000,933.790000,901.490000,917.960000,917.960000,3499880
TSLA,2026-04-27,909.360000,922.390000,864.960000,877.990000,877.990000,2889555
TSLA,2026-04-28,874.360000,908.690000,804.580000,838.910000,838.910000,4109417
TSLA,2026-04-29,821.930000,894.310000,820.130000,892.510000,892.510000,5335387
TSLA,2026-04-30,883.990000,974.090000,870.660000,960.760000,960.760000,6323962
TSLA,2026-05-01,980.110000,980.900000,963.060000,963.850000,963.850000,2243338
TSLA,2026-05-04,966.190000,976.690000,959.290000,969.800000,969.800000,5305474
TSLA,2026-05-05,966.950000,971.600000,952.890000,957.550000,957.550000,8215132
TSLA,2026-05-06,953.590000,995.690000,929.590000,971.690000,971.690000,4297470
TSLA,2026-05-07,979.860000,1002.660000,952.780000,975.580000,975.580000,4659604
TSLA,2026-05-08,967.220000,1002.050000,959.340000,994.170000,994.170000,4405719
TSLA,2026-05-11,995.020000,1003.990000,953.540000,962.500000,962.500000,3585276
TSLA,2026-05-12,951.220000,967.780000,904.270000,920.830000,920.830000,5472293
TSLA,2026-05-13,935.130000,957.370000,910.050000,932.290000,932.290000,5626854
TSLA,2026-05-14,936.560000,954.080000,903.620000,921.140000,921.140000,4747150
TSLA,2026-05-15,932.980000,948.150000,908.580000,923.760000,923.760000,4076072
TSLA,2026-05-18,918.680000,928.890000,888.880000,899.100000,899.100000,5298821
TSLA,2026-05-19,897.570000,897.790000,892.550000,892.770000,892.770000,5545264
TSLA,2026-05-20,884.180000,993.600000,857.960000,967.370000,967.370000,5627807
TSLA,2026-05-21,972.180000,998.860000,957.250000,983.930000,983.930000,3750009
TSLA,2026-05-22,994.540000,1034.950000,915.120000,955.530000,955.530000,3684866
TSLA,2026-05-26,959.350000,1028.470000,932.210000,1001.330000,1001.330000,4615972
TSLA,2026-05-27,1005.770000,1036.200000,1004.450000,1034.880000,1034.880000,4269675
TSLA,2026-05-28,1040.770000,1047.660000,995.700000,1002.580000,1002.580000,2956788
TSLA,2026-05-29,1004.830000,1006.070000,996.960000,998.200000,998.200000,4091494
TSLA,2026-06-01,1010.520000,1058.280000,1000.660000,1048.420000,1048.420000,7212814
TSLA,2026-06-02,1029.800000,1114.280000,1010.890000,1095.370000,1095.370000,4387392
TSLA,2026-06-03,1078.560000,1100.110000,1025.420000,1046.970000,1046.970000,6526630
TSLA,2026-06-04,1043.100000,1064.690000,1015.940000,1037.530000,1037.530000,6064296
TSLA,2026-06-05,1007.200000,1014.760000,982.170000,989.730000,989.730000,3590419
TSLA,2026-06-08,998.870000,1040.770000,963.460000,1005.360000,1005.360000,3757546
TSLA,2026-06-09,989.610000,1009.260000,935.790000,955.440000,955.440000,3131567
TSLA,2026-06-10,974.520000,1013.520000,928.250000,967.250000,967.250000,7306386
TSLA,2026-06-11,963.690000,1001.110000,927.210000,964.630000,964.630000,4037211
TSLA,2026-06-12,972.940000,988.370000,937.020000,952.450000,952.450000,3757508
TSLA,2026-06-15,952.130000,990.970000,935.060000,973.900000,973.900000,3415428
TSLA,2026-06-16,976.480000,999.940000,943.170000,966.630000,966.630000,6754903
TSLA,2026-06-17,984.640000,997.900000,925.020000,938.280000,938.280000,6613351
TSLA,2026-06-18,944.960000,945.460000,913.270000,913.770000,913.770000,6290438
TSLA,2026-06-22,901.340000,905.350000,877.770000,881.780000,881.780000,4922950
TSLA,2026-06-23,889.400000,903.910000,844.710000,859.210000,859.210000,5127681
TSLA,2026-06-24,843.680000,860.590000,807.330000,824.240000,824.240000,4029443
TSLA,2026-06-25,804.240000,856.460000,786.390000,838.600000,838.600000,6319730
TSLA,2026-06-26,841.310000,847.140000,781.510000,787.340000,787.340000,3837185
TSLA,2026-06-29,794.050000,824.200000,776.550000,806.700000,806.700000,4596794
TSLA,2026-06-30,810.350000,832.250000,768.990000,790.890000,790.890000,7226483
TSLA,2026-07-01,788.720000,799.290000,710.790000,721.360000,721.360000,3743217
TSLA,2026-07-02,719.110000,754.690000,708.580000,744.150000,744.150000,3576404
TSLA,2026-07-06,733.560000,736.610000,732.570000,735.620000,735.620000,4864078
TSLA,2026-07-07,745.760000,754.460000,709.260000,717.960000,717.960000,6315790
TSLA,2026-07-08,732.280000,753.060000,683.350000,704.130000,704.130000,6924437
TSLA,2026-07-09,700.840000,706.520000,694.910000,700.590000,700.590000,6177459
TSLA,2026-07-10,712.390000,726.650000,686.500000,700.760000,700.760000,6004144
TSLA,2026-07-13,698.880000,709.380000,677.210000,687.720000,687.720000,5936922
TSLA,2026-07-14,704.880000,730.650000,641.980000,667.750000,667.750000,5605532
TSLA,2026-07-15,661.650000,667.710000,640.910000,646.970000,646.970000,4636117
TSLA,2026-07-16,638.450000,672.110000,625.940000,659.600000,659.600000,2874822
TSLA,2026-07-17,671.140000,671.490000,636.710000,637.060000,637.060000,5985494
TSLA,2026-07-20,635.450000,693.280000,630.080000,687.910000,687.910000,6018156
TSLA,2026-07-21,700.190000,712.160000,686.090000,698.060000,698.060000,5094093
TSLA,2026-07-22,688.850000,694.080000,674.850000,680.080000,680.080000,3704902
TSLA,2026-07-23,678.060000,685.400000,619.710000,627.040000,627.040000,3699807
TSLA,2026-07-24,636.910000,652.590000,584.550000,600.230000,600.230000,6091364
TSLA,2026-07-27,596.420000,601,571.130000,575.700000,575.700000,5316658
TSLA,2026-07-28,569.390000,588.810000,563.820000,583.240000,583.240000,3237730
TSLA,2026-07-29,579.530000,596.670000,551.870000,569,569,6581069
TSLA,2026-07-30,576.030000,593.310000,541.540000,558.820000,558.820000,3575738
TSLA,2026-07-31,563.830000,581.200000,537.300000,554.660000,554.660000,5161025
TSLA,2026-08-03,547.720000,581.340000,540.210000,573.830000,573.830000,5316188
TSLA,2026-08-04,575.200000,591.090000,533.020000,548.910000,548.910000,5052560
TSLA,2026-08-05,550.970000,586.530000,534.930000,570.490000,570.490000,7391546
TSLA,2026-08-06,572.400000,592.270000,559.700000,579.560000,579.560000,3512318
TSLA,2026-08-07,575.640000,587.100000,568.130000,579.590000,579.590000,7748591
TSLA,2026-08-10,566.660000,610.700000,564.110000,608.140000,608.140000,3426273
TSLA,2026-08-11,613.550000,628.340000,602.580000,617.370000,617.370000,5591036
TSLA,2026-08-12,617.800000,624.430000,582.930000,589.570000,589.570000,5479595
TSLA,2026-08-13,586.800000,589.710000,577.770000,580.680000,580.680000,6211119
TSLA,2026-08-14,570.780000,603.450000,559.290000,591.950000,591.950000,7185206
TSLA,2026-08-17,586.100000,592.220000,578.100000,584.230000,584.230000,5803655
TSLA,2026-08-18,579.680000,637,570.400000,627.720000,627.720000,8453609
TSLA,2026-08-19,617.920000,643.120000,599.060000,624.260000,624.260000,2209328
TSLA,2026-08-20,632.840000,643.600000,622.690000,633.450000,633.450000,6489215
TSLA,2026-08-21,627.460000,633.590000,616.660000,622.800000,622.800000,2666414
TSLA,2026-08-24,618.770000,637.560000,611.320000,630.110000,630.110000,5685563
JPM,2024-10-28,240.510000,242.600000,238.580000,240.670000,240.670000,5545390
JPM,2024-10-29,241.430000,244.670000,241.430000,244.670000,244.670000,2463792
JPM,2024-10-30,246.440000,247.140000,243.430000,244.130000,244.130000,4564949
JPM,2024-10-31,244.590000,247.260000,240.610000,243.280000,243.280000,3718536
JPM,2024-11-01,243.570000,246.080000,242.220000,244.730000,244.730000,4378767
JPM,2024-11-04,243.190000,247.140000,240.260000,244.210000,244.210000,4918812
JPM,2024-11-05,244.710000,245.520000,244.210000,245.020000,245.020000,5290338
JPM,2024-11-06,244.810000,247.550000,243.550000,246.290000,246.290000,3420052
JPM,2024-11-07,243.870000,255.100000,242.870000,254.090000,254.090000,5048808
JPM,2024-11-08,254.090000,262.900000,253.460000,262.270000,262.270000,5802710
JPM,2024-11-11,263.550000,265.290000,260.700000,262.440000,262.440000,4545403
JPM,2024-11-12,262.650000,266.020000,258.380000,261.750000,261.750000,4485588
JPM,2024-11-13,262.080000,263.570000,254.510000,256,256,4509873
JPM,2024-11-14,255.160000,259.840000,254.040000,258.720000,258.720000,5803992
JPM,2024-11-15,257.230000,257.880000,256.860000,257.510000,257.510000,4099601
JPM,2024-11-18,258.260000,258.630000,256.080000,256.450000,256.450000,5706518
JPM,2024-11-19,255.800000,260.920000,254.110000,259.240000,259.240000,3358300
JPM,2024-11-20,259.680000,261.300000,256.580000,258.200000,258.200000,4705150
JPM,2024-11-21,256.900000,257.060000,256.490000,256.650000,256.650000,5433138
JPM,2024-11-22,258.190000,258.280000,256.630000,256.720000,256.720000,6747774
JPM,2024-11-25,256.710000,259.990000,253.920000,257.210000,257.210000,4198518
JPM,2024-11-26,257.160000,258.140000,256.750000,257.730000,257.730000,4909910
JPM,2024-11-27,257.220000,258.160000,254.770000,255.710000,255.710000,3233384
JPM,2024-11-28,256.390000,261.060000,255.700000,260.370000,260.370000,5217613
JPM,2024-11-29,260.880000,261.270000,254.820000,255.210000,255.210000,4381171
JPM,2024-12-02,256.280000,258.750000,248.370000,250.830000,250.830000,4643610
JPM,2024-12-03,250.440000,254.980000,249.880000,254.430000,254.430000,4027598
JPM,2024-12-04,253.340000,257.770000,252.110000,256.540000,256.540000,6248445
JPM,2024-12-05,256.920000,257.170000,250.790000,251.040000,251.040000,5901510
JPM,2024-12-06,248.570000,251.610000,248.260000,251.300000,251.300000,4625881
JPM,2024-12-09,252.670000,253.780000,246.900000,248.010000,248.010000,4983193
JPM,2024-12-10,248.240000,251.920000,246.100000,249.780000,249.780000,5031534
JPM,2024-12-11,249.920000,255.330000,249.190000,254.600000,254.600000,4007004
JPM,2024-12-12,252.520000,265.810000,251.770000,265.070000,265.070000,5018514
JPM,2024-12-13,265.840000,266.310000,258.010000,258.480000,258.480000,1923135
JPM,2024-12-16,258.650000,265.560000,257.590000,264.500000,264.500000,6148128
JPM,2024-12-17,263.880000,265.990000,261.710000,263.820000,263.820000,2871755
JPM,2024-12-18,263.500000,268.720000,261.520000,266.750000,266.750000,3946654
JPM,2024-12-19,265.740000,265.930000,262.470000,262.660000,262.660000,5612275
JPM,2024-12-20,262.280000,263.950000,259.050000,260.720000,260.720000,3963246
JPM,2024-12-23,261.410000,261.560000,256.300000,256.450000,256.450000,3861426
JPM,2024-12-24,254.550000,263.130000,250.900000,259.480000,259.480000,4569701
JPM,2024-12-25,260.860000,264.700000,258.510000,262.350000,262.350000,4559763
JPM,2024-12-26,261.640000,266.240000,259.720000,264.310000,264.310000,4980221
JPM,2024-12-27,264.010000,265.620000,261.820000,263.430000,263.430000,3965839
JPM,2024-12-30,262.630000,264.900000,260.180000,262.450000,262.450000,5135733
JPM,2024-12-31,263.640000,264.750000,263.110000,264.230000,264.230000,4154338
JPM,2025-01-01,264.880000,265.740000,264.600000,265.460000,265.460000,5320961
JPM,2025-01-02,263.500000,264.060000,261.080000,261.640000,261.640000,6471588
JPM,2025-01-03,261.330000,265.420000,260.540000,264.620000,264.620000,6773245
JPM,2025-01-06,264.220000,265.120000,263.120000,264.020000,264.020000,5469889
JPM,2025-01-07,264.070000,265.240000,264.040000,265.210000,265.210000,4009005
JPM,2025-01-08,266.060000,267.530000,264.550000,266.030000,266.030000,6562567
JPM,2025-01-09,264.860000,265.020000,264.760000,264.930000,264.930000,5891520
JPM,2025-01-10,266.600000,271.160000,262.200000,266.760000,266.760000,3917656
JPM,2025-01-13,266.350000,268.230000,266.030000,267.910000,267.910000,6322779
JPM,2025-01-14,268.360000,273.180000,266.580000,271.400000,271.400000,2188243
JPM,2025-01-15,270.050000,271.820000,269.450000,271.210000,271.210000,7079518
JPM,2025-01-16,271.730000,274.900000,268.420000,271.590000,271.590000,4299278
JPM,2025-01-17,272.760000,275.470000,267.360000,270.070000,270.070000,5156662
JPM,2025-01-20,270.340000,273.780000,268.600000,272.040000,272.040000,2654651
JPM,2025-01-21,273.760000,274.250000,267.610000,268.100000,268.100000,2508092
JPM,2025-01-22,270.320000,272.290000,262.890000,264.850000,264.850000,606835
JPM,2025-01-23,265.370000,268.620000,259.040000,262.300000,262.300000,3973686
JPM,2025-01-24,263.980000,264.360000,261.270000,261.650000,261.650000,3686855
JPM,2025-01-27,262.150000,269.030000,260.180000,267.060000,267.060000,4106204
JPM,2025-01-28,266.200000,274.330000,264.280000,272.410000,272.410000,5622533
JPM,2025-01-29,272.380000,280.060000,272.230000,279.910000,279.910000,5575655
JPM,2025-01-30,278.670000,279.010000,272.270000,272.610000,272.610000,3881010
JPM,2025-01-31,272.440000,272.630000,271.470000,271.660000,271.660000,4201941
JPM,2025-02-03,271.490000,273.810000,269.330000,271.650000,271.650000,1262360
JPM,2025-02-04,271.790000,272.090000,269.970000,270.270000,270.270000,4211465
JPM,2025-02-05,270.210000,270.780000,267.310000,267.880000,267.880000,6578693
JPM,2025-02-06,268.400000,270.470000,266.990000,269.060000,269.060000,3181356
JPM,2025-02-07,268.720000,269.810000,268.260000,269.350000,269.350000,7423925
JPM,2025-02-10,268.790000,270.060000,267.700000,268.970000,268.970000,4584501
JPM,2025-02-11,269.180000,271.590000,267.550000,269.960000,269.960000,4282342
JPM,2025-02-12,271.390000,271.550000,270.310000,270.480000,270.480000,7532252
JPM,2025-02-13,268.630000,270.410000,266.750000,268.530000,268.530000,4514045
JPM,2025-02-14,265.820000,273.030000,264.660000,271.870000,271.870000,3959070
JPM,2025-02-17,274.890000,276.810000,267.660000,269.580000,269.580000,4874664
JPM,2025-02-18,269.440000,274.300000,267.250000,272.100000,272.100000,3761081
JPM,2025-02-19,273.160000,276.380000,270.990000,274.210000,274.210000,5220944
JPM,2025-02-20,276.160000,276.790000,273.380000,274.010000,274.010000,3930320
JPM,2025-02-21,274.370000,275.730000,270.800000,272.160000,272.160000,5118538
JPM,2025-02-24,273.090000,276.650000,267.140000,270.700000,270.700000,3988645
JPM,2025-02-25,269.360000,272.810000,267.930000,271.380000,271.380000,4544164
JPM,2025-02-26,270.900000,275.930000,265.990000,271.020000,271.020000,5434757
JPM,2025-02-27,271.520000,272.350000,266.330000,267.160000,267.160000,4422786
JPM,2025-02-28,266.700000,270.040000,266.650000,269.990000,269.990000,3724889
JPM,2025-03-03,271.110000,271.880000,265.680000,266.450000,266.450000,4385843
JPM,2025-03-04,266.410000,269.430000,264.430000,267.440000,267.440000,3630151
JPM,2025-03-05,268.040000,268.400000,264.340000,264.700000,264.700000,5680305
JPM,2025-03-06,266.150000,266.330000,258.990000,259.180000,259.180000,4529551
JPM,2025-03-07,259.120000,260.750000,257.890000,259.520000,259.520000,6675212
JPM,2025-03-10,259.320000,266.470000,257.220000,264.370000,264.370000,5736058
JPM,2025-03-11,264.430000,265.340000,261.140000,262.050000,262.050000,5459490
JPM,2025-03-12,261.720000,264.180000,261.580000,264.040000,264.040000,4710945
JPM,2025-03-13,262.850000,270.280000,261.560000,268.990000,268.990000,4567091
JPM,2025-03-14,269.470000,271.440000,264.290000,266.260000,266.260000,6337595
JPM,2025-03-17,266.870000,267.230000,265.160000,265.520000,265.520000,4449785
JPM,2025-03-18,265.770000,269.730000,264.290000,268.260000,268.260000,2651691
JPM,2025-03-19,269.980000,270.580000,268.390000,268.990000,268.990000,3429289
JPM,2025-03-20,270.490000,271.870000,265.450000,266.830000,266.830000,1732044
JPM,2025-03-21,268.460000,268.970000,266.490000,267,267,3777177
JPM,2025-03-24,265.300000,275.270000,262.830000,272.800000,272.800000,3282555
JPM,2025-03-25,274.180000,276.950000,274.020000,276.790000,276.790000,3091489
JPM,2025-03-26,275.400000,277.660000,275.390000,277.650000,277.650000,6209845
JPM,2025-03-27,276.400000,284.440000,274.590000,282.630000,282.630000,5284141
JPM,2025-03-28,281.560000,284.540000,280.750000,283.730000,283.730000,6431878
JPM,2025-03-31,283.500000,289.070000,282.330000,287.900000,287.900000,3938889
JPM,2025-04-01,288.200000,291.580000,286.020000,289.400000,289.400000,5620460
JPM,2025-04-02,288.970000,299.840000,287.510000,298.380000,298.380000,5596615
JPM,2025-04-03,298.150000,299.860000,297.900000,299.620000,299.620000,4994578
JPM,2025-04-04,299.100000,300.160000,296.120000,297.180000,297.180000,5771598
JPM,2025-04-07,297.620000,298.790000,297.520000,298.690000,298.690000,5908758
JPM,2025-04-08,297.410000,301.510000,297.200000,301.310000,301.310000,3569745
JPM,2025-04-09,299.920000,302.350000,298.470000,300.900000,300.900000,5383908
JPM,2025-04-10,300.550000,303.040000,297.670000,300.160000,300.160000,3856279
JPM,2025-04-11,299.940000,300.890000,292.090000,293.040000,293.040000,2714910
JPM,2025-04-14,288.660000,291.310000,288.310000,290.960000,290.960000,4227602
JPM,2025-04-15,290.420000,290.870000,286.510000,286.970000,286.970000,2365153
JPM,2025-04-16,287.130000,288.730000,284.380000,285.980000,285.980000,6124208
JPM,2025-04-17,286.060000,288.240000,278.230000,280.410000,280.410000,5188431
JPM,2025-04-18,279.740000,281.640000,274.910000,276.810000,276.810000,1789061
JPM,2025-04-21,275.490000,279.250000,275.380000,279.130000,279.130000,5517271
JPM,2025-04-22,278.410000,278.940000,273.390000,273.910000,273.910000,2317514
JPM,2025-04-23,273.710000,281.730000,273.240000,281.260000,281.260000,6354094
JPM,2025-04-24,282.540000,282.840000,281.800000,282.100000,282.100000,5815723
JPM,2025-04-25,283.010000,283.320000,282.690000,283,283,6308089
JPM,2025-04-28,282.010000,285,280.930000,283.920000,283.920000,4781935
JPM,2025-04-29,283.480000,284.360000,281.570000,282.450000,282.450000,6100216
JPM,2025-04-30,283.570000,286.770000,281.270000,284.470000,284.470000,4860492
JPM,2025-05-01,283.210000,283.780000,282.410000,282.980000,282.980000,4963671
JPM,2025-05-02,283.520000,288.080000,275.600000,280.160000,280.160000,3794507
JPM,2025-05-05,279.520000,282.730000,274.170000,277.370000,277.370000,3411573
JPM,2025-05-06,276.420000,279.740000,275.630000,278.950000,278.950000,4156394
JPM,2025-05-07,278.340000,284.660000,276.560000,282.880000,282.880000,4084864
JPM,2025-05-08,281.590000,284.140000,276.860000,279.410000,279.410000,2078731
JPM,2025-05-09,276.780000,278.910000,275.400000,277.540000,277.540000,4182363
JPM,2025-05-12,277.890000,280.830000,275.590000,278.520000,278.520000,3976805
JPM,2025-05-13,279.610000,280.650000,273.830000,274.870000,274.870000,3268500
JPM,2025-05-14,273.180000,277.010000,271.400000,275.230000,275.230000,5673179
JPM,2025-05-15,276.060000,277.810000,268.670000,270.420000,270.420000,3485494
JPM,2025-05-16,271.250000,276.120000,270.890000,275.750000,275.750000,3998302
JPM,2025-05-19,276.160000,276.990000,274.180000,275.010000,275.010000,4059148
JPM,2025-05-20,275.070000,276.410000,271.610000,272.960000,272.960000,4383545
JPM,2025-05-21,271.420000,274.230000,268.960000,271.770000,271.770000,2344798
JPM,2025-05-22,272.560000,276.330000,271.860000,275.630000,275.630000,3979963
JPM,2025-05-23,275.460000,278.680000,274.020000,277.240000,277.240000,1199808
JPM,2025-05-26,278.740000,279.190000,277.600000,278.050000,278.050000,4635924
JPM,2025-05-27,277.490000,281.920000,276.640000,281.060000,281.060000,1194272
JPM,2025-05-28,279.810000,283.380000,278.830000,282.400000,282.400000,3079682
JPM,2025-05-29,281.370000,288.190000,278.240000,285.060000,285.060000,7464501
JPM,2025-05-30,285.150000,292.790000,283.860000,291.500000,291.500000,6787799
JPM,2025-06-02,292.900000,296.850000,287.100000,291.050000,291.050000,6626124
JPM,2025-06-03,290.100000,300.810000,287.850000,298.560000,298.560000,2599656
JPM,2025-06-04,296.930000,301.670000,295.510000,300.250000,300.250000,4498931
JPM,2025-06-05,299.850000,301.910000,288.520000,290.580000,290.580000,3057538
JPM,2025-06-06,288.570000,288.780000,288.440000,288.640000,288.640000,4381322
JPM,2025-06-09,290.500000,297.180000,289.510000,296.200000,296.200000,7035861
JPM,2025-06-10,297.570000,300.940000,283.630000,287,287,4802665
JPM,2025-06-11,287.170000,290.020000,285.500000,288.350000,288.350000,2489387
JPM,2025-06-12,290.690000,293.260000,277.530000,280.100000,280.100000,5103937
JPM,2025-06-13,280.380000,281.610000,270.420000,271.650000,271.650000,3783261
JPM,2025-06-16,272.270000,272.390000,271.120000,271.240000,271.240000,1941143
JPM,2025-06-17,270.620000,270.630000,264.770000,264.770000,264.770000,6140333
JPM,2025-06-18,265.480000,267.030000,262.040000,263.590000,263.590000,5170707
JPM,2025-06-19,264.720000,267.220000,264.050000,266.550000,266.550000,6132782
JPM,2025-06-20,267.270000,268.670000,267.110000,268.510000,268.510000,3889667
JPM,2025-06-23,270.740000,271.520000,268.310000,269.090000,269.090000,5262186
JPM,2025-06-24,269.530000,270.620000,268.130000,269.220000,269.220000,4886581
JPM,2025-06-25,269.430000,269.740000,265.060000,265.370000,265.370000,4393817
JPM,2025-06-26,266.050000,267.120000,264.100000,265.170000,265.170000,3368854
JPM,2025-06-27,267.260000,271.290000,265.140000,269.170000,269.170000,3230958
JPM,2025-06-30,268.450000,272.510000,267.180000,271.240000,271.240000,5962180
JPM,2025-07-01,271.490000,275.880000,270.590000,274.980000,274.980000,7055259
JPM,2025-07-02,274.300000,275.730000,268.510000,269.940000,269.940000,1220752
JPM,2025-07-03,270.500000,274.020000,268.190000,271.710000,271.710000,3004534
JPM,2025-07-04,272.080000,273.890000,271.160000,272.970000,272.970000,5481042
JPM,2025-07-07,273.720000,277.650000,271.250000,275.180000,275.180000,5401371
JPM,2025-07-08,275.920000,281.490000,274.620000,280.190000,280.190000,4948535
JPM,2025-07-09,279.240000,280.300000,279.170000,280.240000,280.240000,5109264
JPM,2025-07-10,282.090000,283.540000,281.640000,283.090000,283.090000,3131626
JPM,2025-07-11,281.750000,285.260000,280.070000,283.580000,283.580000,3928096
JPM,2025-07-14,283.570000,284.710000,283.100000,284.250000,284.250000,6581099
JPM,2025-07-15,281.800000,288.460000,281.140000,287.800000,287.800000,6717325
JPM,2025-07-16,288.990000,292.820000,287.310000,291.140000,291.140000,5292276
JPM,2025-07-17,290.420000,293.590000,285.730000,288.900000,288.900000,4113857
JPM,2025-07-18,289.990000,291.170000,288.950000,290.130000,290.130000,5974361
JPM,2025-07-21,291.020000,291.950000,291.010000,291.940000,291.940000,4065491
JPM,2025-07-22,291.980000,293.270000,290.970000,292.260000,292.260000,4503641
JPM,2025-07-23,292.930000,301.450000,291.080000,299.600000,299.600000,6038272
JPM,2025-07-24,299.080000,300.510000,296.180000,297.610000,297.610000,5404367
JPM,2025-07-25,297.880000,301.410000,296.440000,299.970000,299.970000,4659758
JPM,2025-07-28,299.040000,306.950000,297.810000,305.720000,305.720000,4211482
JPM,2025-07-29,305.780000,307.250000,301.120000,302.590000,302.590000,5195037
JPM,2025-07-30,302.150000,304.440000,289.530000,291.820000,291.820000,2240645
JPM,2025-07-31,293.100000,293.220000,289.570000,289.690000,289.690000,6487027
JPM,2025-08-01,290.340000,292.780000,285.770000,288.210000,288.210000,5440032
JPM,2025-08-04,287.130000,287.680000,282.590000,283.130000,283.130000,3108913
JPM,2025-08-05,282.260000,289.560000,279.070000,286.360000,286.360000,4475716
JPM,2025-08-06,285.790000,287.120000,280.520000,281.860000,281.860000,4709680
JPM,2025-08-07,284.890000,286.570000,283.640000,285.320000,285.320000,5955840
JPM,2025-08-08,285.410000,288.460000,284.360000,287.410000,287.410000,3104833
JPM,2025-08-11,287.640000,290.630000,286.180000,289.170000,289.170000,6011274
JPM,2025-08-12,288.560000,289.040000,282.930000,283.400000,283.400000,5335810
JPM,2025-08-13,283.120000,285.290000,281.590000,283.760000,283.760000,6202582
JPM,2025-08-14,283.880000,288.900000,282.020000,287.040000,287.040000,6095038
JPM,2025-08-15,286.480000,288.330000,284.970000,286.820000,286.820000,6771189
JPM,2025-08-18,287.620000,289.970000,287.370000,289.720000,289.720000,6046428
JPM,2025-08-19,289.380000,296.340000,284.380000,291.340000,291.340000,5500376
JPM,2025-08-20,293.720000,296.590000,290.450000,293.320000,293.320000,5575386
JPM,2025-08-21,295.480000,296.620000,292.450000,293.590000,293.590000,3543179
JPM,2025-08-22,292.920000,298.150000,290.340000,295.570000,295.570000,5874478
JPM,2025-08-25,295.480000,300.680000,294.700000,299.900000,299.900000,4528394
JPM,2025-08-26,300.280000,300.520000,297.280000,297.520000,297.520000,3214288
JPM,2025-08-27,297,299.880000,295.340000,298.230000,298.230000,5522472
JPM,2025-08-28,297.900000,301.790000,297.540000,301.430000,301.430000,3795888
JPM,2025-08-29,300.120000,306.070000,300.030000,305.980000,305.980000,3964685
JPM,2025-09-01,305.620000,311.990000,302.600000,308.960000,308.960000,6454921
JPM,2025-09-02,307.010000,307.130000,306.020000,306.150000,306.150000,4796527
JPM,2025-09-03,307.490000,309.600000,304,306.110000,306.110000,5727043
JPM,2025-09-04,308.530000,313.450000,307.710000,312.630000,312.630000,5145497
JPM,2025-09-05,312,312.510000,308.070000,308.580000,308.580000,4887897
JPM,2025-09-08,308.800000,310.240000,308.760000,310.200000,310.200000,2819430
JPM,2025-09-09,309.790000,309.950000,309.380000,309.540000,309.540000,4093077
JPM,2025-09-10,307.570000,307.900000,306.620000,306.950000,306.950000,4312131
JPM,2025-09-11,307.430000,307.490000,304.150000,304.210000,304.210000,5838517
JPM,2025-09-12,304.610000,307.810000,294.070000,297.280000,297.280000,6272157
JPM,2025-09-15,298.730000,305.100000,297.590000,303.960000,303.960000,5352391
JPM,2025-09-16,302.760000,305.440000,301.340000,304.020000,304.020000,4503794
JPM,2025-09-17,306.860000,309.390000,300.160000,302.680000,302.680000,2319000
JPM,2025-09-18,302.690000,305.930000,301.520000,304.760000,304.760000,4334521
JPM,2025-09-19,305.890000,307.360000,305.690000,307.160000,307.160000,5451558
JPM,2025-09-22,308,308.450000,299.750000,300.200000,300.200000,3615858
JPM,2025-09-23,300.630000,303.500000,299.130000,301.990000,301.990000,4280180
JPM,2025-09-24,303.120000,304.110000,299.070000,300.060000,300.060000,3919939
JPM,2025-09-25,298.870000,303.250000,296.590000,300.960000,300.960000,3880422
JPM,2025-09-26,300.840000,301.520000,300.320000,301,301,4584188
JPM,2025-09-29,302.720000,304.860000,300.640000,302.790000,302.790000,5076739
JPM,2025-09-30,302.840000,305.940000,295.100000,298.200000,298.200000,4112470
JPM,2025-10-01,300.700000,302.960000,295.360000,297.620000,297.620000,5919309
JPM,2025-10-02,297.810000,305.620000,296.260000,304.070000,304.070000,6512147
JPM,2025-10-03,303.190000,303.740000,299.230000,299.780000,299.780000,4489964
JPM,2025-10-06,300.010000,300.550000,293.430000,293.970000,293.970000,2940156
JPM,2025-10-07,295.810000,298.660000,293.200000,296.050000,296.050000,3208225
JPM,2025-10-08,297.880000,304.820000,294.110000,301.040000,301.040000,4906306
JPM,2025-10-09,302.430000,303.770000,299.100000,300.440000,300.440000,3733888
JPM,2025-10-10,300.030000,300.720000,298.050000,298.750000,298.750000,3699684
JPM,2025-10-13,299.970000,301.180000,297.950000,299.150000,299.150000,5674673
JPM,2025-10-14,297.850000,303.170000,295.250000,300.570000,300.570000,5191687
JPM,2025-10-15,301.630000,302.100000,297.430000,297.910000,297.910000,3852107
JPM,2025-10-16,297.220000,300.980000,296.240000,300,300,6537989
JPM,2025-10-17,301.060000,306.490000,300.540000,305.970000,305.970000,4455779
JPM,2025-10-20,307.050000,307.170000,302.720000,302.840000,302.840000,6295957
JPM,2025-10-21,304.560000,307.200000,301.310000,303.960000,303.960000,1816443
JPM,2025-10-22,302.980000,310.990000,301.760000,309.780000,309.780000,3760604
JPM,2025-10-23,311.630000,313.870000,310.290000,312.530000,312.530000,1978841
JPM,2025-10-24,313.870000,315.160000,308.960000,310.250000,310.250000,2094759
JPM,2025-10-27,308.130000,312.730000,307.730000,312.330000,312.330000,5371452
JPM,2025-10-28,312.310000,312.430000,311.240000,311.350000,311.350000,4033320
JPM,2025-10-29,312.160000,313.970000,307.730000,309.530000,309.530000,4528548
JPM,2025-10-30,310.500000,313.180000,306.140000,308.830000,308.830000,5573927
JPM,2025-10-31,308.740000,311.200000,303.500000,305.960000,305.960000,3671109
JPM,2025-11-03,304.970000,305.400000,298.150000,298.580000,298.580000,3126290
JPM,2025-11-04,298.960000,299.950000,292.850000,293.850000,293.850000,4475424
JPM,2025-11-05,294.380000,296.080000,289.440000,291.140000,291.140000,4823498
JPM,2025-11-06,289.320000,293.720000,288.590000,292.990000,292.990000,5175065
JPM,2025-11-07,292.550000,300.720000,290.900000,299.070000,299.070000,3502068
JPM,2025-11-10,298.140000,307.760000,294.110000,303.720000,303.720000,4967040
JPM,2025-11-11,302.310000,306.490000,290.520000,294.700000,294.700000,6523599
JPM,2025-11-12,294.890000,295,292.230000,292.340000,292.340000,2132688
JPM,2025-11-13,292.110000,293.790000,288.650000,290.330000,290.330000,6305737
JPM,2025-11-14,290.180000,294.760000,284.100000,288.680000,288.680000,3727684
JPM,2025-11-17,289.430000,290.810000,286.850000,288.230000,288.230000,5919242
JPM,2025-11-18,289.400000,290.950000,284.350000,285.900000,285.900000,4025340
JPM,2025-11-19,285.380000,286.160000,279.910000,280.690000,280.690000,1630596
JPM,2025-11-20,281.240000,283.590000,275.770000,278.130000,278.130000,5221766
JPM,2025-11-21,278.810000,278.880000,275.860000,275.930000,275.930000,3664744
JPM,2025-11-24,274.890000,275.780000,274.460000,275.350000,275.350000,3348117
JPM,2025-11-25,275.990000,278.160000,272.380000,274.550000,274.550000,4242944
JPM,2025-11-26,274.830000,275.960000,270.060000,271.190000,271.190000,10589004
JPM,2025-11-27,272.840000,275.580000,268.370000,271.110000,271.110000,4877681
JPM,2025-11-28,271.160000,273.780000,266.090000,268.710000,268.710000,2937482
JPM,2025-12-01,267.820000,277.130000,265.650000,274.960000,274.960000,4463845
JPM,2025-12-02,274,275.240000,266.280000,267.520000,267.520000,5294116
JPM,2025-12-03,268.950000,274.240000,268.080000,273.370000,273.370000,3993833
JPM,2025-12-04,273.550000,274.700000,267.290000,268.440000,268.440000,6848849
JPM,2025-12-05,268.390000,272.350000,267.540000,271.500000,271.500000,5700151
JPM,2025-12-08,272.370000,273.810000,272.270000,273.710000,273.710000,5104091
JPM,2025-12-09,273.530000,274.730000,272.620000,273.810000,273.810000,5940211
JPM,2025-12-10,274.700000,275.740000,265.710000,266.750000,266.750000,4425580
JPM,2025-12-11,265.550000,266.610000,263.450000,264.510000,264.510000,4236156
JPM,2025-12-12,265.350000,266.340000,263.860000,264.840000,264.840000,6521216
JPM,2025-12-15,264.800000,270.470000,264.780000,270.450000,270.450000,1529550
JPM,2025-12-16,269.270000,275.370000,268.520000,274.630000,274.630000,5140997
JPM,2025-12-17,273.190000,278.670000,273.120000,278.610000,278.610000,2270180
JPM,2025-12-18,279.290000,280.700000,272.730000,274.140000,274.140000,3212513
JPM,2025-12-19,274.300000,278.610000,272.200000,276.520000,276.520000,5725683
JPM,2025-12-22,275.880000,279.480000,275.790000,279.390000,279.390000,6493728
JPM,2025-12-23,279.030000,280.630000,276.740000,278.340000,278.340000,3095539
JPM,2025-12-24,278.130000,279.780000,277.680000,279.340000,279.340000,5419955
JPM,2025-12-25,278.850000,280.430000,275.350000,276.930000,276.930000,5165690
JPM,2025-12-26,276.840000,277.490000,268.400000,269.050000,269.050000,5123535
JPM,2025-12-29,269.750000,274.730000,268.410000,273.390000,273.390000,4280925
JPM,2025-12-30,273.270000,276.140000,272.740000,275.610000,275.610000,2203243
JPM,2025-12-31,276.410000,277.330000,268.550000,269.470000,269.470000,4835801
JPM,2026-01-02,268.960000,269.780000,268.310000,269.130000,269.130000,4174212
JPM,2026-01-05,269.410000,277.030000,268.320000,275.940000,275.940000,4687506
JPM,2026-01-06,277.220000,277.490000,272.390000,272.660000,272.660000,3826225
JPM,2026-01-07,271.510000,271.820000,268.640000,268.940000,268.940000,5563906
JPM,2026-01-08,269.820000,270.780000,253.150000,254.110000,254.110000,4548707
JPM,2026-01-09,253.470000,257.340000,252.340000,256.210000,256.210000,5476183
JPM,2026-01-12,256.800000,257.830000,256.310000,257.340000,257.340000,4606645
JPM,2026-01-13,257.950000,260.450000,253.520000,256.020000,256.020000,4639831
JPM,2026-01-14,256.390000,256.470000,253.120000,253.210000,253.210000,4588895
JPM,2026-01-15,253.960000,257.920000,248.960000,252.920000,252.920000,5446874
JPM,2026-01-16,252.520000,252.910000,251.490000,251.890000,251.890000,2132952
JPM,2026-01-20,252.960000,253.220000,249.270000,249.540000,249.540000,4237512
JPM,2026-01-21,249.600000,249.970000,246.390000,246.760000,246.760000,3176918
JPM,2026-01-22,247.180000,251.330000,246.970000,251.110000,251.110000,3104188
JPM,2026-01-23,250.510000,252.580000,246.790000,248.860000,248.860000,5114837
JPM,2026-01-26,248.100000,248.930000,245.230000,246.060000,246.060000,4171351
JPM,2026-01-27,247.270000,248.030000,247.190000,247.950000,247.950000,4909622
JPM,2026-01-28,247.570000,248.410000,240.630000,241.470000,241.470000,4171306
JPM,2026-01-29,241.620000,246.380000,240.540000,245.300000,245.300000,3336687
JPM,2026-01-30,246.750000,248.050000,242.070000,243.360000,243.360000,5634885
JPM,2026-02-02,244.670000,249.910000,243.440000,248.680000,248.680000,3498601
JPM,2026-02-03,249.020000,249.390000,246.470000,246.840000,246.840000,5195861
JPM,2026-02-04,247.090000,247.620000,245.550000,246.090000,246.090000,1671381
JPM,2026-02-05,246.190000,249.580000,245.840000,249.230000,249.230000,4110041
JPM,2026-02-06,250.620000,251.600000,249.210000,250.190000,250.190000,3472550
JPM,2026-02-09,250.970000,254.180000,242.920000,246.130000,246.130000,4395001
JPM,2026-02-10,247.350000,250.570000,241.040000,244.260000,244.260000,3633120
JPM,2026-02-11,243.920000,245.580000,239.810000,241.470000,241.470000,4070393
JPM,2026-02-12,243.610000,245.070000,242.840000,244.300000,244.300000,4830294
JPM,2026-02-13,244.050000,247.550000,242.670000,246.170000,246.170000,2447996
JPM,2026-02-17,247.070000,248.690000,245.560000,247.180000,247.180000,5091288
JPM,2026-02-18,247.410000,247.620000,244.960000,245.170000,245.170000,3061538
JPM,2026-02-19,245.800000,246.410000,242.600000,243.210000,243.210000,5759914
JPM,2026-02-20,242.780000,255.090000,240.610000,252.930000,252.930000,3422277
JPM,2026-02-23,251.180000,251.600000,250.870000,251.300000,251.300000,3359724
JPM,2026-02-24,250.670000,253.340000,250.600000,253.270000,253.270000,3392436
JPM,2026-02-25,252.310000,255.010000,252.130000,254.830000,254.830000,5698557
JPM,2026-02-26,254.800000,260.480000,253.890000,259.570000,259.570000,681334
JPM,2026-02-27,259.510000,260.140000,255.700000,256.320000,256.320000,2782268
JPM,2026-03-02,256.950000,257.540000,252.840000,253.420000,253.420000,3919261
JPM,2026-03-03,255.330000,255.760000,249.300000,249.730000,249.730000,5415620
JPM,2026-03-04,250.250000,251.090000,249.420000,250.250000,250.250000,1604746
JPM,2026-03-05,251.430000,251.780000,247.930000,248.280000,248.280000,4343165
JPM,2026-03-06,247.810000,248.560000,243.310000,244.050000,244.050000,5338205
JPM,2026-03-09,243.540000,248.420000,242.770000,247.640000,247.640000,3785877
JPM,2026-03-10,247.410000,252.970000,246.070000,251.630000,251.630000,3747161
JPM,2026-03-11,251.030000,251.440000,246.220000,246.630000,246.630000,3138879
JPM,2026-03-12,247.630000,251.040000,245.840000,249.260000,249.260000,6381222
JPM,2026-03-13,248.630000,249.080000,243.470000,243.920000,243.920000,6370846
JPM,2026-03-16,244.730000,248.420000,243.510000,247.200000,247.200000,5756025
JPM,2026-03-17,246.070000,248.310000,240.480000,242.720000,242.720000,3568127
JPM,2026-03-18,241.430000,247.100000,240.220000,245.880000,245.880000,5241205
JPM,2026-03-19,246.860000,248.250000,243.180000,244.570000,244.570000,6137057
JPM,2026-03-20,245.420000,246.020000,242.240000,242.840000,242.840000,3313336
JPM,2026-03-23,243.210000,245.600000,242.150000,244.540000,244.540000,4634880
JPM,2026-03-24,244.350000,247.010000,241.240000,243.900000,243.900000,5944324
JPM,2026-03-25,244.670000,247.040000,244.530000,246.900000,246.900000,4866965
JPM,2026-03-26,246.550000,246.710000,245.220000,245.370000,245.370000,5355894
JPM,2026-03-27,245.660000,245.800000,245.130000,245.270000,245.270000,4953705
JPM,2026-03-30,246.260000,247.940000,244.130000,245.820000,245.820000,2607262
JPM,2026-03-31,245.090000,245.260000,243.200000,243.370000,243.370000,4952708
JPM,2026-04-01,242.160000,243.470000,240.800000,242.110000,242.110000,6555453
JPM,2026-04-02,242.590000,242.610000,238.580000,238.600000,238.600000,4252669
JPM,2026-04-06,239.520000,240.060000,233.030000,233.570000,233.570000,5382909
JPM,2026-04-07,232.500000,234.280000,230.150000,231.940000,231.940000,5167580
JPM,2026-04-08,231.490000,232.540000,230.070000,231.120000,231.120000,4118279
JPM,2026-04-09,230.710000,232.290000,224.350000,225.930000,225.930000,5233498
JPM,2026-04-10,226.580000,226.860000,223.250000,223.540000,223.540000,2760752
JPM,2026-04-13,223.360000,223.740000,219.830000,220.200000,220.200000,4628324
JPM,2026-04-14,219.890000,222.330000,218.290000,220.730000,220.730000,5816070
JPM,2026-04-15,222.160000,223.920000,212.200000,213.960000,213.960000,3773276
JPM,2026-04-16,212.820000,219.720000,209.530000,216.430000,216.430000,4219590
JPM,2026-04-17,215.090000,216.510000,213.350000,214.770000,214.770000,3082683
JPM,2026-04-20,214.490000,218.570000,214.320000,218.400000,218.400000,5372895
JPM,2026-04-21,217.680000,218.120000,217.400000,217.850000,217.850000,4087498
JPM,2026-04-22,217.600000,220.870000,216.940000,220.210000,220.210000,2934887
JPM,2026-04-23,220.230000,223.730000,214.780000,218.280000,218.280000,4114301
JPM,2026-04-24,218.660000,218.830000,215.750000,215.920000,215.920000,5354949
JPM,2026-04-27,216.290000,218.400000,215.390000,217.500000,217.500000,5017552
JPM,2026-04-28,217.960000,218.200000,217.280000,217.510000,217.510000,1165111
JPM,2026-04-29,218.060000,222.180000,217.120000,221.240000,221.240000,7340228
JPM,2026-04-30,220.610000,221.940000,220.190000,221.520000,221.520000,3910123
JPM,2026-05-01,221.430000,221.610000,221.310000,221.490000,221.490000,4481855
JPM,2026-05-04,222.150000,223,219.600000,220.450000,220.450000,3593935
JPM,2026-05-05,221.320000,222.600000,213.160000,214.440000,214.440000,7252705
JPM,2026-05-06,214.500000,217.020000,213.180000,215.700000,215.700000,4347539
JPM,2026-05-07,215.050000,221.230000,212.550000,218.720000,218.720000,3775039
JPM,2026-05-08,218.530000,220.180000,214.910000,216.560000,216.560000,4241643
JPM,2026-05-11,216.480000,219.490000,216.200000,219.200000,219.200000,4691664
JPM,2026-05-12,218.360000,219.450000,211.250000,212.340000,212.340000,7807534
JPM,2026-05-13,211.820000,212.420000,210.020000,210.620000,210.620000,6170161
JPM,2026-05-14,210.260000,211.270000,208.040000,209.040000,209.040000,4639897
JPM,2026-05-15,209.940000,210.190000,208.180000,208.430000,208.430000,5468963
JPM,2026-05-18,208.660000,209.680000,205.060000,206.080000,206.080000,5948725
JPM,2026-05-19,205.410000,209.920000,204.740000,209.240000,209.240000,3814876
JPM,2026-05-20,209,214.190000,208.810000,214,214,4554895
JPM,2026-05-21,214.170000,216.650000,213.630000,216.120000,216.120000,6271940
JPM,2026-05-22,216.060000,218.760000,209.270000,211.970000,211.970000,5201927
JPM,2026-05-26,213.220000,215.230000,211.390000,213.400000,213.400000,2855475
JPM,2026-05-27,212.440000,217.990000,212.260000,217.800000,217.800000,5475226
JPM,2026-05-28,217.410000,217.960000,213.910000,214.450000,214.450000,2414601
JPM,2026-05-29,213.960000,218.170000,212.720000,216.930000,216.930000,4731541
JPM,2026-06-01,217.350000,224.160000,216.030000,222.840000,222.840000,3140035
JPM,2026-06-02,221.790000,222.590000,219.260000,220.070000,220.070000,4611513
JPM,2026-06-03,221.610000,222.780000,219.720000,220.900000,220.900000,4183963
JPM,2026-06-04,220.400000,226.550000,218.400000,224.550000,224.550000,5645079
JPM,2026-06-05,223.730000,225.220000,219.990000,221.480000,221.480000,6441755
JPM,2026-06-08,222.330000,225.740000,220.460000,223.870000,223.870000,3714615
JPM,2026-06-09,223.760000,226.750000,221.310000,224.310000,224.310000,4169369
JPM,2026-06-10,222.200000,225.320000,221.340000,224.460000,224.460000,3990867
JPM,2026-06-11,224.430000,227.940000,221.810000,225.330000,225.330000,5443480
JPM,2026-06-12,226,230.620000,224.440000,229.070000,229.070000,2854729
JPM,2026-06-15,228.130000,233.740000,227.210000,232.810000,232.810000,5780326
JPM,2026-06-16,232.590000,233.650000,232.220000,233.280000,233.280000,5096002
JPM,2026-06-17,234.460000,234.790000,230.550000,230.880000,230.880000,3851342
JPM,2026-06-18,231.620000,233.850000,230.510000,232.740000,232.740000,5184411
JPM,2026-06-22,233.310000,235.280000,228.600000,230.570000,230.570000,3116620
JPM,2026-06-23,229.050000,232.240000,228.070000,231.260000,231.260000,4063147
JPM,2026-06-24,229.070000,230.090000,226.330000,227.350000,227.350000,3335466
JPM,2026-06-25,227.830000,230.170000,226.500000,228.840000,228.840000,3221362
JPM,2026-06-26,229.140000,230.380000,228.010000,229.250000,229.250000,6101260
JPM,2026-06-29,230.550000,230.880000,229.040000,229.380000,229.380000,4178627
JPM,2026-06-30,229.840000,230.390000,228.510000,229.070000,229.070000,6244451
JPM,2026-07-01,229.430000,230.950000,227.410000,228.930000,228.930000,5084315
JPM,2026-07-02,227.680000,228.820000,226.240000,227.370000,227.370000,5846114
JPM,2026-07-06,226.940000,229.470000,225.490000,228.020000,228.020000,3501811
JPM,2026-07-07,226.940000,228.080000,226.050000,227.200000,227.200000,3914446
JPM,2026-07-08,225.930000,228.800000,225.630000,228.500000,228.500000,1415808
JPM,2026-07-09,228.590000,230.590000,221.640000,223.640000,223.640000,6130515
JPM,2026-07-10,223.940000,224.560000,222.850000,223.470000,223.470000,3397285
JPM,2026-07-13,223.350000,226.440000,217.450000,220.540000,220.540000,2507378
JPM,2026-07-14,221.400000,223.580000,221.020000,223.200000,223.200000,4541409
JPM,2026-07-15,224.570000,225.550000,220.980000,221.970000,221.970000,4450294
JPM,2026-07-16,222.670000,223.940000,218.400000,219.670000,219.670000,4971238
JPM,2026-07-17,219.210000,221.710000,214.450000,216.950000,216.950000,6084741
JPM,2026-07-20,217.080000,219.680000,216.930000,219.530000,219.530000,3794952
JPM,2026-07-21,219.300000,224.800000,217.290000,222.790000,222.790000,5678412
JPM,2026-07-22,222.600000,222.860000,221.840000,222.100000,222.100000,4899450
JPM,2026-07-23,223.460000,225.430000,220.260000,222.230000,222.230000,4845401
JPM,2026-07-24,223.780000,224.860000,222.150000,223.230000,223.230000,4761284
JPM,2026-07-27,223.630000,224.460000,220.400000,221.230000,221.230000,4982154
JPM,2026-07-28,220.150000,222.450000,218.580000,220.880000,220.880000,5236619
JPM,2026-07-29,221.460000,222.500000,221.020000,222.060000,222.060000,4753181
JPM,2026-07-30,223.210000,224.110000,221.950000,222.840000,222.840000,4811586
JPM,2026-07-31,223.550000,225.130000,222.700000,224.280000,224.280000,6787221
JPM,2026-08-03,224.170000,226.120000,218.850000,220.800000,220.800000,1914901
JPM,2026-08-04,221.560000,224.460000,219.330000,222.230000,222.230000,5524099
JPM,2026-08-05,221.420000,229.300000,221.120000,229,229,4794651
JPM,2026-08-06,228.510000,236.390000,227.370000,235.260000,235.260000,2677834
JPM,2026-08-07,235.520000,235.660000,231.970000,232.110000,232.110000,3729342
JPM,2026-08-10,233.720000,234.920000,231.140000,232.340000,232.340000,6228617
JPM,2026-08-11,232.630000,237.320000,231.780000,236.470000,236.470000,4222172
JPM,2026-08-12,236.450000,237.240000,235.440000,236.230000,236.230000,5745260
JPM,2026-08-13,237.380000,237.610000,234.810000,235.040000,235.040000,3082172
JPM,2026-08-14,232.450000,233.650000,228.390000,229.590000,229.590000,3203032
JPM,2026-08-17,229.150000,230.290000,228.850000,229.990000,229.990000,4811046
JPM,2026-08-18,230.600000,232.390000,230.440000,232.240000,232.240000,4760086
JPM,2026-08-19,233.950000,235.180000,231.830000,233.060000,233.060000,6212014
JPM,2026-08-20,235.160000,242.420000,233,240.260000,240.260000,6180083
JPM,2026-08-21,240.270000,244.180000,239.570000,243.480000,243.480000,7058522
JPM,2026-08-24,243.960000,250.080000,242.840000,248.970000,248.970000,6009849
V,2024-10-28,317.470000,321.280000,316.400000,320.210000,320.210000,2489835
V,2024-10-29,320.680000,325.920000,315.240000,320.470000,320.470000,1346918
V,2024-10-30,319.630000,326.310000,317.500000,324.190000,324.190000,2325622
V,2024-10-31,324.940000,326.500000,320.220000,321.780000,321.780000,3099856
V,2024-11-01,321.740000,323.300000,320.600000,322.160000,322.160000,4430596
V,2024-11-04,323.330000,326.520000,322.510000,325.700000,325.700000,2860046
V,2024-11-05,325.220000,336.860000,323.950000,335.590000,335.590000,3280519
V,2024-11-06,334.180000,335.170000,333.390000,334.380000,334.380000,2796169
V,2024-11-07,336.040000,341.580000,335.690000,341.240000,341.240000,2858074
V,2024-11-08,340.180000,345.930000,338.560000,344.310000,344.310000,4045637
V,2024-11-11,345.160000,347.460000,341.630000,343.930000,343.930000,3872125
V,2024-11-12,343.110000,353.150000,337.590000,347.620000,347.620000,2278106
V,2024-11-13,347.840000,348.550000,345.890000,346.600000,346.600000,1592458
V,2024-11-14,345.440000,348.060000,344.640000,347.260000,347.260000,3811240
V,2024-11-15,348.400000,350.500000,348.020000,350.120000,350.120000,3822051
V,2024-11-18,349.780000,352.690000,349.760000,352.680000,352.680000,3005421
V,2024-11-19,353.710000,357.260000,349.210000,352.760000,352.760000,4843478
V,2024-11-20,354.170000,355.160000,352.110000,353.100000,353.100000,1686916
V,2024-11-21,354.450000,357.130000,353.240000,355.920000,355.920000,1399241
V,2024-11-22,353.880000,354.160000,352.910000,353.190000,353.190000,2845385
V,2024-11-25,351.680000,361.100000,348.260000,357.680000,357.680000,4178496
V,2024-11-26,361.860000,363.790000,361.780000,363.720000,363.720000,3670882
V,2024-11-27,365.510000,367.420000,359.560000,361.470000,361.470000,2478825
V,2024-11-28,361.950000,363.420000,360.860000,362.340000,362.340000,3410379
V,2024-11-29,362.410000,365.180000,360.960000,363.730000,363.730000,2723477
V,2024-12-02,362.910000,366,361.670000,364.750000,364.750000,1581932
V,2024-12-03,365.620000,367.830000,362.640000,364.850000,364.850000,3065373
V,2024-12-04,366.270000,372.840000,365.260000,371.830000,371.830000,3364980
V,2024-12-05,368.520000,368.560000,365.700000,365.740000,365.740000,4978859
V,2024-12-06,365.410000,367.200000,362.350000,364.140000,364.140000,3283941
V,2024-12-09,365.220000,366.770000,355.730000,357.280000,357.280000,4055544
V,2024-12-10,356.920000,359.780000,354.270000,357.130000,357.130000,3455133
V,2024-12-11,356.790000,359.560000,355.710000,358.470000,358.470000,2303139
V,2024-12-12,359.650000,362.620000,357.640000,360.610000,360.610000,5730726
V,2024-12-13,360.420000,364.080000,359.960000,363.620000,363.620000,3482742
V,2024-12-16,363.910000,369.240000,363.190000,368.520000,368.520000,4004420
V,2024-12-17,369.660000,372.820000,367.800000,370.970000,370.970000,2469578
V,2024-12-18,372.320000,376.680000,371.260000,375.620000,375.620000,3831941
V,2024-12-19,375.780000,376.370000,372.830000,373.420000,373.420000,3542543
V,2024-12-20,374.400000,376.590000,366.180000,368.370000,368.370000,4766104
V,2024-12-23,367.640000,372.270000,367.300000,371.930000,371.930000,2859082
V,2024-12-24,371.660000,371.850000,370.470000,370.660000,370.660000,1728989
V,2024-12-25,370.090000,371.470000,369.130000,370.510000,370.510000,2979100
V,2024-12-26,371.730000,373.570000,367.960000,369.800000,369.800000,2663742
V,2024-12-27,369.730000,374.280000,369.240000,373.790000,373.790000,4242315
V,2024-12-30,374.650000,375.490000,370.950000,371.790000,371.790000,3718647
V,2024-12-31,370.270000,377.040000,369.850000,376.620000,376.620000,2810987
V,2025-01-01,376.330000,376.880000,372.100000,372.650000,372.650000,3909423
V,2025-01-02,372.910000,374.690000,368.040000,369.830000,369.830000,1995234
V,2025-01-03,370.280000,376.490000,369.480000,375.700000,375.700000,4166183
V,2025-01-06,374.950000,374.950000,374.280000,374.280000,374.280000,1713839
V,2025-01-07,373.620000,378.600000,370.830000,375.810000,375.810000,4465012
V,2025-01-08,375.140000,378.440000,373.540000,376.840000,376.840000,3439278
V,2025-01-09,378.430000,379.320000,373.190000,374.080000,374.080000,2184143
V,2025-01-10,377.860000,379.270000,366.310000,367.720000,367.720000,2748331
V,2025-01-13,367.740000,369.160000,365.640000,367.060000,367.060000,3075242
V,2025-01-14,367.750000,376.530000,365.780000,374.560000,374.560000,1823804
V,2025-01-15,371.840000,377.930000,370.710000,376.800000,376.800000,3450227
V,2025-01-16,377.960000,379.900000,377.750000,379.680000,379.680000,3078855
V,2025-01-17,378.490000,379.110000,369.780000,370.400000,370.400000,4369979
V,2025-01-20,371.370000,379.800000,369.390000,377.820000,377.820000,1591964
V,2025-01-21,379.790000,383.620000,367.330000,371.160000,371.160000,3119345
V,2025-01-22,371.150000,372.710000,370.560000,372.120000,372.120000,2726115
V,2025-01-23,370.920000,376.070000,369.470000,374.610000,374.610000,1355960
V,2025-01-24,376.370000,376.420000,371.420000,371.480000,371.480000,3320652
V,2025-01-27,369.890000,379.740000,368.800000,378.650000,378.650000,4314866
V,2025-01-28,379.380000,381.170000,378.780000,380.570000,380.570000,2617900
V,2025-01-29,379.850000,385.230000,378.780000,384.160000,384.160000,1923636
V,2025-01-30,383.750000,387.330000,372.930000,376.510000,376.510000,3588621
V,2025-01-31,375.540000,377.500000,374.940000,376.900000,376.900000,3437121
V,2025-02-03,375.770000,376.490000,374.640000,375.350000,375.350000,1943834
V,2025-02-04,376.140000,378.130000,371.550000,373.540000,373.540000,2931420
V,2025-02-05,373.120000,375.870000,366.420000,369.170000,369.170000,3469051
V,2025-02-06,367.690000,367.840000,363.960000,364.110000,364.110000,4002804
V,2025-02-07,363.970000,368.960000,362.350000,367.340000,367.340000,3699451
V,2025-02-10,365.990000,366.410000,363.140000,363.570000,363.570000,3773224
V,2025-02-11,365.780000,366.380000,359.580000,360.180000,360.180000,3676199
V,2025-02-12,359.830000,362.200000,357.950000,360.320000,360.320000,2089669
V,2025-02-13,359.850000,360.880000,352.230000,353.270000,353.270000,2602535
V,2025-02-14,353.640000,354.110000,351.350000,351.820000,351.820000,1578219
V,2025-02-17,351.120000,351.640000,349.730000,350.250000,350.250000,2472699
V,2025-02-18,351,352.320000,345.860000,347.180000,347.180000,2459628
V,2025-02-19,345.450000,359.700000,343.290000,357.540000,357.540000,4645189
V,2025-02-20,356.290000,357.990000,355.500000,357.200000,357.200000,3421650
V,2025-02-21,357.380000,357.990000,355.680000,356.280000,356.280000,4200851
V,2025-02-24,356.500000,359.840000,350,353.350000,353.350000,3585267
V,2025-02-25,353.870000,354.700000,353.360000,354.190000,354.190000,2037480
V,2025-02-26,352.280000,356.980000,351.600000,356.300000,356.300000,1396025
V,2025-02-27,356.530000,360.810000,353.560000,357.840000,357.840000,2686907
V,2025-02-28,358.170000,367.300000,357.560000,366.690000,366.690000,3664738
V,2025-03-03,367.640000,367.790000,365.780000,365.920000,365.920000,2405214
V,2025-03-04,366.810000,368.960000,362.400000,364.540000,364.540000,3682104
V,2025-03-05,366.410000,367.510000,360.270000,361.370000,361.370000,3611841
V,2025-03-06,360.010000,361.090000,347.320000,348.400000,348.400000,3857645
V,2025-03-07,348.730000,350.070000,347.770000,349.110000,349.110000,2987594
V,2025-03-10,348.430000,349.980000,344.210000,345.770000,345.770000,2873289
V,2025-03-11,347.390000,349.790000,339.300000,341.700000,341.700000,3499734
V,2025-03-12,341.470000,342.880000,339.920000,341.330000,341.330000,2193035
V,2025-03-13,343.140000,344.810000,339.530000,341.200000,341.200000,3117877
V,2025-03-14,342.620000,342.650000,341.040000,341.070000,341.070000,4592002
V,2025-03-17,342,342.030000,338.920000,338.950000,338.950000,3478284
V,2025-03-18,341.110000,345.030000,341.090000,345.010000,345.010000,2989737
V,2025-03-19,345.610000,347.930000,338,340.330000,340.330000,2698901
V,2025-03-20,340.630000,342.750000,334.780000,336.900000,336.900000,1440646
V,2025-03-21,338.330000,339.150000,333.400000,334.210000,334.210000,3005762
V,2025-03-24,334.150000,340.670000,332.890000,339.420000,339.420000,2710144
V,2025-03-25,341.560000,342.910000,334.820000,336.170000,336.170000,1771986
V,2025-03-26,335.980000,336.240000,334.300000,334.560000,334.560000,3082828
V,2025-03-27,335.470000,344.940000,333.280000,342.750000,342.750000,1987862
V,2025-03-28,343.560000,347.370000,338.960000,342.770000,342.770000,2505905
V,2025-03-31,343.080000,347.320000,342.840000,347.080000,347.080000,3800909
V,2025-04-01,346.450000,353.010000,345.900000,352.460000,352.460000,3340539
V,2025-04-02,353.540000,360.280000,352.670000,359.410000,359.410000,2395541
V,2025-04-03,357.310000,360.150000,356.640000,359.480000,359.480000,3485632
V,2025-04-04,356.980000,362.050000,355.570000,360.640000,360.640000,4119604
V,2025-04-07,360.670000,365.800000,359.770000,364.910000,364.910000,2411041
V,2025-04-08,364.120000,366.630000,363.250000,365.760000,365.760000,4097547
V,2025-04-09,365.190000,369.430000,363.030000,367.280000,367.280000,1232353
V,2025-04-10,366.630000,370.330000,362.270000,365.970000,365.970000,4193813
V,2025-04-11,367.010000,368.050000,364.520000,365.560000,365.560000,2172959
V,2025-04-14,367.200000,370.050000,365.360000,368.210000,368.210000,3407333
V,2025-04-15,368.010000,368.910000,358.630000,359.530000,359.530000,2980586
V,2025-04-16,358.730000,360.730000,356.730000,358.730000,358.730000,2913803
V,2025-04-17,358.340000,360.530000,353.270000,355.450000,355.450000,3490795
V,2025-04-18,355.010000,356.260000,354.260000,355.510000,355.510000,4179145
V,2025-04-21,356.030000,361.350000,353.630000,358.960000,358.960000,3103155
V,2025-04-22,358.920000,359.430000,356.830000,357.340000,357.340000,2711005
V,2025-04-23,357.620000,366.610000,357.280000,366.270000,366.270000,3880814
V,2025-04-24,365.270000,371.690000,365,371.420000,371.420000,3552300
V,2025-04-25,370.070000,371.830000,365.590000,367.350000,367.350000,3520430
V,2025-04-28,366.410000,378.180000,365.230000,376.990000,376.990000,4053676
V,2025-04-29,376.350000,378.750000,373.100000,375.500000,375.500000,5135709
V,2025-04-30,373.950000,377.470000,373.130000,376.650000,376.650000,2876056
V,2025-05-01,376.900000,377.020000,370.870000,370.990000,370.990000,2981846
V,2025-05-02,370.610000,371.710000,369.330000,370.430000,370.430000,3477614
V,2025-05-05,370.540000,371.130000,367.550000,368.150000,368.150000,2747006
V,2025-05-06,369.430000,371.040000,369.380000,371,371,2822706
V,2025-05-07,371.080000,377.040000,366.940000,372.900000,372.900000,2157214
V,2025-05-08,372.570000,374.540000,370.020000,371.990000,371.990000,4049014
V,2025-05-09,370.250000,379.460000,366.290000,375.500000,375.500000,3427482
V,2025-05-12,376.380000,376.410000,373.620000,373.640000,373.640000,3199279
V,2025-05-13,372.270000,372.680000,367.140000,367.550000,367.550000,3527363
V,2025-05-14,366.630000,371.490000,365.870000,370.720000,370.720000,4150119
V,2025-05-15,370.820000,372.710000,362.960000,364.850000,364.850000,1805753
V,2025-05-16,365.830000,369.490000,365.660000,369.320000,369.320000,3833929
V,2025-05-19,370.500000,379.300000,369.910000,378.710000,378.710000,3750545
V,2025-05-20,381.080000,383.820000,380.750000,383.490000,383.490000,4386080
V,2025-05-21,383.680000,387.120000,379.070000,382.510000,382.510000,3353594
V,2025-05-22,384.080000,386.740000,376.930000,379.590000,379.590000,4628950
V,2025-05-23,377.920000,381.680000,377.260000,381.020000,381.020000,2037335
V,2025-05-26,381.500000,391.850000,380.820000,391.170000,391.170000,2034265
V,2025-05-27,392.470000,396.590000,387.870000,391.990000,391.990000,3320926
V,2025-05-28,391,392.650000,386.330000,387.980000,387.980000,3005787
V,2025-05-29,388.660000,391.760000,375.540000,378.640000,378.640000,3570121
V,2025-05-30,380.440000,381.770000,379.880000,381.220000,381.220000,4054043
V,2025-06-02,381.580000,387.390000,380.560000,386.370000,386.370000,2342193
V,2025-06-03,387.320000,394.700000,385.910000,393.280000,393.280000,850079
V,2025-06-04,393.560000,395.610000,393.300000,395.340000,395.340000,2726084
V,2025-06-05,396.340000,397.390000,387.100000,388.150000,388.150000,4179960
V,2025-06-06,389.150000,389.240000,384.020000,384.110000,384.110000,2898344
V,2025-06-09,385.700000,386.830000,381.960000,383.090000,383.090000,3736528
V,2025-06-10,383.740000,384.020000,379.710000,379.990000,379.990000,2803289
V,2025-06-11,381.160000,383.530000,379.680000,382.050000,382.050000,2384377
V,2025-06-12,382.530000,383.710000,368.340000,369.520000,369.520000,3400158
V,2025-06-13,370.280000,373.210000,354.770000,357.700000,357.700000,4823868
V,2025-06-16,359.830000,361.730000,358.200000,360.100000,360.100000,3762715
V,2025-06-17,360.660000,362.260000,354.160000,355.750000,355.750000,1070402
V,2025-06-18,355.540000,357.050000,351.580000,353.090000,353.090000,4116056
V,2025-06-19,352.660000,362.140000,350.270000,359.750000,359.750000,2328297
V,2025-06-20,358.980000,364.010000,356.370000,361.400000,361.400000,3147147
V,2025-06-23,361.720000,366.950000,359.710000,364.940000,364.940000,3116887
V,2025-06-24,365.400000,367.980000,359.660000,362.240000,362.240000,3938152
V,2025-06-25,362.590000,364.700000,355.430000,357.540000,357.540000,2376574
V,2025-06-26,356.860000,358.800000,356.360000,358.300000,358.300000,2121681
V,2025-06-27,358.760000,359.320000,357.330000,357.890000,357.890000,3732297
V,2025-06-30,356.800000,361.340000,352.970000,357.500000,357.500000,3083834
V,2025-07-01,355.980000,363.820000,355.120000,362.960000,362.960000,4488462
V,2025-07-02,362.160000,364.520000,354.280000,356.630000,356.630000,5047979
V,2025-07-03,356.210000,363.920000,354.180000,361.890000,361.890000,4137526
V,2025-07-04,361.560000,366.780000,359.520000,364.740000,364.740000,4300789
V,2025-07-07,363.430000,364.870000,358.830000,360.280000,360.280000,2817534
V,2025-07-08,361.730000,364.250000,361.670000,364.190000,364.190000,3281608
V,2025-07-09,364.110000,368.080000,363.330000,367.300000,367.300000,3335545
V,2025-07-10,368.220000,368.680000,364.740000,365.200000,365.200000,4114773
V,2025-07-11,365.130000,368.090000,364.290000,367.250000,367.250000,2942402
V,2025-07-14,368.300000,370.030000,364.610000,366.340000,366.340000,2466755
V,2025-07-15,363.860000,367.400000,361.870000,365.410000,365.410000,2714029
V,2025-07-16,364.640000,369.480000,362.940000,367.770000,367.770000,3164047
V,2025-07-17,366.630000,368.650000,359.910000,361.940000,361.940000,1894543
V,2025-07-18,360.490000,362.730000,357.360000,359.600000,359.600000,4239643
V,2025-07-21,360.140000,370.590000,359.280000,369.730000,369.730000,3292413
V,2025-07-22,370.900000,373.630000,366.210000,368.950000,368.950000,4361869
V,2025-07-23,368.640000,378.100000,365.060000,374.520000,374.520000,2174982
V,2025-07-24,372.640000,379.560000,372.340000,379.260000,379.260000,1504411
V,2025-07-25,378.100000,378.580000,373.740000,374.220000,374.220000,4043237
V,2025-07-28,371.810000,377.960000,371.690000,377.830000,377.830000,3495028
V,2025-07-29,377.310000,381.250000,376.350000,380.290000,380.290000,4238581
V,2025-07-30,379.390000,379.830000,376.400000,376.840000,376.840000,3296730
V,2025-07-31,377.760000,379.420000,377.600000,379.260000,379.260000,2778797
V,2025-08-01,380.130000,382.150000,369.560000,371.580000,371.580000,3384116
V,2025-08-04,373.180000,373.780000,364.290000,364.890000,364.890000,2543219
V,2025-08-05,365.570000,369.440000,363.040000,366.910000,366.910000,2001658
V,2025-08-06,364.920000,371.890000,361.690000,368.650000,368.650000,1745967
V,2025-08-07,369.690000,373.510000,368.150000,371.980000,371.980000,3578930
V,2025-08-08,373.160000,376.030000,371.470000,374.340000,374.340000,1786445
V,2025-08-11,374.710000,375,367.140000,367.430000,367.430000,5080155
V,2025-08-12,367.260000,370.830000,362.450000,366.020000,366.020000,3156821
V,2025-08-13,365.260000,366.210000,364.790000,365.740000,365.740000,4004445
V,2025-08-14,367,374.490000,366.960000,374.450000,374.450000,3003533
V,2025-08-15,375.090000,376.820000,374.770000,376.500000,376.500000,3376405
V,2025-08-18,374.510000,379.890000,374.440000,379.820000,379.820000,2682019
V,2025-08-19,379.590000,384.370000,379.390000,384.170000,384.170000,2474695
V,2025-08-20,382.140000,382.770000,374.370000,375,375,2585309
V,2025-08-21,376.260000,379.820000,373.170000,376.730000,376.730000,4171494
V,2025-08-22,375.630000,381.950000,373.780000,380.110000,380.110000,2972825
V,2025-08-25,380.330000,385.340000,380.290000,385.300000,385.300000,3411057
V,2025-08-26,387.610000,387.690000,384.060000,384.140000,384.140000,4186646
V,2025-08-27,386.940000,387.090000,385.270000,385.410000,385.410000,1461485
V,2025-08-28,384.020000,389.040000,383.330000,388.350000,388.350000,1757572
V,2025-08-29,388.090000,396.540000,386.170000,394.620000,394.620000,3997090
V,2025-09-01,392.640000,397.650000,391.790000,396.790000,396.790000,2424996
V,2025-09-02,397.690000,403.140000,394.620000,400.070000,400.070000,4448107
V,2025-09-03,399.380000,405.520000,396.340000,402.480000,402.480000,1477446
V,2025-09-04,404.370000,404.460000,403.920000,404,404,2303722
V,2025-09-05,404.530000,406.240000,404.100000,405.810000,405.810000,2619765
V,2025-09-08,405.940000,411.520000,404.930000,410.500000,410.500000,3510243
V,2025-09-09,408.410000,413.340000,406.600000,411.520000,411.520000,4359692
V,2025-09-10,410.660000,411.620000,409.070000,410.030000,410.030000,2131550
V,2025-09-11,411.560000,412.130000,404.100000,404.670000,404.670000,3097224
V,2025-09-12,403.670000,404.660000,396.500000,397.500000,397.500000,2667846
V,2025-09-15,396.730000,402.930000,395.380000,401.580000,401.580000,3101736
V,2025-09-16,403.460000,404.380000,400.130000,401.050000,401.050000,3344290
V,2025-09-17,399.600000,407.250000,396.490000,404.150000,404.150000,4219088
V,2025-09-18,402.470000,404.670000,400.520000,402.720000,402.720000,3119979
V,2025-09-19,402.600000,408.290000,398.280000,403.960000,403.960000,3395475
V,2025-09-22,406.170000,406.490000,395.360000,395.680000,395.680000,2610150
V,2025-09-23,394.830000,397.830000,392.780000,395.780000,395.780000,2040169
V,2025-09-24,395.580000,396.010000,388.900000,389.330000,389.330000,2753085
V,2025-09-25,389.860000,391.770000,385.900000,387.810000,387.810000,4864665
V,2025-09-26,389.420000,390.280000,387.550000,388.410000,388.410000,4442549
V,2025-09-29,389.300000,393.590000,385.920000,390.210000,390.210000,3726358
V,2025-09-30,389.850000,391.310000,388.470000,389.930000,389.930000,4662660
V,2025-10-01,391.040000,393.420000,388.800000,391.180000,391.180000,1980712
V,2025-10-02,392.220000,395.680000,389.960000,393.420000,393.420000,3939014
V,2025-10-03,391.730000,393.820000,387.870000,389.960000,389.960000,4876120
V,2025-10-06,390.040000,392.150000,375.410000,377.520000,377.520000,3485696
V,2025-10-07,377.100000,386.210000,375.970000,385.080000,385.080000,3158988
V,2025-10-08,388.760000,389.160000,386.040000,386.440000,386.440000,2610248
V,2025-10-09,387.660000,388.840000,379.650000,380.820000,380.820000,4009865
V,2025-10-10,381.720000,382.780000,367.060000,368.120000,368.120000,2777082
V,2025-10-13,368.840000,369.940000,364.680000,365.780000,365.780000,3493051
V,2025-10-14,364.030000,368.400000,362.130000,366.510000,366.510000,2245508
V,2025-10-15,366.350000,367.690000,359.940000,361.280000,361.280000,3127213
V,2025-10-16,363.620000,363.890000,359.530000,359.800000,359.800000,4904115
V,2025-10-17,358.310000,364.660000,357.610000,363.960000,363.960000,3958373
V,2025-10-20,364.530000,366.560000,364.100000,366.130000,366.130000,3222143
V,2025-10-21,366.350000,367.190000,364.590000,365.430000,365.430000,3002537
V,2025-10-22,366.750000,374.330000,363.620000,371.200000,371.200000,3316493
V,2025-10-23,370.830000,378.380000,370.550000,378.100000,378.100000,2752772
V,2025-10-24,377.310000,378.030000,372.090000,372.810000,372.810000,2065267
V,2025-10-27,374.580000,377.550000,369.130000,372.100000,372.100000,2334671
V,2025-10-28,371.300000,374.960000,368.890000,372.550000,372.550000,2956822
V,2025-10-29,370.990000,381.800000,370.280000,381.090000,381.090000,3661657
V,2025-10-30,380.270000,384.950000,379.340000,384.020000,384.020000,4427619
V,2025-10-31,385.640000,387.350000,382.330000,384.030000,384.030000,2772386
V,2025-11-03,385.550000,385.960000,379.760000,380.170000,380.170000,4211454
V,2025-11-04,380.630000,381.950000,377.290000,378.600000,378.600000,3529150
V,2025-11-05,380.300000,384.820000,378.320000,382.840000,382.840000,2715615
V,2025-11-06,381.780000,392.500000,381.430000,392.150000,392.150000,1770318
V,2025-11-07,394.680000,399.450000,393.130000,397.900000,397.900000,4545792
V,2025-11-10,396.670000,398.670000,396.590000,398.590000,398.590000,3780891
V,2025-11-11,400.920000,402.160000,395.930000,397.170000,397.170000,4143255
V,2025-11-12,395.330000,395.370000,394.940000,394.980000,394.980000,2391120
V,2025-11-13,395.610000,397.720000,395.010000,397.120000,397.120000,3145474
V,2025-11-14,396.770000,399.220000,390.390000,392.840000,392.840000,3171285
V,2025-11-17,391.390000,392.440000,388.780000,389.830000,389.830000,3331220
V,2025-11-18,391.450000,392.420000,385.820000,386.790000,386.790000,2691264
V,2025-11-19,387.150000,390.510000,386.030000,389.390000,389.390000,2935983
V,2025-11-20,386.410000,388.190000,381.610000,383.380000,383.380000,2312804
V,2025-11-21,381.520000,386.230000,380.390000,385.100000,385.100000,1673834
V,2025-11-24,385.870000,390.180000,382.240000,386.550000,386.550000,2345710
V,2025-11-25,386.860000,390.850000,384.170000,388.160000,388.160000,2308766
V,2025-11-26,386.480000,389.970000,378.730000,382.220000,382.220000,3986609
V,2025-11-27,380.560000,383.850000,380.500000,383.790000,383.790000,3752672
V,2025-11-28,384.920000,385.150000,382.700000,382.930000,382.930000,2531328
V,2025-12-01,384.490000,390.160000,384.040000,389.710000,389.710000,3950050
V,2025-12-02,390.230000,390.390000,386.340000,386.500000,386.500000,1876410
V,2025-12-03,385.880000,389.990000,385.870000,389.980000,389.980000,2593778
V,2025-12-04,391.200000,393.990000,386.630000,389.420000,389.420000,3112352
V,2025-12-05,389.830000,399.910000,389.150000,399.240000,399.240000,3340574
V,2025-12-08,397.890000,405.940000,397.490000,405.540000,405.540000,2804969
V,2025-12-09,405.750000,405.810000,405.620000,405.680000,405.680000,4789544
V,2025-12-10,407.360000,408.510000,403.410000,404.560000,404.560000,2336483
V,2025-12-11,404.700000,409.480000,403.020000,407.800000,407.800000,3730693
V,2025-12-12,408.730000,411.750000,401,404.020000,404.020000,4206545
V,2025-12-15,403.180000,418.960000,401.940000,417.720000,417.720000,2795172
V,2025-12-16,417.450000,420.750000,416.440000,419.740000,419.740000,3968638
V,2025-12-17,417.730000,422.470000,417.600000,422.340000,422.340000,2762101
V,2025-12-18,422.940000,425.840000,414.940000,417.850000,417.850000,1099527
V,2025-12-19,416.110000,420.410000,414.720000,419.020000,419.020000,3305348
V,2025-12-22,419.410000,422.370000,412.070000,415.030000,415.030000,1824706
V,2025-12-23,415.460000,416.920000,414.990000,416.450000,416.450000,1951091
V,2025-12-24,416.770000,419.930000,412.670000,415.830000,415.830000,4313321
V,2025-12-25,415.380000,418.350000,408.470000,411.430000,411.430000,3271433
V,2025-12-26,411.610000,412.090000,407.770000,408.250000,408.250000,3370694
V,2025-12-29,409.710000,412.330000,409.240000,411.860000,411.860000,2829254
V,2025-12-30,411.510000,412.990000,411.050000,412.530000,412.530000,2249803
V,2025-12-31,413.170000,414.550000,406,407.380000,407.380000,2903654
V,2026-01-02,408.260000,408.350000,405.390000,405.480000,405.480000,2237354
V,2026-01-05,405.330000,416.080000,400.380000,411.130000,411.130000,2854793
V,2026-01-06,411.950000,413.950000,408.240000,410.240000,410.240000,3228835
V,2026-01-07,410.560000,411.950000,402.730000,404.130000,404.130000,2363530
V,2026-01-08,406.970000,408.360000,394.300000,395.690000,395.690000,3417928
V,2026-01-09,394.520000,401.560000,392.170000,399.210000,399.210000,3385378
V,2026-01-12,400.890000,401.330000,391.970000,392.420000,392.420000,4177406
V,2026-01-13,391.350000,395.610000,389.550000,393.800000,393.800000,4406146
V,2026-01-14,391.530000,393.990000,388.120000,390.580000,390.580000,4501358
V,2026-01-15,388.680000,390.190000,386.010000,387.520000,387.520000,2486747
V,2026-01-16,385.450000,391.910000,384.880000,391.350000,391.350000,2835920
V,2026-01-20,390.670000,393.470000,384.590000,387.390000,387.390000,2076958
V,2026-01-21,389.300000,392.070000,385.440000,388.200000,388.200000,3253122
V,2026-01-22,388.900000,389.570000,386.580000,387.250000,387.250000,1700036
V,2026-01-23,387.350000,390.500000,379.290000,382.440000,382.440000,2955596
V,2026-01-26,383.070000,385.300000,380.020000,382.250000,382.250000,3790433
V,2026-01-27,382.640000,389.410000,381.550000,388.330000,388.330000,2126038
V,2026-01-28,388.610000,390.060000,385.150000,386.600000,386.600000,3086179
V,2026-01-29,386.800000,394.930000,385.600000,393.720000,393.720000,3278602
V,2026-01-30,395.460000,399.250000,391.440000,395.230000,395.230000,4261294
V,2026-02-02,395.670000,395.910000,393.790000,394.030000,394.030000,1436392
V,2026-02-03,394.370000,398.490000,391.960000,396.080000,396.080000,4347957
V,2026-02-04,396.310000,398.700000,394.550000,396.940000,396.940000,2959958
V,2026-02-05,396.290000,397.320000,392.130000,393.160000,393.160000,4937396
V,2026-02-06,395.090000,397,391.340000,393.250000,393.250000,1726851
V,2026-02-09,396.680000,400.320000,388.380000,392.010000,392.010000,4350036
V,2026-02-10,394.570000,400.230000,381.850000,387.510000,387.510000,1256631
V,2026-02-11,386.150000,388.940000,385.250000,388.030000,388.030000,3564608
V,2026-02-12,387.190000,394.470000,385.850000,393.130000,393.130000,2957346
V,2026-02-13,392.670000,394.610000,390.210000,392.150000,392.150000,3061954
V,2026-02-17,391.550000,396.400000,390.670000,395.530000,395.530000,3813172
V,2026-02-18,397.160000,399.240000,389.530000,391.600000,391.600000,3341203
V,2026-02-19,392.080000,395.750000,383.600000,387.270000,387.270000,2698595
V,2026-02-20,387.890000,400.010000,386.150000,398.270000,398.270000,2795408
V,2026-02-23,396.860000,401.140000,396.760000,401.040000,401.040000,2664371
V,2026-02-24,398.160000,404.880000,394.380000,401.100000,401.100000,3351638
V,2026-02-25,400.440000,403.170000,395.110000,397.840000,397.840000,3760331
V,2026-02-26,397.660000,406.660000,396.940000,405.940000,405.940000,2232477
V,2026-02-27,405.930000,406.840000,401.510000,402.410000,402.410000,3348095
V,2026-03-02,403.060000,403.840000,394.860000,395.640000,395.640000,2451255
V,2026-03-03,396.380000,398.020000,392.370000,394.020000,394.020000,3625000
V,2026-03-04,395.810000,397.660000,394.050000,395.900000,395.900000,3349514
V,2026-03-05,395.520000,398.880000,394.200000,397.560000,397.560000,5018557
V,2026-03-06,397.990000,400.020000,392.390000,394.430000,394.430000,4065758
V,2026-03-09,391.430000,391.740000,390.800000,391.110000,391.110000,3562327
V,2026-03-10,391.260000,400.840000,390.250000,399.840000,399.840000,3182139
V,2026-03-11,400.340000,404.900000,389.580000,394.140000,394.140000,3858686
V,2026-03-12,394.140000,397.640000,388.800000,392.300000,392.300000,4924225
V,2026-03-13,391.780000,394.330000,390.330000,392.880000,392.880000,4700291
V,2026-03-16,394.610000,396.900000,393.450000,395.740000,395.740000,2099548
V,2026-03-17,395.430000,397.720000,388.810000,391.100000,391.100000,1956002
V,2026-03-18,394.100000,396.630000,393.340000,395.870000,395.870000,3965235
V,2026-03-19,397.310000,399.050000,392.730000,394.460000,394.460000,1981769
V,2026-03-20,394.720000,401.580000,391.630000,398.490000,398.490000,2924953
V,2026-03-23,399.370000,404.110000,396.470000,401.210000,401.210000,3673443
V,2026-03-24,403.810000,406.460000,397.720000,400.370000,400.370000,2789448
V,2026-03-25,402.630000,406.920000,400.060000,404.360000,404.360000,1525313
V,2026-03-26,402.830000,402.840000,400.230000,400.240000,400.240000,2798045
V,2026-03-27,400.110000,402.150000,393.980000,396.020000,396.020000,2337468
V,2026-03-30,397.380000,400.500000,393.690000,396.810000,396.810000,2763359
V,2026-03-31,397.280000,406.630000,392.920000,402.270000,402.270000,3810157
V,2026-04-01,399.890000,403.470000,397.670000,401.260000,401.260000,3744567
V,2026-04-02,401.040000,401.880000,395.560000,396.390000,396.390000,3986135
V,2026-04-06,397.570000,398.920000,394.030000,395.380000,395.380000,1573065
V,2026-04-07,393.790000,403.820000,390.280000,400.310000,400.310000,2937949
V,2026-04-08,399.500000,403.010000,399.020000,402.530000,402.530000,2686104
V,2026-04-09,401.350000,401.920000,399.250000,399.810000,399.810000,3351310
V,2026-04-10,402.130000,403.180000,400.350000,401.400000,401.400000,3623634
V,2026-04-13,400.340000,403.540000,396.680000,399.880000,399.880000,3020660
V,2026-04-14,401.040000,403.290000,399.370000,401.620000,401.620000,4136999
V,2026-04-15,401.920000,402.910000,397.450000,398.440000,398.440000,2968453
V,2026-04-16,398.830000,401.520000,396.240000,398.930000,398.930000,2868152
V,2026-04-17,398.680000,399.310000,396.200000,396.840000,396.840000,2930674
V,2026-04-20,397.890000,398.810000,393.970000,394.890000,394.890000,2393815
V,2026-04-21,395.690000,398.620000,395.660000,398.590000,398.590000,3131163
V,2026-04-22,398.800000,402.140000,398.230000,401.570000,401.570000,2970754
V,2026-04-23,401.570000,403.120000,399.640000,401.190000,401.190000,4131360
V,2026-04-24,401.180000,404.740000,401.070000,404.630000,404.630000,3258694
V,2026-04-27,406.100000,414.080000,401.870000,409.850000,409.850000,3492587
V,2026-04-28,410.630000,412.240000,402.710000,404.330000,404.330000,1966735
V,2026-04-29,403.360000,409.150000,399.520000,405.310000,405.310000,3068002
V,2026-04-30,407.040000,407.120000,406.130000,406.210000,406.210000,5399251
V,2026-05-01,405.170000,408.290000,400.620000,403.740000,403.740000,2759522
V,2026-05-04,403.640000,406.210000,401.290000,403.850000,403.850000,3494367
V,2026-05-05,402.070000,405.740000,394.130000,397.800000,397.800000,3465192
V,2026-05-06,396.630000,398.290000,396.160000,397.820000,397.820000,1596441
V,2026-05-07,397.650000,407.350000,394.860000,404.560000,404.560000,2940775
V,2026-05-08,403.550000,408.740000,403.440000,408.630000,408.630000,1878353
V,2026-05-11,408.440000,409.690000,402.890000,404.140000,404.140000,2602159
V,2026-05-12,404.480000,405.540000,398.660000,399.720000,399.720000,4146735
V,2026-05-13,401.900000,405.300000,399.220000,402.620000,402.620000,4200086
V,2026-05-14,403.010000,403.570000,396.040000,396.600000,396.600000,3798462
V,2026-05-15,397.110000,404.140000,394.570000,401.600000,401.600000,4281093
V,2026-05-18,403.700000,406.150000,393.710000,396.160000,396.160000,1485586
V,2026-05-19,397.580000,398.240000,391.200000,391.850000,391.850000,2938547
V,2026-05-20,392.290000,394.070000,392.180000,393.960000,393.960000,2285625
V,2026-05-21,392.400000,396.400000,390.440000,394.440000,394.440000,2316556
V,2026-05-22,393.110000,394.730000,392.430000,394.050000,394.050000,2730760
V,2026-05-26,394.340000,394.930000,387.950000,388.540000,388.540000,1761364
V,2026-05-27,390.130000,397.030000,388.190000,395.090000,395.090000,3450753
V,2026-05-28,394.710000,397.740000,394.460000,397.480000,397.480000,2816272
V,2026-05-29,397.670000,399.490000,385.910000,387.730000,387.730000,2807995
V,2026-06-01,387.930000,388.370000,386.770000,387.220000,387.220000,3989157
V,2026-06-02,387.250000,389.700000,382.450000,384.890000,384.890000,2418184
V,2026-06-03,384.850000,386.930000,384.160000,386.240000,386.240000,3139017
V,2026-06-04,385.610000,391.230000,384.480000,390.100000,390.100000,3466482
V,2026-06-05,388.450000,391.830000,380.050000,383.430000,383.430000,3686401
V,2026-06-08,385.180000,385.430000,384.230000,384.480000,384.480000,3708766
V,2026-06-09,383.270000,387.690000,382.380000,386.810000,386.810000,4461971
V,2026-06-10,387.590000,388.300000,385.310000,386.020000,386.020000,2165033
V,2026-06-11,385.780000,389.170000,384.940000,388.330000,388.330000,1905091
V,2026-06-12,387.970000,396.460000,383.960000,392.450000,392.450000,4514127
V,2026-06-15,395.330000,399.790000,394.370000,398.830000,398.830000,5810019
V,2026-06-16,397.130000,397.300000,394.250000,394.430000,394.430000,3714014
V,2026-06-17,394.850000,398.760000,394.090000,398,398,3430821
V,2026-06-18,397.330000,400.800000,396.840000,400.310000,400.310000,3643362
V,2026-06-22,398.220000,406.510000,396.960000,405.250000,405.250000,4695081
V,2026-06-23,404.990000,406.560000,404.710000,406.280000,406.280000,3046500
V,2026-06-24,406.680000,408.810000,396.990000,399.120000,399.120000,4143867
V,2026-06-25,400.200000,401.710000,398.650000,400.160000,400.160000,3498582
V,2026-06-26,398.600000,399.420000,395.890000,396.710000,396.710000,1993734
V,2026-06-29,398.590000,399.820000,398.420000,399.650000,399.650000,3229506
V,2026-06-30,399.290000,400.850000,396.790000,398.350000,398.350000,2544511
V,2026-07-01,397.860000,398.030000,395.630000,395.800000,395.800000,2184339
V,2026-07-02,394,401.780000,389.420000,397.200000,397.200000,3775740
V,2026-07-06,397.130000,398.700000,392.330000,393.900000,393.900000,3114944
V,2026-07-07,394.980000,398.910000,388.350000,392.280000,392.280000,4274200
V,2026-07-08,391.780000,392.070000,389.630000,389.920000,389.920000,3126756
V,2026-07-09,390.520000,391.880000,387.160000,388.520000,388.520000,3298824
V,2026-07-10,391.340000,393.920000,389.270000,391.850000,391.850000,1541410
V,2026-07-13,390.670000,393.690000,389.680000,392.700000,392.700000,3045154
V,2026-07-14,393.210000,393.850000,390.920000,391.560000,391.560000,2725871
V,2026-07-15,391.100000,393.140000,389.930000,391.970000,391.970000,2709611
V,2026-07-16,390.660000,394.930000,389.750000,394.030000,394.030000,3537141
V,2026-07-17,394.330000,394.640000,392.530000,392.840000,392.840000,3226947
V,2026-07-20,392.490000,400.490000,391.050000,399.050000,399.050000,2645849
V,2026-07-21,396.740000,398.370000,393.260000,394.890000,394.890000,2097230
V,2026-07-22,392.880000,397.060000,392.130000,396.310000,396.310000,2587257
V,2026-07-23,397.290000,400.300000,388.070000,391.070000,391.070000,2825566
V,2026-07-24,391.050000,394.110000,389.450000,392.510000,392.510000,2328586
V,2026-07-27,393.700000,396.420000,387.630000,390.350000,390.350000,5316467
V,2026-07-28,388.050000,393.590000,386.290000,391.830000,391.830000,2216687
V,2026-07-29,392.760000,394.950000,389.460000,391.650000,391.650000,3433785
V,2026-07-30,390.590000,397.360000,390.110000,396.870000,396.870000,3299686
V,2026-07-31,396.710000,402.780000,392.870000,398.950000,398.950000,3268894
V,2026-08-03,400.340000,405.070000,394.330000,399.060000,399.060000,2518887
V,2026-08-04,400.170000,404.550000,400.050000,404.430000,404.430000,3211247
V,2026-08-05,403.650000,417.980000,402.450000,416.780000,416.780000,2768762
V,2026-08-06,416.100000,423.980000,416.030000,423.920000,423.920000,4214836
V,2026-08-07,424.120000,428.820000,420.750000,425.450000,425.450000,3491214
V,2026-08-10,425.490000,427.390000,421.590000,423.490000,423.490000,3674208
V,2026-08-11,424.260000,425.610000,421.790000,423.150000,423.150000,2210651
V,2026-08-12,423.490000,427.340000,423.240000,427.090000,427.090000,3757854
V,2026-08-13,427.130000,428.900000,423,424.770000,424.770000,1390112
V,2026-08-14,425.670000,429.660000,423.090000,427.070000,427.070000,854229
V,2026-08-17,425.930000,427.860000,418.300000,420.230000,420.230000,3071549
V,2026-08-18,422.510000,430.400000,418.940000,426.830000,426.830000,2787963
V,2026-08-19,426.070000,434.220000,424.100000,432.250000,432.250000,3564755
V,2026-08-20,434.030000,438.400000,433.290000,437.660000,437.660000,2900826
V,2026-08-21,438.230000,440.490000,434.650000,436.910000,436.910000,2650926
V,2026-08-24,437.160000,444.330000,434.240000,441.410000,441.410000,2974069
NFLX,2024-10-28,892.970000,893.050000,875.800000,875.880000,875.880000,675038
NFLX,2024-10-29,876.720000,905.700000,864.630000,893.620000,893.620000,857054
NFLX,2024-10-30,896,908.330000,885.190000,897.520000,897.520000,654968
NFLX,2024-10-31,895.770000,919.230000,893.160000,916.630000,916.630000,392656
NFLX,2024-11-01,917.190000,920.210000,894.540000,897.560000,897.560000,778635
NFLX,2024-11-04,903.610000,908.760000,880.730000,885.880000,885.880000,50111
NFLX,2024-11-05,892.740000,903.060000,888.610000,898.930000,898.930000,661723
NFLX,2024-11-06,908.160000,927.370000,901.420000,920.640000,920.640000,758190
NFLX,2024-11-07,930.740000,961.140000,927.150000,957.550000,957.550000,715598
NFLX,2024-11-08,947.790000,996.680000,937.690000,986.580000,986.580000,706114
NFLX,2024-11-11,983.480000,1002.230000,969.380000,988.130000,988.130000,882839
NFLX,2024-11-12,986.590000,999.160000,966.340000,978.900000,978.900000,432438
NFLX,2024-11-13,973.960000,991.570000,964.230000,981.840000,981.840000,629157
NFLX,2024-11-14,995.390000,996.410000,953.040000,954.050000,954.050000,1005293
NFLX,2024-11-15,956.170000,974.800000,946.640000,965.270000,965.270000,584535
NFLX,2024-11-18,964.720000,965.990000,956.600000,957.870000,957.870000,531100
NFLX,2024-11-19,962.960000,968.940000,946.760000,952.740000,952.740000,968807
NFLX,2024-11-20,960.980000,967.750000,955.830000,962.600000,962.600000,823821
NFLX,2024-11-21,959.380000,962.190000,957.380000,960.190000,960.190000,585094
NFLX,2024-11-22,964.330000,990.430000,961.680000,987.770000,987.770000,898954
NFLX,2024-11-25,990.140000,1018.570000,976.610000,1005.040000,1005.040000,1078387
NFLX,2024-11-26,1019.840000,1022.390000,1012.700000,1015.250000,1015.250000,519330
NFLX,2024-11-27,1008.590000,1033.940000,970.450000,995.800000,995.800000,656785
NFLX,2024-11-28,998.450000,1053.070000,989.140000,1043.760000,1043.760000,682057
NFLX,2024-11-29,1048.040000,1058.640000,1031.170000,1041.770000,1041.770000,980148
NFLX,2024-12-02,1041.650000,1066.430000,982.580000,1007.360000,1007.360000,728067
NFLX,2024-12-03,1017.320000,1079.720000,999.660000,1062.070000,1062.070000,866732
NFLX,2024-12-04,1063.100000,1086.570000,1050.670000,1074.140000,1074.140000,1056175
NFLX,2024-12-05,1068.090000,1072.690000,1067.530000,1072.140000,1072.140000,712346
NFLX,2024-12-06,1067.920000,1078.060000,1065.730000,1075.870000,1075.870000,790740
NFLX,2024-12-09,1076.580000,1081.440000,1045.890000,1050.740000,1050.740000,387304
NFLX,2024-12-10,1051.240000,1056.370000,993.270000,998.400000,998.400000,969087
NFLX,2024-12-11,996.560000,1036.400000,983.330000,1023.170000,1023.170000,785884
NFLX,2024-12-12,1021.180000,1033.550000,1017.770000,1030.140000,1030.140000,1043324
NFLX,2024-12-13,1029.270000,1061.850000,986.390000,1018.970000,1018.970000,774213
NFLX,2024-12-16,1013.300000,1081.280000,1002.300000,1070.280000,1070.280000,742749
NFLX,2024-12-17,1074.280000,1098.410000,1048.710000,1072.840000,1072.840000,516061
NFLX,2024-12-18,1087.130000,1092.820000,1086.990000,1092.680000,1092.680000,712396
NFLX,2024-12-19,1089.710000,1107.950000,1089.570000,1107.810000,1107.810000,411452
NFLX,2024-12-20,1112.070000,1132.590000,1094.550000,1115.080000,1115.080000,747024
NFLX,2024-12-23,1115.530000,1140.010000,1101.460000,1125.930000,1125.930000,616370
NFLX,2024-12-24,1125.100000,1162.080000,1113.220000,1150.200000,1150.200000,276840
NFLX,2024-12-25,1156.290000,1164.110000,1124.510000,1132.330000,1132.330000,847727
NFLX,2024-12-26,1132.570000,1142.790000,1122.250000,1132.470000,1132.470000,510484
NFLX,2024-12-27,1132.440000,1147.300000,1109.570000,1124.430000,1124.430000,583265
NFLX,2024-12-30,1130.100000,1145.060000,1120.350000,1135.310000,1135.310000,528893
NFLX,2024-12-31,1134.970000,1144.180000,1110.030000,1119.240000,1119.240000,649517
NFLX,2025-01-01,1131,1137.510000,1113.870000,1120.380000,1120.380000,603544
NFLX,2025-01-02,1120.070000,1126.800000,1114.130000,1120.860000,1120.860000,276532
NFLX,2025-01-03,1117.130000,1142.690000,1114.500000,1140.060000,1140.060000,742710
NFLX,2025-01-06,1135.370000,1142.240000,1129.350000,1136.210000,1136.210000,467081
NFLX,2025-01-07,1126.770000,1132.970000,1115.680000,1121.890000,1121.890000,568970
NFLX,2025-01-08,1113.900000,1181.730000,1112.210000,1180.040000,1180.040000,862819
NFLX,2025-01-09,1185.840000,1200.600000,1144.200000,1158.960000,1158.960000,593643
NFLX,2025-01-10,1154,1157.990000,1149.940000,1153.940000,1153.940000,751005
NFLX,2025-01-13,1142.720000,1151.960000,1125.120000,1134.360000,1134.360000,796470
NFLX,2025-01-14,1140.390000,1142.110000,1087.650000,1089.360000,1089.360000,869801
NFLX,2025-01-15,1093.020000,1104.980000,1091.470000,1103.430000,1103.430000,745845
NFLX,2025-01-16,1097.310000,1116.380000,1096.750000,1115.810000,1115.810000,787521
NFLX,2025-01-17,1094.660000,1167.480000,1066.210000,1139.020000,1139.020000,879035
NFLX,2025-01-20,1147.570000,1160.910000,1120.770000,1134.100000,1134.100000,423458
NFLX,2025-01-21,1135.460000,1145.050000,1131.620000,1141.220000,1141.220000,623708
NFLX,2025-01-22,1140.340000,1186.720000,1139.670000,1186.050000,1186.050000,1061893
NFLX,2025-01-23,1181.040000,1198.030000,1180.300000,1197.290000,1197.290000,616218
NFLX,2025-01-24,1200.510000,1205.460000,1180.110000,1185.070000,1185.070000,1160941
NFLX,2025-01-27,1193.160000,1246.490000,1181.210000,1234.530000,1234.530000,501085
NFLX,2025-01-28,1249.980000,1261.450000,1218.390000,1229.870000,1229.870000,790020
NFLX,2025-01-29,1229.460000,1297.450000,1206.640000,1274.630000,1274.630000,474982
NFLX,2025-01-30,1278.990000,1293.030000,1203.650000,1217.690000,1217.690000,317429
NFLX,2025-01-31,1216.300000,1225.250000,1214.800000,1223.750000,1223.750000,391036
NFLX,2025-02-03,1226.940000,1234.990000,1219.330000,1227.380000,1227.380000,510125
NFLX,2025-02-04,1229.200000,1234.720000,1182.870000,1188.380000,1188.380000,396752
NFLX,2025-02-05,1197.950000,1220.110000,1110.160000,1132.320000,1132.320000,827614
NFLX,2025-02-06,1126.510000,1159.140000,1113.580000,1146.210000,1146.210000,384266
NFLX,2025-02-07,1143.740000,1148.110000,1118.010000,1122.370000,1122.370000,835430
NFLX,2025-02-10,1123.260000,1143.090000,1064.130000,1083.970000,1083.970000,693241
NFLX,2025-02-11,1076.680000,1086.030000,1070.950000,1080.290000,1080.290000,656147
NFLX,2025-02-12,1070.740000,1075.680000,1057.980000,1062.910000,1062.910000,855585
NFLX,2025-02-13,1052.090000,1073.560000,1017.670000,1039.130000,1039.130000,644267
NFLX,2025-02-14,1032.300000,1034.590000,1024.340000,1026.640000,1026.640000,850838
NFLX,2025-02-17,1030,1039.050000,1017.060000,1026.110000,1026.110000,530682
NFLX,2025-02-18,1014.870000,1043.470000,1011.580000,1040.170000,1040.170000,496534
NFLX,2025-02-19,1032.990000,1070.970000,1027.710000,1065.690000,1065.690000,729019
NFLX,2025-02-20,1061.180000,1062.590000,1037.990000,1039.410000,1039.410000,486560
NFLX,2025-02-21,1034.070000,1045.800000,1016.420000,1028.150000,1028.150000,621738
NFLX,2025-02-24,1024.360000,1030.890000,1020.380000,1026.910000,1026.910000,44604
NFLX,2025-02-25,1016.920000,1074.490000,990.800000,1048.370000,1048.370000,649882
NFLX,2025-02-26,1052.280000,1055.510000,1026.770000,1030,1030,736571
NFLX,2025-02-27,1034.400000,1036.630000,1008.820000,1011.050000,1011.050000,533851
NFLX,2025-02-28,1010.830000,1049.650000,1009.160000,1047.980000,1047.980000,687583
NFLX,2025-03-03,1039.310000,1052.320000,1001.640000,1014.650000,1014.650000,427249
NFLX,2025-03-04,1009.880000,1021.810000,1006.700000,1018.630000,1018.630000,226318
NFLX,2025-03-05,1032.010000,1049.270000,1018.260000,1035.520000,1035.520000,857784
NFLX,2025-03-06,1035.100000,1057.110000,1000.610000,1022.630000,1022.630000,331576
NFLX,2025-03-07,1020.240000,1043.760000,1015.070000,1038.590000,1038.590000,469514
NFLX,2025-03-10,1034.420000,1042.420000,983.560000,991.570000,991.570000,491045
NFLX,2025-03-11,1004.140000,1010.120000,964.750000,970.730000,970.730000,905847
NFLX,2025-03-12,967.970000,985.860000,930.330000,948.230000,948.230000,788360
NFLX,2025-03-13,954.030000,968.640000,953.820000,968.440000,968.440000,640729
NFLX,2025-03-14,960.070000,960.530000,931.910000,932.370000,932.370000,624484
NFLX,2025-03-17,945.910000,951.150000,927.930000,933.170000,933.170000,628545
NFLX,2025-03-18,945.970000,968.690000,944.610000,967.330000,967.330000,827250
NFLX,2025-03-19,972.630000,989.200000,970.180000,986.750000,986.750000,728193
NFLX,2025-03-20,984.160000,995.100000,983.090000,994.030000,994.030000,734902
NFLX,2025-03-21,998.170000,1009.620000,978.130000,989.570000,989.570000,699259
NFLX,2025-03-24,985.160000,1035.030000,975.980000,1025.840000,1025.840000,838428
NFLX,2025-03-25,1027.670000,1051.220000,1027.550000,1051.090000,1051.090000,652329
NFLX,2025-03-26,1045.660000,1047.080000,1042.640000,1044.060000,1044.060000,727115
NFLX,2025-03-27,1054.120000,1098.550000,1044.970000,1089.400000,1089.400000,914251
NFLX,2025-03-28,1089.480000,1092,1057.770000,1060.290000,1060.290000,799921
NFLX,2025-03-31,1067.160000,1071.860000,1033.250000,1037.950000,1037.950000,706942
NFLX,2025-04-01,1044.200000,1092.700000,1025.870000,1074.370000,1074.370000,632622
NFLX,2025-04-02,1067.260000,1134.620000,1051.530000,1118.880000,1118.880000,965186
NFLX,2025-04-03,1118.900000,1124.890000,1088.080000,1094.070000,1094.070000,893588
NFLX,2025-04-04,1085.920000,1106.780000,1084.930000,1105.800000,1105.800000,620914
NFLX,2025-04-07,1106.550000,1128.840000,1100.660000,1122.950000,1122.950000,626543
NFLX,2025-04-08,1129.840000,1177.020000,1108.750000,1155.930000,1155.930000,497351
NFLX,2025-04-09,1152.960000,1175.060000,1136.150000,1158.250000,1158.250000,693091
NFLX,2025-04-10,1161.020000,1187.870000,1152.240000,1179.090000,1179.090000,518336
NFLX,2025-04-11,1197.160000,1201.290000,1143.790000,1147.910000,1147.910000,756736
NFLX,2025-04-14,1146.500000,1162.640000,1138.570000,1154.710000,1154.710000,746601
NFLX,2025-04-15,1163.160000,1170.630000,1138.380000,1145.860000,1145.860000,777281
NFLX,2025-04-16,1151.320000,1176.530000,1119.300000,1144.500000,1144.500000,1123738
NFLX,2025-04-17,1146.350000,1152.640000,1106.700000,1112.980000,1112.980000,791950
NFLX,2025-04-18,1106.060000,1151.070000,1092.900000,1137.910000,1137.910000,931519
NFLX,2025-04-21,1150.530000,1162.740000,1143.330000,1155.540000,1155.540000,562725
NFLX,2025-04-22,1154.060000,1200.940000,1139.320000,1186.200000,1186.200000,648728
NFLX,2025-04-23,1184.050000,1283.100000,1176.280000,1275.320000,1275.320000,500131
NFLX,2025-04-24,1267.820000,1279.420000,1253.950000,1265.560000,1265.560000,774859
NFLX,2025-04-25,1278.610000,1333.120000,1275.270000,1329.780000,1329.780000,505968
NFLX,2025-04-28,1318.330000,1398.740000,1302.700000,1383.110000,1383.110000,672499
NFLX,2025-04-29,1393.540000,1404.680000,1340.950000,1352.090000,1352.090000,242518
NFLX,2025-04-30,1346.170000,1365.300000,1338.150000,1357.280000,1357.280000,555040
NFLX,2025-05-01,1357.590000,1374.370000,1342.730000,1359.520000,1359.520000,408465
NFLX,2025-05-02,1349.790000,1403.640000,1330.260000,1384.110000,1384.110000,893110
NFLX,2025-05-05,1377.430000,1405.060000,1367.190000,1394.820000,1394.820000,707955
NFLX,2025-05-06,1395.490000,1396.390000,1372.660000,1373.560000,1373.560000,639834
NFLX,2025-05-07,1386.930000,1414.930000,1316.650000,1344.650000,1344.650000,494855
NFLX,2025-05-08,1343.380000,1359.970000,1303.580000,1320.170000,1320.170000,570824
NFLX,2025-05-09,1336.170000,1337.540000,1324.740000,1326.110000,1326.110000,693779
NFLX,2025-05-12,1323.360000,1339.670000,1273.700000,1290.010000,1290.010000,760571
NFLX,2025-05-13,1283.140000,1334.760000,1257.850000,1309.480000,1309.480000,799825
NFLX,2025-05-14,1316.890000,1331.970000,1279.630000,1294.710000,1294.710000,837345
NFLX,2025-05-15,1282.270000,1307.800000,1273.560000,1299.090000,1299.090000,1063798
NFLX,2025-05-16,1287.300000,1302.980000,1285.540000,1301.210000,1301.210000,772414
NFLX,2025-05-19,1304.400000,1343.420000,1300.040000,1339.060000,1339.060000,849033
NFLX,2025-05-20,1351.180000,1354.520000,1332.310000,1335.650000,1335.650000,549101
NFLX,2025-05-21,1334.420000,1421.170000,1305.200000,1391.940000,1391.940000,682157
NFLX,2025-05-22,1387.960000,1397.010000,1385.010000,1394.060000,1394.060000,605812
NFLX,2025-05-23,1390.930000,1435.940000,1361.150000,1406.160000,1406.160000,1012704
NFLX,2025-05-26,1415.350000,1452.820000,1411.800000,1449.260000,1449.260000,637716
NFLX,2025-05-27,1450.390000,1451.540000,1445.650000,1446.800000,1446.800000,750362
NFLX,2025-05-28,1416.180000,1446.750000,1408.420000,1438.980000,1438.980000,617270
NFLX,2025-05-29,1429.970000,1446.060000,1422.880000,1438.970000,1438.970000,650541
NFLX,2025-05-30,1440.870000,1498.330000,1427.930000,1485.390000,1485.390000,450638
NFLX,2025-06-02,1500.260000,1528.890000,1479.040000,1507.670000,1507.670000,836820
NFLX,2025-06-03,1518.930000,1562.940000,1513.630000,1557.640000,1557.640000,872466
NFLX,2025-06-04,1573,1612.710000,1565.390000,1605.100000,1605.100000,599063
NFLX,2025-06-05,1602.570000,1604.100000,1534.950000,1536.490000,1536.490000,809192
NFLX,2025-06-06,1546.110000,1552.960000,1516.440000,1523.290000,1523.290000,929573
NFLX,2025-06-09,1513.910000,1539.940000,1496.640000,1522.670000,1522.670000,572868
NFLX,2025-06-10,1507.470000,1514.620000,1399.250000,1406.390000,1406.390000,729627
NFLX,2025-06-11,1382.390000,1440.720000,1359.590000,1417.920000,1417.920000,919668
NFLX,2025-06-12,1416.510000,1417.370000,1408.050000,1408.910000,1408.910000,403135
NFLX,2025-06-13,1409.590000,1420.330000,1341.830000,1352.570000,1352.570000,947168
NFLX,2025-06-16,1343.590000,1349.770000,1317.330000,1323.510000,1323.510000,695728
NFLX,2025-06-17,1323.950000,1331.380000,1286.170000,1293.600000,1293.600000,649533
NFLX,2025-06-18,1297.270000,1316.400000,1232.450000,1251.590000,1251.590000,483797
NFLX,2025-06-19,1238.180000,1274.580000,1237.840000,1274.230000,1274.230000,922732
NFLX,2025-06-20,1285.880000,1295.550000,1278.010000,1287.680000,1287.680000,458941
NFLX,2025-06-23,1290.680000,1368.110000,1275.500000,1352.930000,1352.930000,610316
NFLX,2025-06-24,1349.800000,1375.080000,1344.490000,1369.760000,1369.760000,736155
NFLX,2025-06-25,1383.640000,1393.870000,1364.480000,1374.710000,1374.710000,924632
NFLX,2025-06-26,1375.440000,1391.950000,1368.660000,1385.170000,1385.170000,610790
NFLX,2025-06-27,1379.380000,1423.400000,1352.760000,1396.780000,1396.780000,779203
NFLX,2025-06-30,1391.640000,1415.960000,1385.160000,1409.480000,1409.480000,544502
NFLX,2025-07-01,1428.770000,1430.600000,1427.160000,1428.990000,1428.990000,363653
NFLX,2025-07-02,1424.010000,1443.320000,1378.270000,1397.580000,1397.580000,812998
NFLX,2025-07-03,1387.280000,1425.640000,1371.070000,1409.420000,1409.420000,598684
NFLX,2025-07-04,1412.380000,1423.070000,1394.430000,1405.120000,1405.120000,546334
NFLX,2025-07-07,1399.030000,1399.640000,1381.720000,1382.340000,1382.340000,1090808
NFLX,2025-07-08,1386.840000,1435.830000,1369.210000,1418.200000,1418.200000,661782
NFLX,2025-07-09,1406.380000,1428.290000,1395.810000,1417.720000,1417.720000,365374
NFLX,2025-07-10,1413.530000,1435.030000,1411.490000,1432.990000,1432.990000,947876
NFLX,2025-07-11,1440.600000,1450.050000,1433.530000,1442.990000,1442.990000,603112
NFLX,2025-07-14,1446.240000,1446.370000,1427.560000,1427.690000,1427.690000,466533
NFLX,2025-07-15,1428.360000,1435.960000,1396.930000,1404.530000,1404.530000,988871
NFLX,2025-07-16,1403.440000,1418.320000,1397.130000,1412.020000,1412.020000,1017240
NFLX,2025-07-17,1437.460000,1448.310000,1407.880000,1418.730000,1418.730000,494257
NFLX,2025-07-18,1419.170000,1452.170000,1383.920000,1416.930000,1416.930000,444409
NFLX,2025-07-21,1422.110000,1468.750000,1404.970000,1451.610000,1451.610000,817419
NFLX,2025-07-22,1438.260000,1450.310000,1408.270000,1420.320000,1420.320000,482943
NFLX,2025-07-23,1403.150000,1482.350000,1397.800000,1477.010000,1477.010000,1083680
NFLX,2025-07-24,1477.650000,1480.430000,1459.290000,1462.070000,1462.070000,981691
NFLX,2025-07-25,1455.580000,1493.330000,1435.510000,1473.270000,1473.270000,717540
NFLX,2025-07-28,1475.160000,1485.690000,1453.080000,1463.600000,1463.600000,232484
NFLX,2025-07-29,1452.820000,1517.110000,1448.400000,1512.690000,1512.690000,1069231
NFLX,2025-07-30,1516.420000,1517.790000,1468.160000,1469.530000,1469.530000,743611
NFLX,2025-07-31,1480.010000,1522.820000,1464.390000,1507.200000,1507.200000,777303
NFLX,2025-08-01,1507.890000,1524.160000,1497.290000,1513.550000,1513.550000,673276
NFLX,2025-08-04,1512.430000,1527.750000,1466.150000,1481.460000,1481.460000,518140
NFLX,2025-08-05,1498.990000,1515.090000,1483.110000,1499.210000,1499.210000,452348
NFLX,2025-08-06,1495.580000,1532.060000,1445.350000,1481.830000,1481.830000,415397
NFLX,2025-08-07,1477.840000,1550.820000,1473.120000,1546.100000,1546.100000,800651
NFLX,2025-08-08,1545.750000,1651.160000,1524.790000,1630.210000,1630.210000,715923
NFLX,2025-08-11,1623.660000,1637.250000,1605.950000,1619.540000,1619.540000,456273
NFLX,2025-08-12,1604.400000,1612.660000,1572.960000,1581.220000,1581.220000,309598
NFLX,2025-08-13,1583.600000,1583.890000,1558.040000,1558.330000,1558.330000,468249
NFLX,2025-08-14,1573.370000,1599.400000,1569,1595.030000,1595.030000,748896
NFLX,2025-08-15,1605.410000,1659.690000,1589.420000,1643.700000,1643.700000,609118
NFLX,2025-08-18,1681.150000,1706.510000,1596.390000,1621.760000,1621.760000,497072
NFLX,2025-08-19,1642.580000,1647.230000,1618.290000,1622.940000,1622.940000,920309
NFLX,2025-08-20,1621.060000,1632.060000,1566.290000,1577.290000,1577.290000,498460
NFLX,2025-08-21,1580.520000,1633.590000,1565.240000,1618.300000,1618.300000,480985
NFLX,2025-08-22,1607.020000,1654.700000,1551.130000,1598.820000,1598.820000,881988
NFLX,2025-08-25,1600.610000,1620.360000,1592.080000,1611.830000,1611.830000,773341
NFLX,2025-08-26,1612.380000,1641.370000,1606.900000,1635.890000,1635.890000,948892
NFLX,2025-08-27,1652.250000,1653.700000,1649.500000,1650.950000,1650.950000,480168
NFLX,2025-08-28,1642.600000,1661.150000,1634.510000,1653.060000,1653.060000,768643
NFLX,2025-08-29,1648.020000,1672.340000,1613.840000,1638.150000,1638.150000,710618
NFLX,2025-09-01,1629.510000,1643.900000,1622.820000,1637.210000,1637.210000,762639
NFLX,2025-09-02,1647.560000,1654.300000,1636.640000,1643.380000,1643.380000,662797
NFLX,2025-09-03,1642.580000,1657.710000,1629.240000,1644.370000,1644.370000,692808
NFLX,2025-09-04,1638.840000,1658.720000,1628.080000,1647.960000,1647.960000,592732
NFLX,2025-09-05,1654.470000,1673.450000,1626.190000,1645.170000,1645.170000,668497
NFLX,2025-09-08,1634.870000,1642.900000,1621.970000,1630,1630,667126
NFLX,2025-09-09,1634.150000,1671.810000,1567.220000,1604.880000,1604.880000,743246
NFLX,2025-09-10,1615.340000,1670.150000,1592.320000,1647.140000,1647.140000,1196300
NFLX,2025-09-11,1648.150000,1658.390000,1630.500000,1640.730000,1640.730000,185614
NFLX,2025-09-12,1627.560000,1636.110000,1566.730000,1575.280000,1575.280000,924539
NFLX,2025-09-15,1564.740000,1643.380000,1547.100000,1625.740000,1625.740000,729664
NFLX,2025-09-16,1629.400000,1688.820000,1599.480000,1658.900000,1658.900000,516758
NFLX,2025-09-17,1647.660000,1713.790000,1613.200000,1679.320000,1679.320000,194169
NFLX,2025-09-18,1675.280000,1701.690000,1627.720000,1654.130000,1654.130000,621639
NFLX,2025-09-19,1664.090000,1695.280000,1661.450000,1692.650000,1692.650000,1327958
NFLX,2025-09-22,1670.990000,1672.790000,1657.540000,1659.340000,1659.340000,561889
NFLX,2025-09-23,1668.560000,1713.530000,1656.510000,1701.480000,1701.480000,443508
NFLX,2025-09-24,1719.970000,1737.600000,1626.310000,1643.940000,1643.940000,589723
NFLX,2025-09-25,1654.320000,1655.790000,1631.600000,1633.080000,1633.080000,686845
NFLX,2025-09-26,1626.930000,1675.930000,1624.850000,1673.860000,1673.860000,1121089
NFLX,2025-09-29,1668.300000,1673.700000,1658.090000,1663.490000,1663.490000,745552
NFLX,2025-09-30,1647.020000,1648.480000,1641.170000,1642.630000,1642.630000,672222
NFLX,2025-10-01,1661,1665.500000,1647.860000,1652.360000,1652.360000,951283
NFLX,2025-10-02,1657.970000,1684.890000,1655.420000,1682.340000,1682.340000,766760
NFLX,2025-10-03,1675.410000,1686.070000,1620.160000,1630.820000,1630.820000,655180
NFLX,2025-10-06,1633.470000,1646.740000,1579.010000,1592.280000,1592.280000,1059847
NFLX,2025-10-07,1614.430000,1754.990000,1566.690000,1707.260000,1707.260000,887101
NFLX,2025-10-08,1692.420000,1693.750000,1691.350000,1692.680000,1692.680000,634901
NFLX,2025-10-09,1705.250000,1736.580000,1686.990000,1718.320000,1718.320000,398733
NFLX,2025-10-10,1716.800000,1729.410000,1603.190000,1615.800000,1615.800000,877343
NFLX,2025-10-13,1601.560000,1610.500000,1591.850000,1600.790000,1600.790000,432308
NFLX,2025-10-14,1591.820000,1644.890000,1590.320000,1643.390000,1643.390000,833394
NFLX,2025-10-15,1670.810000,1678.190000,1583.760000,1591.140000,1591.140000,1070954
NFLX,2025-10-16,1585.870000,1601.310000,1577.880000,1593.320000,1593.320000,598212
NFLX,2025-10-17,1617.230000,1632.200000,1613.250000,1628.220000,1628.220000,977512
NFLX,2025-10-20,1642.560000,1681.490000,1642.480000,1681.410000,1681.410000,716183
NFLX,2025-10-21,1688.800000,1690.060000,1626.470000,1627.740000,1627.740000,752247
NFLX,2025-10-22,1648.600000,1650.330000,1642.990000,1644.730000,1644.730000,628396
NFLX,2025-10-23,1637.360000,1721.470000,1603.430000,1687.540000,1687.540000,1081159
NFLX,2025-10-24,1678.790000,1701.520000,1675.050000,1697.780000,1697.780000,355344
NFLX,2025-10-27,1696.360000,1780.250000,1672.240000,1756.120000,1756.120000,998303
NFLX,2025-10-28,1746.360000,1759,1735.530000,1748.170000,1748.170000,662461
NFLX,2025-10-29,1735.900000,1841.280000,1695.850000,1801.230000,1801.230000,386741
NFLX,2025-10-30,1812.910000,1879.960000,1786.470000,1853.520000,1853.520000,561424
NFLX,2025-10-31,1889.950000,1945.840000,1780.750000,1836.640000,1836.640000,510039
NFLX,2025-11-03,1839.570000,1851.750000,1808.820000,1821,1821,478920
NFLX,2025-11-04,1809.740000,1841.450000,1691.180000,1722.890000,1722.890000,960875
NFLX,2025-11-05,1730.350000,1735.100000,1721.200000,1725.950000,1725.950000,745219
NFLX,2025-11-06,1721.590000,1752.850000,1710.760000,1742.020000,1742.020000,429879
NFLX,2025-11-07,1762.600000,1777.360000,1733.990000,1748.750000,1748.750000,756243
NFLX,2025-11-10,1750.510000,1787.260000,1742.470000,1779.220000,1779.220000,960386
NFLX,2025-11-11,1769.780000,1800.460000,1763.100000,1793.780000,1793.780000,600919
NFLX,2025-11-12,1778.690000,1846.570000,1740.970000,1808.840000,1808.840000,793381
NFLX,2025-11-13,1802.480000,1831,1790.770000,1819.290000,1819.290000,504440
NFLX,2025-11-14,1819.180000,1838.780000,1805.940000,1825.540000,1825.540000,952524
NFLX,2025-11-17,1812.350000,1826.960000,1798.110000,1812.720000,1812.720000,929068
NFLX,2025-11-18,1807.400000,1810.710000,1759.560000,1762.870000,1762.870000,472197
NFLX,2025-11-19,1755.310000,1792.950000,1727.080000,1764.720000,1764.720000,627910
NFLX,2025-11-20,1767.470000,1769.370000,1713.220000,1715.120000,1715.120000,699874
NFLX,2025-11-21,1716.550000,1732.350000,1706.260000,1722.060000,1722.060000,669880
NFLX,2025-11-24,1715.040000,1754.830000,1698.030000,1737.820000,1737.820000,394511
NFLX,2025-11-25,1753.140000,1776.600000,1673.800000,1697.260000,1697.260000,706736
NFLX,2025-11-26,1690.340000,1697.530000,1673.600000,1680.790000,1680.790000,967182
NFLX,2025-11-27,1656.060000,1703.630000,1649.050000,1696.610000,1696.610000,515995
NFLX,2025-11-28,1702.830000,1732.810000,1686.630000,1716.600000,1716.600000,523849
NFLX,2025-12-01,1728.710000,1777.960000,1649.030000,1698.270000,1698.270000,886993
NFLX,2025-12-02,1684.110000,1690.870000,1644.110000,1650.870000,1650.870000,735065
NFLX,2025-12-03,1665.290000,1729.740000,1627.650000,1692.100000,1692.100000,408164
NFLX,2025-12-04,1707.340000,1716.650000,1657.490000,1666.800000,1666.800000,940048
NFLX,2025-12-05,1657.560000,1721.160000,1656.480000,1720.080000,1720.080000,1085223
NFLX,2025-12-08,1704.980000,1788.960000,1673.990000,1757.980000,1757.980000,702623
NFLX,2025-12-09,1767.960000,1768.950000,1746.240000,1747.240000,1747.240000,630154
NFLX,2025-12-10,1750.860000,1763.750000,1707.790000,1720.680000,1720.680000,690290
NFLX,2025-12-11,1713.590000,1723.190000,1709.740000,1719.340000,1719.340000,739686
NFLX,2025-12-12,1722.930000,1726.060000,1674.070000,1677.200000,1677.200000,849012
NFLX,2025-12-15,1683.400000,1702.590000,1655.410000,1674.600000,1674.600000,574289
NFLX,2025-12-16,1678.520000,1745.290000,1647.970000,1714.750000,1714.750000,671074
NFLX,2025-12-17,1711.840000,1752.520000,1705.250000,1745.930000,1745.930000,749542
NFLX,2025-12-18,1726.780000,1751.900000,1707.750000,1732.880000,1732.880000,812209
NFLX,2025-12-19,1743.700000,1774.140000,1732.620000,1763.060000,1763.060000,704023
NFLX,2025-12-22,1760.760000,1824.600000,1751.320000,1815.160000,1815.160000,665384
NFLX,2025-12-23,1805.690000,1859.940000,1798.290000,1852.540000,1852.540000,463959
NFLX,2025-12-24,1858.510000,1888.470000,1841.600000,1871.560000,1871.560000,807002
NFLX,2025-12-25,1868.760000,1931.540000,1853.280000,1916.060000,1916.060000,795310
NFLX,2025-12-26,1935.860000,1947.010000,1871.920000,1883.070000,1883.070000,547881
NFLX,2025-12-29,1873.050000,1915.920000,1871.010000,1913.890000,1913.890000,555808
NFLX,2025-12-30,1918.500000,2009.840000,1871.310000,1962.650000,1962.650000,417579
NFLX,2025-12-31,1958.530000,2001.290000,1908.720000,1951.480000,1951.480000,458826
NFLX,2026-01-02,1942.560000,1949.710000,1890.350000,1897.500000,1897.500000,530438
NFLX,2026-01-05,1886.160000,1933.620000,1883.170000,1930.620000,1930.620000,797143
NFLX,2026-01-06,1926.890000,1937.910000,1859.230000,1870.250000,1870.250000,499045
NFLX,2026-01-07,1865.740000,1899.100000,1799.120000,1832.480000,1832.480000,1056112
NFLX,2026-01-08,1814.470000,1843.270000,1767.690000,1796.490000,1796.490000,592761
NFLX,2026-01-09,1769.940000,1876.840000,1743.420000,1850.320000,1850.320000,614708
NFLX,2026-01-12,1835.040000,1863.080000,1774.720000,1802.760000,1802.760000,659542
NFLX,2026-01-13,1815.500000,1823.970000,1726.170000,1734.640000,1734.640000,571296
NFLX,2026-01-14,1734.760000,1780.330000,1636.330000,1681.900000,1681.900000,707678
NFLX,2026-01-15,1663.530000,1669.420000,1655.360000,1661.250000,1661.250000,804812
NFLX,2026-01-16,1651.650000,1688.740000,1649.780000,1686.870000,1686.870000,987134
NFLX,2026-01-20,1704.050000,1722.950000,1658.040000,1676.940000,1676.940000,588251
NFLX,2026-01-21,1671.460000,1701.310000,1582.410000,1612.260000,1612.260000,713348
NFLX,2026-01-22,1616.010000,1639.050000,1553.420000,1576.460000,1576.460000,779763
NFLX,2026-01-23,1568.250000,1582.570000,1513.790000,1528.110000,1528.110000,645742
NFLX,2026-01-26,1525.560000,1568.120000,1515.560000,1558.130000,1558.130000,402142
NFLX,2026-01-27,1564.900000,1569.610000,1527.230000,1531.940000,1531.940000,675359
NFLX,2026-01-28,1538.570000,1548.240000,1519.330000,1529,1529,791941
NFLX,2026-01-29,1508.760000,1548.670000,1504.040000,1543.950000,1543.950000,777276
NFLX,2026-01-30,1548.200000,1617.100000,1503.230000,1572.130000,1572.130000,384555
NFLX,2026-02-02,1571.090000,1633.250000,1565.330000,1627.490000,1627.490000,795316
NFLX,2026-02-03,1636.370000,1647.380000,1545,1556.020000,1556.020000,693810
NFLX,2026-02-04,1550.070000,1574.410000,1545.310000,1569.650000,1569.650000,796413
NFLX,2026-02-05,1565.350000,1590.810000,1563.820000,1589.280000,1589.280000,727796
NFLX,2026-02-06,1585.120000,1592.040000,1561.890000,1568.810000,1568.810000,681881
NFLX,2026-02-09,1579.390000,1583.350000,1569.200000,1573.160000,1573.160000,325453
NFLX,2026-02-10,1561.190000,1570.410000,1536.190000,1545.410000,1545.410000,864082
NFLX,2026-02-11,1555.040000,1559.580000,1533.310000,1537.850000,1537.850000,602391
NFLX,2026-02-12,1549.150000,1550.780000,1520.580000,1522.210000,1522.210000,682409
NFLX,2026-02-13,1522.480000,1591.780000,1500.240000,1569.540000,1569.540000,863457
NFLX,2026-02-17,1577.640000,1583.080000,1539.430000,1544.870000,1544.870000,620613
NFLX,2026-02-18,1556.200000,1568.800000,1506.840000,1519.440000,1519.440000,1031999
NFLX,2026-02-19,1510.460000,1512.310000,1497.560000,1499.410000,1499.410000,972454
NFLX,2026-02-20,1495.800000,1563.500000,1476.600000,1544.300000,1544.300000,634548
NFLX,2026-02-23,1561.910000,1603.720000,1553.360000,1595.170000,1595.170000,661379
NFLX,2026-02-24,1585.570000,1603.510000,1569.080000,1587.020000,1587.020000,692515
NFLX,2026-02-25,1596.110000,1626.940000,1525.790000,1556.610000,1556.610000,801401
NFLX,2026-02-26,1571.350000,1584.830000,1506.960000,1520.430000,1520.430000,1064052
NFLX,2026-02-27,1512.440000,1513.190000,1483.930000,1484.680000,1484.680000,609777
NFLX,2026-03-02,1469.540000,1492.390000,1450.420000,1473.270000,1473.270000,564354
NFLX,2026-03-03,1474.020000,1474.830000,1462.840000,1463.660000,1463.660000,386753
NFLX,2026-03-04,1457.170000,1489.880000,1437.560000,1470.270000,1470.270000,529445
NFLX,2026-03-05,1476.970000,1491.390000,1413.170000,1427.590000,1427.590000,603324
NFLX,2026-03-06,1416.590000,1436.970000,1360,1380.380000,1380.380000,1108381
NFLX,2026-03-09,1391.510000,1401.860000,1361.650000,1371.990000,1371.990000,540674
NFLX,2026-03-10,1361.160000,1456.810000,1343.530000,1439.170000,1439.170000,1137963
NFLX,2026-03-11,1446.670000,1452.780000,1412.310000,1418.420000,1418.420000,908363
NFLX,2026-03-12,1435.850000,1450.880000,1392.040000,1407.070000,1407.070000,440193
NFLX,2026-03-13,1396.990000,1403.810000,1374.570000,1381.400000,1381.400000,499772
NFLX,2026-03-16,1374.550000,1400.780000,1333.340000,1359.570000,1359.570000,910082
NFLX,2026-03-17,1350.320000,1358.950000,1285.340000,1293.980000,1293.980000,762586
NFLX,2026-03-18,1288.010000,1331.380000,1258.110000,1301.480000,1301.480000,657873
NFLX,2026-03-19,1294.600000,1305.890000,1279.440000,1290.720000,1290.720000,703388
NFLX,2026-03-20,1282.490000,1291.200000,1270.730000,1279.440000,1279.440000,1195925
NFLX,2026-03-23,1276.080000,1319.610000,1255.190000,1298.710000,1298.710000,869860
NFLX,2026-03-24,1298.610000,1302.780000,1279.040000,1283.210000,1283.210000,481118
NFLX,2026-03-25,1278.140000,1337.240000,1245.740000,1304.830000,1304.830000,706043
NFLX,2026-03-26,1311.780000,1320.480000,1275.860000,1284.550000,1284.550000,890776
NFLX,2026-03-27,1281.290000,1323.780000,1275.180000,1317.670000,1317.670000,744755
NFLX,2026-03-30,1313.180000,1343.600000,1309.790000,1340.220000,1340.220000,720298
NFLX,2026-03-31,1328.470000,1364.670000,1324.680000,1360.880000,1360.880000,558856
NFLX,2026-04-01,1371.360000,1376.830000,1342.360000,1347.830000,1347.830000,720679
NFLX,2026-04-02,1354.420000,1364.510000,1318.200000,1328.290000,1328.290000,716169
NFLX,2026-04-06,1320.480000,1321.940000,1299.100000,1300.560000,1300.560000,435843
NFLX,2026-04-07,1300.820000,1301.980000,1295.610000,1296.770000,1296.770000,192839
NFLX,2026-04-08,1296.310000,1307.930000,1294.190000,1305.810000,1305.810000,637942
NFLX,2026-04-09,1325.780000,1344.090000,1228.830000,1247.150000,1247.150000,574076
NFLX,2026-04-10,1249.880000,1269.190000,1244.190000,1263.500000,1263.500000,880579
NFLX,2026-04-13,1264.850000,1285.920000,1223.670000,1244.730000,1244.730000,677094
NFLX,2026-04-14,1246.630000,1252.790000,1236.080000,1242.230000,1242.230000,948112
NFLX,2026-04-15,1234.920000,1252.580000,1195.490000,1213.160000,1213.160000,753701
NFLX,2026-04-16,1200.400000,1234.440000,1196.320000,1230.360000,1230.360000,757088
NFLX,2026-04-17,1239.620000,1239.630000,1193.240000,1193.250000,1193.250000,1023268
NFLX,2026-04-20,1194.100000,1210.030000,1174.810000,1190.740000,1190.740000,779583
NFLX,2026-04-21,1183.220000,1237.030000,1168.200000,1222.010000,1222.010000,577224
NFLX,2026-04-22,1221.740000,1259.970000,1214.950000,1253.180000,1253.180000,710647
NFLX,2026-04-23,1248.100000,1249.060000,1239.960000,1240.920000,1240.920000,571273
NFLX,2026-04-24,1244.900000,1276.950000,1212.350000,1244.400000,1244.400000,762788
NFLX,2026-04-27,1242.820000,1274.700000,1231.420000,1263.310000,1263.310000,753675
NFLX,2026-04-28,1244.330000,1277.470000,1230.620000,1263.760000,1263.760000,871439
NFLX,2026-04-29,1284.870000,1285.050000,1280.500000,1280.690000,1280.690000,927345
NFLX,2026-04-30,1282.360000,1308.440000,1244.580000,1270.660000,1270.660000,817479
NFLX,2026-05-01,1270.570000,1299.050000,1256.930000,1285.410000,1285.410000,552515
NFLX,2026-05-04,1296.540000,1297.280000,1271.130000,1271.870000,1271.870000,494821
NFLX,2026-05-05,1274.460000,1275.030000,1252.380000,1252.960000,1252.960000,1016227
NFLX,2026-05-06,1261.070000,1277.350000,1256.670000,1272.950000,1272.950000,597276
NFLX,2026-05-07,1284.380000,1316.280000,1272.310000,1304.210000,1304.210000,693491
NFLX,2026-05-08,1298.150000,1326.620000,1293.860000,1322.330000,1322.330000,680611
NFLX,2026-05-11,1306.660000,1352.410000,1237.040000,1282.780000,1282.780000,646948
NFLX,2026-05-12,1272,1272.760000,1230.200000,1230.960000,1230.960000,614016
NFLX,2026-05-13,1236.330000,1262.110000,1218.130000,1243.910000,1243.910000,607117
NFLX,2026-05-14,1230.170000,1281.720000,1217.030000,1268.580000,1268.580000,758707
NFLX,2026-05-15,1266.220000,1296.940000,1265.280000,1295.990000,1295.990000,882860
NFLX,2026-05-18,1294.510000,1351.320000,1292.910000,1349.710000,1349.710000,671855
NFLX,2026-05-19,1334.560000,1359.510000,1318.930000,1343.880000,1343.880000,603524
NFLX,2026-05-20,1337.410000,1360.450000,1327.910000,1350.950000,1350.950000,829452
NFLX,2026-05-21,1347.890000,1385.660000,1332.290000,1370.060000,1370.060000,559585
NFLX,2026-05-22,1361.620000,1377.140000,1325.220000,1340.740000,1340.740000,818548
NFLX,2026-05-26,1354.520000,1400.530000,1308.260000,1354.270000,1354.270000,1005038
NFLX,2026-05-27,1354.890000,1392.600000,1339.530000,1377.240000,1377.240000,881899
NFLX,2026-05-28,1384.130000,1391.670000,1350.410000,1357.950000,1357.950000,774551
NFLX,2026-05-29,1359.470000,1362.620000,1332.850000,1336.010000,1336.010000,652894
NFLX,2026-06-01,1337.010000,1377.480000,1333.600000,1374.080000,1374.080000,666361
NFLX,2026-06-02,1390.490000,1394.770000,1382.710000,1386.990000,1386.990000,415333
NFLX,2026-06-03,1371.840000,1437.540000,1369.590000,1435.290000,1435.290000,1019610
NFLX,2026-06-04,1429.030000,1433.590000,1410.730000,1415.290000,1415.290000,769606
NFLX,2026-06-05,1427.820000,1446.220000,1359.570000,1377.980000,1377.980000,704212
NFLX,2026-06-08,1381.740000,1447.100000,1345.180000,1410.540000,1410.540000,404644
NFLX,2026-06-09,1413.760000,1422.650000,1403.180000,1412.070000,1412.070000,378031
NFLX,2026-06-10,1408.920000,1461.900000,1390.180000,1443.160000,1443.160000,1019042
NFLX,2026-06-11,1424.720000,1456.490000,1424.240000,1456.020000,1456.020000,918982
NFLX,2026-06-12,1453.400000,1486.460000,1438.130000,1471.190000,1471.190000,565856
NFLX,2026-06-15,1477.580000,1515.900000,1472.570000,1510.890000,1510.890000,597135
NFLX,2026-06-16,1508.570000,1620.580000,1493.110000,1605.110000,1605.110000,857356
NFLX,2026-06-17,1610.020000,1626.730000,1519.030000,1535.730000,1535.730000,520619
NFLX,2026-06-18,1562.220000,1571.670000,1523.610000,1533.060000,1533.060000,634850
NFLX,2026-06-22,1529.120000,1542.150000,1501.270000,1514.300000,1514.300000,691377
NFLX,2026-06-23,1514.150000,1524.350000,1513.420000,1523.620000,1523.620000,1109381
NFLX,2026-06-24,1534.970000,1565.050000,1523.260000,1553.340000,1553.340000,728951
NFLX,2026-06-25,1545.600000,1546.370000,1532.480000,1533.260000,1533.260000,758015
NFLX,2026-06-26,1537.190000,1551.960000,1509.830000,1524.590000,1524.590000,755550
NFLX,2026-06-29,1518.260000,1563.350000,1499.900000,1544.990000,1544.990000,603535
NFLX,2026-06-30,1557.350000,1584.170000,1556.630000,1583.450000,1583.450000,696240
NFLX,2026-07-01,1597.170000,1600.140000,1516.100000,1519.080000,1519.080000,945896
NFLX,2026-07-02,1514.820000,1544.420000,1484.410000,1514,1514,677320
NFLX,2026-07-06,1513.160000,1514.920000,1447.050000,1448.810000,1448.810000,340778
NFLX,2026-07-07,1432.690000,1445.200000,1386.160000,1398.670000,1398.670000,752112
NFLX,2026-07-08,1415.500000,1423.500000,1415.250000,1423.240000,1423.240000,511682
NFLX,2026-07-09,1423.770000,1446.490000,1366.360000,1389.090000,1389.090000,704680
NFLX,2026-07-10,1384.340000,1395.020000,1381,1391.680000,1391.680000,862144
NFLX,2026-07-13,1392.670000,1421.260000,1377.450000,1406.050000,1406.050000,474225
NFLX,2026-07-14,1404.170000,1494.150000,1388.460000,1478.440000,1478.440000,576845
NFLX,2026-07-15,1474.420000,1556.600000,1449.890000,1532.070000,1532.070000,443512
NFLX,2026-07-16,1530.120000,1553.590000,1520.070000,1543.550000,1543.550000,406195
NFLX,2026-07-17,1544.900000,1587.200000,1531.670000,1573.970000,1573.970000,956503
NFLX,2026-07-20,1573.630000,1604.630000,1550.180000,1581.180000,1581.180000,444408
NFLX,2026-07-21,1597.150000,1626.110000,1502.440000,1531.400000,1531.400000,545258
NFLX,2026-07-22,1526.070000,1535.440000,1484.690000,1494.060000,1494.060000,575702
NFLX,2026-07-23,1495.080000,1504.230000,1415.700000,1424.850000,1424.850000,765640
NFLX,2026-07-24,1421.930000,1440.950000,1392.390000,1411.410000,1411.410000,526518
NFLX,2026-07-27,1408.550000,1462.560000,1374.870000,1428.890000,1428.890000,1006587
NFLX,2026-07-28,1430.120000,1438.520000,1424.490000,1432.880000,1432.880000,386915
NFLX,2026-07-29,1429.770000,1449.070000,1419.570000,1438.870000,1438.870000,686784
NFLX,2026-07-30,1435.600000,1452.130000,1409.770000,1426.300000,1426.300000,567532
NFLX,2026-07-31,1428.710000,1443.210000,1428.470000,1442.970000,1442.970000,535692
NFLX,2026-08-03,1450.560000,1473.520000,1437.720000,1460.680000,1460.680000,233356
NFLX,2026-08-04,1471.470000,1489.580000,1439.180000,1457.290000,1457.290000,907685
NFLX,2026-08-05,1451.770000,1515.580000,1450.510000,1514.320000,1514.320000,349124
NFLX,2026-08-06,1509.210000,1566.190000,1493.870000,1550.860000,1550.860000,668905
NFLX,2026-08-07,1558.810000,1562.900000,1551.380000,1555.480000,1555.480000,670054
NFLX,2026-08-10,1557.910000,1562.390000,1511.710000,1516.190000,1516.190000,876451
NFLX,2026-08-11,1514.140000,1558.860000,1498.110000,1542.830000,1542.830000,807983
NFLX,2026-08-12,1527.690000,1585.050000,1502.020000,1559.380000,1559.380000,801400
NFLX,2026-08-13,1549.600000,1561.430000,1523.130000,1534.960000,1534.960000,688998
NFLX,2026-08-14,1544.280000,1599.540000,1528.440000,1583.700000,1583.700000,817194
NFLX,2026-08-17,1582.130000,1633.070000,1563.880000,1614.810000,1614.810000,489775
NFLX,2026-08-18,1609.630000,1641.420000,1551.760000,1583.540000,1583.540000,593783
NFLX,2026-08-19,1562.880000,1603.640000,1534.070000,1574.830000,1574.830000,808216
NFLX,2026-08-20,1589.310000,1638.640000,1571.610000,1620.940000,1620.940000,724624
NFLX,2026-08-21,1612.880000,1640.380000,1591.420000,1618.920000,1618.920000,635689
NFLX,2026-08-24,1600.480000,1630.690000,1586.100000,1616.310000,1616.310000,775247
