ticker,snapshot_date,close,return_1d,return_1w,return_1m,momentum_1w,momentum_1m,momentum_3m,momentum_6m,volatility_30d,volatility_90d,drawdown,distance_52w_high,distance_52w_low,volume_change,pe_ratio,forward_pe,ev_ebitda,price_to_sales,fcf_yield,revenue_growth_yoy,eps_growth_yoy,ebitda_growth_yoy,gross_margin,operating_margin,net_margin,roe,roa,roic,debt_to_equity,net_debt_ebitda,current_ratio,earnings_surprise,earnings_sentiment,sector_relative_pe,sector_relative_growth,sector_relative_roic,analyst_signal,news_sentiment,sp500_return_1m,nasdaq_return_1m,sector_return_1m,interest_rate,inflation,market_regime,valuation_score,growth_score,quality_score,financial_health_score,momentum_score,earnings_score,baseline_investment_score
AAPL,2025-11-28,254.370000,0.000910,0.006810,-0.153260,0.006810,-0.153260,-0.165700,-0.058240,0.257180,0.268970,-0.214860,-0.214860,0.147000,-0.001600,34.060000,31.600000,24.430000,8.550000,0.029530,0.057800,0.075000,0.063500,0.456900,0.309800,0.231000,1.562900,0.252700,0.575600,1.758500,4.624000,0.837000,-0.024500,0.644000,0.822000,-0.253700,0.038600,3.950000,-0.255000,0.036700,0.017800,-0.042800,3.740000,2.990000,neutral,0.533300,0.111100,0.650000,0,0.383300,0.544400,0.370800
MSFT,2025-11-28,502.770000,0.011060,0.002150,-0.062000,0.002150,-0.062000,-0.142250,-0.087760,0.202000,0.212930,-0.175540,-0.175540,0.200620,-0.095100,35.890000,28,22.420000,11.950000,0.021100,0.138300,0.211900,0.161000,0.685300,0.435300,0.350800,0.343100,0.179900,0.275000,0.319200,0.695000,1.325000,0.062300,0.675000,0.861000,-0.173200,-0.262000,4.280000,0.395000,0.052800,-0.015700,0.044800,3.740000,2.990000,neutral,0.422200,0.716700,0.594400,0.555600,0.511100,0.961100,0.602800
NVDA,2025-11-28,88.210000,0.020950,0.043780,-0.193320,0.043780,-0.193320,-0.383840,-0.477090,0.533130,0.551400,-0.534140,-0.534140,0.051870,0.149100,54.630000,34.230000,44.090000,27.550000,0.017650,0.738400,0.986300,0.826100,0.737900,0.605400,0.536100,0.882300,0.640100,0.760500,0.125300,0.472000,4.043000,-0.050700,0.240000,1.318000,0.426900,0.223500,3.570000,-0.298000,0.026200,0.008300,0.061300,3.740000,2.990000,risk-off,0.155600,1,0.905600,0.922200,0,0.183300,0.568900
META,2025-11-28,806.200000,0.014590,0.036690,-0.172660,0.036690,-0.172660,-0.280940,-0.222150,0.270400,0.304690,-0.309840,-0.309840,0.175100,0.033400,27.300000,22.260000,17.340000,9.440000,0.035730,0.202000,0.266900,0.238200,0.797200,0.412300,0.368000,0.360300,0.226900,0.300200,0.259800,0.423000,2.920000,-0.018600,0.351000,0.852000,0.039800,0.037800,3.710000,-0.361000,0.035100,0.000500,0.031000,3.740000,2.990000,neutral,0.788900,0.888900,0.688900,0.733300,0.161100,0.405600,0.648100
GOOGL,2025-11-28,271.080000,0.000850,0.041090,0.000960,0.041090,0.000960,-0.041880,0.005750,0.282320,0.308080,-0.053620,-0.053620,0.285960,0.207600,23.870000,22.560000,17.430000,6.690000,0.032290,0.136700,0.148600,0.149300,0.566500,0.313300,0.278400,0.292800,0.204700,0.254300,0.089200,0.131000,1.761000,0.055300,0.705000,0.768000,-0.025500,-0.008100,4.440000,0.104000,-0.018200,0.029200,0.001100,3.740000,2.990000,neutral,0.811100,0.455600,0.416700,0.900000,0.788900,0.927800,0.682800
AMZN,2025-11-28,243.430000,-0.005230,0.001520,-0.088890,0.001520,-0.088890,-0.113250,-0.170620,0.251000,0.293240,-0.196570,-0.196570,0.098160,-0.410300,43.910000,33.100000,18.890000,3.610000,0.015750,0.100600,0.125600,0.118200,0.486200,0.105700,0.088300,0.206900,0.084000,0.138200,0.531400,1.064000,1.021000,-0.080100,0.121000,0.530000,0.046100,0.029600,3.750000,-0.189000,0.051600,-0.000800,-0.018100,3.740000,2.990000,neutral,0.466700,0.222200,0.222200,0.266700,0.488900,0,0.295600
TSLA,2025-11-28,670.290000,-0.006930,0.102250,0.047700,0.102250,0.047700,-0.049270,-0.191540,0.515600,0.580420,-0.226140,-0.226140,1.154860,-0.391000,124.190000,93.090000,64.990000,13.040000,0.002910,0.008400,0.010800,0.009800,0.175600,0.071300,0.071500,0.100000,0.059700,0.079000,0.172100,1.584000,1.961000,-0.067700,0.292000,1.470000,-0.046100,-0.029600,3.330000,0.304000,-0.007800,0.025000,0.058900,3.740000,2.990000,risk-off,0.044400,0,0,0.777800,0.555600,0.150000,0.223900
JPM,2025-11-28,268.710000,-0.008850,-0.026170,-0.129910,-0.026170,-0.129910,-0.122290,-0.075260,0.182830,0.189050,-0.140490,-0.140490,0.047810,-0.131500,13.280000,13.140000,11.700000,3.790000,0.045690,0.114600,0.164600,0.135400,0.615600,0.415800,0.325700,0.172000,0.014200,0.111100,1.299200,1.135000,1.121000,-0.003800,0.455000,0.593000,0.003000,-0.159200,3.850000,-0.370000,-0.024900,0.011900,0.063600,3.740000,2.990000,risk-on,0.977800,0.422200,0.311100,0.144400,0.511100,0.655600,0.506100
V,2025-11-28,382.930000,-0.002240,-0.005630,-0.002840,-0.005630,-0.002840,-0.042840,-0.013450,0.156480,0.183630,-0.069470,-0.069470,0.145780,0.228300,30.580000,27.590000,20,14.840000,0.030880,0.108500,0.166300,0.138000,0.800300,0.674000,0.561200,0.516600,0.212100,0.429600,0.523900,1.112000,1.308000,-0.010000,0.395000,1.407000,-0.003000,0.159300,3.730000,-0.373000,0.033300,0.071300,0.010300,3.740000,2.990000,risk-on,0.533300,0.472200,0.866700,0.444400,0.811100,0.461100,0.608900
NFLX,2025-11-28,1716.600000,0.011780,-0.003170,-0.073870,-0.003170,-0.073870,0.044550,0.117220,0.278270,0.368150,-0.073870,-0.073870,0.841110,-0.005700,41.170000,35.060000,29.500000,9.580000,0.018330,0.148000,0.190500,0.172600,0.457200,0.260600,0.215200,0.348700,0.137100,0.232600,0.705400,2.258000,1.197000,0.015600,0.510000,1.380000,-0.014200,-0.029800,3.650000,-0.212000,0.010500,-0.020400,0.025500,3.740000,2.990000,neutral,0.266700,0.711100,0.344400,0.255600,0.788900,0.711100,0.492200
AAPL,2025-12-05,249.880000,0.008720,-0.017650,-0.101570,-0.017650,-0.101570,-0.171600,-0.037550,0.273620,0.270320,-0.228720,-0.228720,0.126750,0.248600,33.360000,30.400000,23.550000,9.520000,0.027470,0.056500,0.073800,0.064400,0.459200,0.306200,0.234700,1.517500,0.247400,0.564600,1.717800,4.619000,0.848000,0.028200,0.512000,0.822000,-0.259400,0.029900,4.480000,0.370000,0.016000,-0.056400,-0.015700,3.770000,3.050000,neutral,0.533300,0.111100,0.672200,0,0.216700,0.600000,0.355800
MSFT,2025-12-05,535.930000,0.026210,0.065950,0.031940,0.065950,0.031940,-0.112070,0.048910,0.235250,0.227460,-0.121170,-0.121170,0.220940,-0.228600,35.700000,28.110000,22.710000,12.410000,0.021400,0.142900,0.170000,0.163800,0.685900,0.428900,0.351500,0.341600,0.178200,0.278900,0.311000,0.693000,1.324000,-0.053700,0.294000,0.861000,-0.173000,-0.255800,3.900000,0.123000,-0.001300,0.064600,-0.006300,3.770000,3.050000,neutral,0.422200,0.650000,0.594400,0.555600,0.650000,0.150000,0.529200
NVDA,2025-12-05,96.850000,0.044540,0.097950,-0.034010,0.097950,-0.034010,-0.275830,-0.330870,0.536280,0.552340,-0.488510,-0.488510,0.154900,0.271100,53.710000,34.130000,40.090000,25.590000,0.017970,0.748300,1.003100,0.839000,0.745100,0.595700,0.536900,0.909000,0.639500,0.760600,0.123200,0.466000,4.050000,-0.008800,0.425000,1.318000,0.432400,0.225900,4.410000,-0.450000,0.028700,-0.027200,0.084600,3.770000,3.050000,risk-off,0.155600,1,0.905600,0.922200,0.083300,0.500000,0.613100
META,2025-12-05,883.940000,0.038210,0.096430,-0.046090,0.096430,-0.046090,-0.227830,-0.084960,0.334760,0.319450,-0.243290,-0.243290,0.262180,-0.049900,27.410000,24.210000,17.520000,8.750000,0.036850,0.206200,0.273700,0.230800,0.801700,0.409300,0.363700,0.363400,0.228800,0.295100,0.265400,0.421000,2.851000,0.056900,0.591000,0.852000,0.046800,0.034500,4.720000,-0.198000,0.056300,-0.053800,0.012700,3.770000,3.050000,neutral,0.788900,0.888900,0.688900,0.733300,0.155600,0.811100,0.687800
GOOGL,2025-12-05,292.340000,0.026730,0.078430,0.115040,0.078430,0.115040,0.099150,0.148770,0.279970,0.308670,0,0,0.386810,-0.099300,24.960000,21.190000,17.130000,6.760000,0.030300,0.125900,0.179100,0.157600,0.575500,0.311100,0.281400,0.292800,0.204000,0.254400,0.084900,0.131000,1.794000,-0.032200,0.275000,0.768000,-0.033500,-0.006200,3.350000,-0.331000,0.026900,0.019600,-0.014300,3.770000,3.050000,neutral,0.811100,0.572200,0.416700,0.900000,0.861100,0.238900,0.648100
AMZN,2025-12-05,267.010000,0.020880,0.096870,0.011440,0.096870,0.011440,-0.013630,0.036530,0.280340,0.304360,-0.118750,-0.118750,0.204540,-0.163500,43.910000,31.480000,19.910000,3.400000,0.014910,0.099900,0.128900,0.118000,0.477900,0.107400,0.089600,0.206300,0.086700,0.135300,0.526400,1.062000,1.046000,-0.019700,0.373000,0.530000,0.045500,0.028700,3.490000,0.053000,-0.002700,0.003800,0.021300,3.770000,3.050000,neutral,0.466700,0.222200,0.222200,0.305600,0.600000,0.333300,0.351400
TSLA,2025-12-05,725.480000,0.055310,0.082340,0.207400,0.082340,0.207400,-0.027190,-0.009290,0.533290,0.574030,-0.162430,-0.162430,1.332280,0.021200,124.810000,94.240000,70.800000,13.620000,0.002630,0.008900,0.010400,0.010000,0.175000,0.071800,0.070500,0.099900,0.059900,0.077900,0.175800,1.584000,1.964000,-0.092500,0.171000,1.470000,-0.045500,-0.028700,3.650000,-0.418000,0.033700,0.020100,0.052600,3.770000,3.050000,risk-off,0.044400,0,0,0.777800,0.611100,0,0.217200
JPM,2025-12-05,271.500000,0.011400,0.010380,-0.073350,0.010380,-0.073350,-0.122890,-0.030700,0.236610,0.205130,-0.131560,-0.131560,0.058690,0.058800,12.340000,13.030000,10.830000,3.870000,0.052650,0.114500,0.155400,0.138000,0.607500,0.411400,0.328500,0.174300,0.014000,0.111300,1.332800,1.132000,1.101000,0.036300,0.639000,0.593000,0.004500,-0.162900,3.910000,0.327000,0.030900,0.090000,0.040200,3.770000,3.050000,neutral,0.977800,0.427800,0.311100,0.144400,0.344400,0.816700,0.498300
V,2025-12-05,399.240000,0.025220,0.042590,0.018080,0.042590,0.018080,-0.029840,0.080430,0.166000,0.193190,-0.029840,-0.029840,0.194580,0.058200,27.930000,26.830000,20.390000,16.970000,0.031460,0.105500,0.153800,0.134300,0.806100,0.678500,0.554100,0.530700,0.208900,0.437100,0.527800,1.109000,1.305000,0.022600,0.606000,1.407000,-0.004500,0.162900,4.150000,0.341000,0.037200,-0.043300,-0.055000,3.770000,3.050000,risk-on,0.533300,0.366700,0.866700,0.405600,0.705600,0.550000,0.575000
NFLX,2025-12-05,1720.080000,0.031970,0.002030,-0.012590,0.002030,-0.012590,0.071780,0.220860,0.271430,0.380960,-0.071990,-0.071990,0.844850,0.031100,46.330000,36.040000,31.700000,9.850000,0.018390,0.146000,0.198400,0.173600,0.449700,0.259400,0.216400,0.349600,0.138800,0.232400,0.697200,2.252000,1.185000,0.106800,0.862000,1.380000,-0.013400,-0.028200,4.980000,-0.086000,0.032500,-0.004100,0.007200,3.770000,3.050000,neutral,0.266700,0.761100,0.322200,0.255600,0.772200,1,0.524200
AAPL,2025-12-12,239.050000,-0.029990,-0.043340,-0.150890,-0.043340,-0.150890,-0.239740,-0.034690,0.275200,0.264080,-0.262150,-0.262150,0.077920,0.060400,32.690000,30.040000,23.860000,9.220000,0.028760,0.056100,0.075900,0.069600,0.457800,0.310700,0.234900,1.484900,0.248300,0.560100,1.759300,4.614000,0.852000,0.147200,1,0.822000,-0.257400,0.029400,4.480000,-0.172000,0.019900,0.042400,-0.038400,3.890000,3.080000,neutral,0.533300,0.111100,0.672200,0,0.177800,1,0.390000
MSFT,2025-12-12,522.120000,-0.010590,-0.025770,0.024170,-0.025770,0.024170,-0.122720,0.060640,0.253720,0.226440,-0.143810,-0.143810,0.177250,0.218700,36.730000,29.580000,22.460000,11.490000,0.019310,0.141000,0.189400,0.166000,0.687100,0.440400,0.347700,0.339700,0.177500,0.268400,0.318300,0.691000,1.330000,-0.051500,0.279000,0.861000,-0.172500,-0.262300,3.180000,-0.053000,-0.031500,0.013600,-0.052300,3.890000,3.080000,neutral,0.422200,0.688900,0.594400,0.555600,0.616700,0.111100,0.528100
NVDA,2025-12-12,89.560000,-0.032720,-0.075270,-0.100710,-0.075270,-0.100710,-0.329590,-0.327830,0.601090,0.545440,-0.527010,-0.527010,0.067970,-0.090500,50.920000,35.190000,42.960000,24.810000,0.017500,0.743400,0.875400,0.846800,0.737900,0.608200,0.542500,0.872300,0.628900,0.763600,0.121600,0.459000,4.058000,0.055900,0.719000,1.318000,0.429900,0.232900,4.340000,-0.159000,-0.003300,0.051000,-0.015500,3.890000,3.080000,risk-off,0.155600,1,0.905600,0.922200,0.027800,0.777800,0.632500
META,2025-12-12,866.080000,-0.016180,-0.020200,-0.024410,-0.020200,-0.024410,-0.211880,-0.097310,0.351320,0.327860,-0.258580,-0.258580,0.236670,-0.291800,28.180000,25.530000,16.830000,9.350000,0.033650,0.208700,0.283400,0.235400,0.797000,0.412700,0.362800,0.359800,0.225200,0.296500,0.260100,0.419000,2.880000,0.096400,0.871000,0.852000,0.046400,0.032100,4.730000,0.339000,-0.043400,0.002200,0.040700,3.890000,3.080000,neutral,0.788900,0.888900,0.688900,0.733300,0.250000,0.888900,0.709700
GOOGL,2025-12-12,283.400000,-0.005330,-0.030580,0.077320,-0.030580,0.077320,0.025590,0.177590,0.253160,0.297410,-0.033720,-0.033720,0.344400,0.062000,23.930000,20.970000,17.050000,6.450000,0.031830,0.126800,0.164900,0.151900,0.569300,0.313100,0.281200,0.303700,0.201300,0.261500,0.087500,0.130000,1.785000,-0.001400,0.522000,0.768000,-0.035500,-0.002900,3.870000,-0.069000,0.050700,-0.031600,-0.004800,3.890000,3.080000,neutral,0.811100,0.588900,0.416700,0.900000,0.911100,0.222200,0.657200
AMZN,2025-12-12,258.460000,0.001820,-0.032020,-0.006230,-0.032020,-0.006230,-0.095090,0.024820,0.290210,0.284510,-0.146970,-0.146970,0.165970,-0.042500,42.580000,30.940000,19,3.560000,0.016260,0.100800,0.125300,0.128200,0.482000,0.106400,0.087600,0.201000,0.084800,0.138800,0.524500,1.060000,1.033000,0.018200,0.586000,0.530000,0.046100,0.030200,4.340000,0.213000,0.038300,0.049800,0.020600,3.890000,3.080000,neutral,0.466700,0.222200,0.222200,0.305600,0.494400,0.538900,0.356100
TSLA,2025-12-12,681.280000,-0.064420,-0.060930,0.105060,-0.060930,0.105060,-0.027420,0.038430,0.579780,0.598560,-0.213460,-0.213460,1.190190,0.342300,124.440000,93.010000,75.570000,12.700000,0.002760,0.008500,0.011000,0.009600,0.173200,0.069800,0.070300,0.099400,0.059900,0.078400,0.172600,1.584000,1.984000,0.036500,0.561000,1.470000,-0.046200,-0.030200,3.820000,0.017000,-0.052700,0.088800,0.017700,3.890000,3.080000,risk-off,0.044400,0,0,0.777800,0.638900,0.450000,0.266400
JPM,2025-12-12,264.840000,0.001250,-0.024530,-0.087800,-0.024530,-0.087800,-0.128870,-0.006420,0.208710,0.201290,-0.152860,-0.152860,0.021840,-0.094000,12.700000,14.090000,11.520000,4.040000,0.049600,0.113900,0.153700,0.132800,0.609100,0.412700,0.317900,0.174800,0.013800,0.112500,1.351500,1.130000,1.131000,-0.093100,0.147000,0.593000,0.001500,-0.159200,4.060000,-0.490000,0.086200,-0.060200,-0.011600,3.890000,3.080000,neutral,0.977800,0.411100,0.311100,0.144400,0.388900,0,0.420000
V,2025-12-12,404.020000,-0.009270,0.011970,0.017380,0.011970,0.017380,0.007410,0.123060,0.170380,0.191130,-0.018230,-0.018230,0.208880,-0.023300,30.310000,26.180000,21.460000,16.060000,0.028570,0.111000,0.155100,0.131400,0.804200,0.672600,0.559700,0.526900,0.214000,0.430900,0.535700,1.107000,1.325000,0.015000,0.582000,1.407000,-0.001400,0.159200,3.620000,-0.657000,-0.044300,0.012200,0.011100,3.890000,3.080000,risk-on,0.533300,0.366700,0.866700,0.405600,0.783300,0.372200,0.568900
NFLX,2025-12-12,1677.200000,-0.024510,-0.024930,-0.078100,-0.024930,-0.078100,0.011030,0.316250,0.284430,0.368420,-0.095130,-0.095130,0.798860,-0.033600,41.460000,35.580000,28.830000,9.180000,0.017300,0.151500,0.195500,0.161400,0.452700,0.258200,0.218400,0.348900,0.139200,0.235300,0.689700,2.245000,1.148000,0.046600,0.633000,1.380000,-0.010800,-0.029100,4.420000,0.040000,0.016700,0.025700,-0.000100,3.890000,3.080000,neutral,0.266700,0.722200,0.322200,0.255600,0.711100,0.638900,0.471100
AAPL,2025-12-19,246.760000,0.013430,0.032250,-0.018960,0.032250,-0.018960,-0.234850,-0.015010,0.265210,0.276390,-0.238350,-0.238350,0.112680,0.034400,34.280000,30.500000,23.990000,8.340000,0.029960,0.058500,0.069300,0.063100,0.454300,0.309200,0.229600,1.502700,0.251400,0.565000,1.797000,4.608000,0.840000,0.031400,0.617000,0.822000,-0.250900,0.036200,3.910000,0.057000,0.036200,0.047200,-0.036100,3.900000,3.090000,neutral,0.533300,0.111100,0.672200,0,0.161100,0.588900,0.346400
MSFT,2025-12-19,516.620000,0.011160,-0.010530,0.036120,-0.010530,0.036120,-0.130500,0.021570,0.251310,0.230090,-0.152830,-0.152830,0.135130,0.073100,34.520000,27.480000,20.390000,11.770000,0.019440,0.146500,0.181300,0.175000,0.686300,0.436700,0.345400,0.340800,0.178700,0.273800,0.320300,0.689000,1.319000,0.123000,1,0.861000,-0.162900,-0.255000,4.130000,0.365000,-0.011100,-0.041900,-0.018500,3.900000,3.090000,neutral,0.422200,0.744400,0.594400,0.555600,0.411100,0.961100,0.593300
NVDA,2025-12-19,90.750000,-0.017540,0.013290,0.082160,0.013290,0.082160,-0.319360,-0.320380,0.435040,0.531730,-0.520730,-0.520730,0.082160,-0.292300,52.470000,32.970000,45.100000,27.770000,0.019790,0.723200,0.836400,0.830400,0.740200,0.615700,0.530800,0.869500,0.634800,0.747600,0.126300,0.453000,4.111000,0.031800,0.674000,1.318000,0.413800,0.218800,4.360000,-0.400000,0.045400,0.001300,-0.011600,3.900000,3.090000,risk-off,0.155600,1,0.905600,0.922200,0.183300,0.777800,0.655800
META,2025-12-19,865.700000,-0.008900,-0.000440,0.077410,-0.000440,0.077410,-0.162100,-0.072700,0.330790,0.333370,-0.258910,-0.258910,0.236130,-0.138300,27.050000,22.650000,17.490000,9.080000,0.036520,0.199700,0.244700,0.238100,0.801800,0.414400,0.363900,0.359400,0.224800,0.294100,0.264000,0.418000,2.868000,-0.096400,0.151000,0.852000,0.043500,0.033200,4.020000,0.161000,0.033900,-0.009300,0.013100,3.900000,3.090000,neutral,0.788900,0.888900,0.711100,0.733300,0.277800,0,0.629400
GOOGL,2025-12-19,292.340000,0.007440,0.031550,0.138000,0.031550,0.138000,0.036150,0.241620,0.253110,0.295930,-0.009450,-0.009450,0.368570,-0.054300,24.680000,21.210000,17.260000,6.880000,0.033310,0.130400,0.164700,0.146500,0.577400,0.312900,0.274600,0.298300,0.200800,0.255000,0.089700,0.130000,1.771000,0.020100,0.643000,0.768000,-0.025800,-0.005900,4.110000,-0.094000,-0.042100,-0.119600,0.013700,3.900000,3.090000,neutral,0.811100,0.538900,0.416700,0.900000,0.761100,0.527800,0.655300
AMZN,2025-12-19,252.170000,-0.006340,-0.024340,0.032930,-0.024340,0.032930,-0.110980,0.061010,0.237510,0.262860,-0.167730,-0.167730,0.137590,0.126700,42.430000,29.470000,18.910000,3.800000,0.016600,0.103200,0.132800,0.122300,0.476600,0.104800,0.088300,0.198800,0.084500,0.136700,0.511400,1.057000,1.007000,0.008000,0.603000,0.530000,0.047200,0.028300,3.630000,-0.164000,0.068500,-0.017700,-0.005800,3.900000,3.090000,neutral,0.466700,0.222200,0.222200,0.305600,0.511100,0.350000,0.339700
TSLA,2025-12-19,719.900000,-0.026250,0.056690,0.250760,0.056690,0.250760,0.075940,0.076820,0.584050,0.586680,-0.168870,-0.168870,1.314340,-0.123300,121.240000,88.890000,71.470000,13.060000,0.003060,0.008800,0.010300,0.010000,0.173700,0.070700,0.070500,0.102500,0.059300,0.080000,0.169800,1.584000,1.962000,0.093900,1,1.470000,-0.047200,-0.028300,4.430000,0.110000,0.019200,0.019700,-0.040200,3.900000,3.090000,risk-off,0.044400,0,0,0.777800,0.766700,0.927800,0.333300
JPM,2025-12-19,276.520000,0.008680,0.044100,-0.005790,0.044100,-0.005790,-0.084340,0.042800,0.239510,0.208310,-0.115500,-0.115500,0.066900,-0.024200,12.840000,14.300000,11.240000,3.900000,0.047990,0.110000,0.144300,0.132000,0.607900,0.410600,0.328200,0.170900,0.014000,0.112100,1.333600,1.128000,1.118000,-0.003700,0.399000,0.593000,0.001300,-0.161600,3.440000,0.193000,-0.001300,0.040800,-0.028100,3.900000,3.090000,neutral,0.977800,0.372200,0.288900,0.144400,0.450000,0.305600,0.447500
V,2025-12-19,419.020000,0.002800,0.037130,0.092960,0.037130,0.092960,0.058720,0.169470,0.184880,0.198780,-0.007860,-0.007860,0.253760,-0.093900,30.020000,27.320000,22.630000,16.350000,0.030730,0.107400,0.146300,0.140200,0.812400,0.681200,0.573400,0.535900,0.213200,0.435400,0.527500,1.105000,1.301000,0.003300,0.648000,1.407000,-0.001300,0.161700,3.890000,-0.083000,0.065900,0.089300,0.022200,3.900000,3.090000,risk-on,0.533300,0.422200,0.866700,0.405600,0.850000,0.394400,0.592200
NFLX,2025-12-19,1763.060000,0.017420,0.051190,0.027950,0.051190,0.027950,0.036190,0.272810,0.281510,0.364500,-0.048800,-0.048800,0.890940,-0.037000,44.660000,36.390000,29.800000,9.920000,0.016590,0.138400,0.195500,0.174100,0.453600,0.260700,0.214800,0.349400,0.138200,0.233500,0.702300,2.240000,1.187000,-0.038900,0.384000,1.380000,-0.017800,-0.027400,3.770000,-0.145000,-0.007700,-0.039000,0.025600,3.900000,3.090000,neutral,0.266700,0.700000,0.322200,0.255600,0.627800,0.166700,0.406900
AAPL,2025-12-26,250.490000,-0.011050,0.015120,-0.014360,0.015120,-0.014360,-0.209390,-0.025250,0.271000,0.272670,-0.226830,-0.226830,0.129500,-0.059500,34.210000,28.950000,25.310000,8.930000,0.028610,0.058800,0.074900,0.067300,0.449300,0.307800,0.237600,1.528500,0.247900,0.569400,1.843000,4.603000,0.827000,0.108900,0.902000,0.822000,-0.246900,0.032700,4.340000,-0.308000,-0.029700,0.036300,0.030100,4.060000,3.110000,neutral,0.533300,0.111100,0.650000,0,0.177800,1,0.385600
MSFT,2025-12-26,532.800000,-0.024850,0.031320,0.071450,0.031320,0.071450,-0.094680,0.047580,0.258770,0.226740,-0.126300,-0.126300,0.170530,0.221600,36.020000,30.430000,22.430000,12.560000,0.019850,0.139400,0.161500,0.166500,0.679400,0.436200,0.351200,0.335200,0.177400,0.274100,0.322000,0.688000,1.291000,0.005400,0.466000,0.861000,-0.166300,-0.262600,3.350000,-0.172000,0.005800,-0.032400,0.012400,4.060000,3.110000,neutral,0.422200,0.655600,0.594400,0.522200,0.594400,0.500000,0.551900
NVDA,2025-12-26,97.640000,-0.027880,0.075920,0.130090,0.075920,0.130090,-0.304610,-0.315100,0.506930,0.546640,-0.484340,-0.484340,0.164320,0.087800,51.790000,34.110000,48.690000,25.260000,0.019330,0.718800,0.945300,0.772300,0.741200,0.603000,0.538000,0.901300,0.608200,0.766500,0.125100,0.448000,4.058000,0.007100,0.583000,1.318000,0.413100,0.229800,4.130000,-0.105000,-0.005800,0.040100,0.028600,4.060000,3.110000,risk-off,0.155600,1,0.905600,0.922200,0.266700,0.538900,0.644400
META,2025-12-26,835.750000,-0.027900,-0.034600,0.051770,-0.034600,0.051770,-0.201810,-0.162090,0.350730,0.324900,-0.284550,-0.284550,0.193370,0.377600,27.300000,24.740000,17.340000,9.010000,0.034950,0.193300,0.222300,0.240100,0.802800,0.410100,0.367900,0.355400,0.228800,0.288800,0.254900,0.417000,2.861000,0.050500,0.632000,0.852000,0.034500,0.029400,4.130000,-0.047000,0.033200,-0.034900,0.035900,4.060000,3.110000,neutral,0.788900,0.888900,0.711100,0.733300,0.250000,0.888900,0.714200
GOOGL,2025-12-26,283.400000,-0.035890,-0.030580,0.046340,-0.030580,0.046340,0.013160,0.115840,0.283020,0.297610,-0.056910,-0.056910,0.326720,-0.018300,24.400000,20.610000,17.920000,6.710000,0.032020,0.128100,0.155300,0.151700,0.572600,0.312300,0.282700,0.302100,0.205700,0.254700,0.087300,0.130000,1.778000,0.011900,0.479000,0.768000,-0.030700,-0.004700,4.320000,0.156000,-0.001500,-0.007300,0.089000,4.060000,3.110000,neutral,0.811100,0.522200,0.416700,0.900000,0.550000,0.600000,0.627500
AMZN,2025-12-26,254.190000,-0.027510,0.008010,0.038740,0.008010,0.038740,-0.055860,0.016480,0.264980,0.272860,-0.161060,-0.161060,0.146700,0.117600,42.830000,33.110000,20.150000,3.650000,0.016650,0.095400,0.128800,0.122800,0.482800,0.104800,0.089200,0.197100,0.084700,0.135100,0.518200,1.056000,1.033000,-0.079700,0.055000,0.530000,0.043600,0.028400,3.530000,-0.102000,-0.039500,0.012100,-0.043300,4.060000,3.110000,neutral,0.466700,0.222200,0.222200,0.305600,0.461100,0,0.297200
TSLA,2025-12-26,727.650000,-0.029080,0.010770,0.078050,0.010770,0.078050,0.028390,0.147530,0.571530,0.570710,-0.159920,-0.159920,1.339260,0.015400,123.610000,85.630000,63.690000,12.520000,0.002720,0.008300,0.010200,0.010000,0.174000,0.072100,0.070200,0.101400,0.059800,0.078300,0.178700,1.583000,1.947000,-0.012300,0.392000,1.470000,-0.043500,-0.028400,4.260000,-0.010000,-0.018800,0.052000,0.047800,4.060000,3.110000,risk-off,0.044400,0,0,0.777800,0.688900,0.183300,0.247200
JPM,2025-12-26,269.050000,-0.028450,-0.027010,-0.007600,-0.027010,-0.007600,-0.097750,-0.009790,0.260020,0.214830,-0.139400,-0.139400,0.038080,0.274000,14.490000,14.190000,11.590000,3.960000,0.047770,0.110700,0.142100,0.135600,0.605600,0.406900,0.325800,0.166800,0.013800,0.110800,1.285300,1.125000,1.099000,-0.019200,0.452000,0.593000,0.001100,-0.166300,4.070000,-0.277000,0.034700,0.037600,0.013200,4.060000,3.110000,neutral,0.977800,0.372200,0.288900,0.144400,0.344400,0.150000,0.416100
V,2025-12-26,408.250000,-0.007730,-0.025700,0.063730,-0.025700,0.063730,0.046980,0.128110,0.190490,0.198650,-0.033360,-0.033360,0.221540,-0.203600,32.550000,27.350000,21.290000,17.010000,0.030410,0.108400,0.161600,0.135700,0.807900,0.688100,0.561700,0.533800,0.210500,0.443400,0.540500,1.102000,1.310000,-0.006900,0.457000,1.407000,-0.001200,0.166300,3.760000,-0.298000,0.001200,0.081200,-0.001300,4.060000,3.110000,risk-on,0.533300,0.472200,0.866700,0.438900,0.794400,0.361100,0.595600
NFLX,2025-12-26,1883.070000,-0.017220,0.068070,0.109900,0.068070,0.109900,0.146380,0.336060,0.300980,0.364010,-0.017220,-0.017220,1.019660,0.332100,46.270000,34.720000,31.020000,10.190000,0.018630,0.155100,0.165100,0.160300,0.451600,0.261500,0.211800,0.343600,0.136300,0.234600,0.706400,2.232000,1.193000,0.023400,0.600000,1.380000,-0.003700,-0.024800,4.350000,-0.136000,0.053200,-0.013700,0.092200,4.060000,3.110000,neutral,0.266700,0.755600,0.344400,0.255600,0.872200,0.777800,0.520300
AAPL,2026-01-02,242.630000,-0.030760,-0.042090,-0.038860,-0.042090,-0.038860,-0.190610,-0.064220,0.278020,0.272420,-0.251100,-0.251100,0.094060,-0.058700,33.420000,29.740000,25.750000,9.250000,0.028180,0.056000,0.078200,0.066400,0.453800,0.308800,0.232000,1.495500,0.238800,0.567700,1.807300,4.599000,0.852000,-0.035100,0.465000,0.822000,-0.246300,0.035100,4.310000,-0.231000,0.032400,-0.031000,0.084100,4.070000,3.030000,neutral,0.533300,0.111100,0.672200,0,0.138900,0.261100,0.310300
MSFT,2026-01-02,556.100000,0.011750,0.017790,0.060490,0.017790,0.060490,-0.025220,0.066820,0.252260,0.229750,-0.088090,-0.088090,0.221710,-0.064400,35.880000,27.350000,21.460000,12.680000,0.020180,0.143300,0.177800,0.156500,0.684900,0.440600,0.349400,0.341400,0.176400,0.270400,0.316300,0.686000,1.296000,0.150800,1,0.861000,-0.159000,-0.262200,4.560000,0.551000,0.017300,0.065400,-0.013400,4.070000,3.030000,neutral,0.422200,0.661100,0.594400,0.522200,0.616700,1,0.606400
NVDA,2026-01-02,102.450000,-0.004470,0.020010,0.093730,0.020010,0.093730,-0.179220,-0.305800,0.501990,0.526800,-0.458940,-0.458940,0.221680,0.057800,56.710000,32.050000,43.230000,26.590000,0.017630,0.707600,0.860400,0.774600,0.738000,0.610700,0.547500,0.876500,0.632300,0.759800,0.123600,0.442000,4.085000,0.004700,0.700000,1.318000,0.405300,0.227200,4.200000,0.596000,-0.008400,-0.070700,-0.037700,4.070000,3.030000,risk-off,0.155600,1,0.905600,0.922200,0.277800,0.427800,0.635000
META,2026-01-02,834.510000,-0.008510,-0.029350,-0.020860,-0.029350,-0.020860,-0.158680,-0.141990,0.338830,0.318840,-0.285610,-0.285610,0.191600,0.312600,26.510000,24.630000,17.080000,9.420000,0.035000,0.206100,0.264700,0.240800,0.794500,0.412500,0.360500,0.363100,0.231200,0.289500,0.257400,0.415000,2.900000,0.016400,0.592000,0.852000,0.045200,0.024800,4.080000,0.249000,-0.001100,-0.009200,0.056600,4.070000,3.030000,neutral,0.788900,0.888900,0.711100,0.733300,0.194400,0.461100,0.663100
GOOGL,2026-01-02,274.060000,-0.022330,-0.067660,-0.032790,-0.067660,-0.032790,0.067750,0.084060,0.295340,0.291990,-0.087990,-0.087990,0.248340,-0.030500,22.950000,20.920000,17.140000,6.780000,0.029270,0.131700,0.161500,0.156900,0.578000,0.311800,0.286800,0.302800,0.205700,0.263000,0.087300,0.129000,1.824000,-0.061000,0.336000,0.768000,-0.029200,-0.001700,3.990000,0.194000,0.050600,0.008800,0.002700,4.070000,3.030000,neutral,0.811100,0.594400,0.416700,0.900000,0.522200,0,0.577800
AMZN,2026-01-02,262.290000,0.017220,0.003480,0.008850,0.003480,0.008850,0.000950,0.015450,0.230160,0.266450,-0.134330,-0.134330,0.183250,-0.097900,43.830000,31.990000,19.780000,3.510000,0.016680,0.101500,0.117800,0.113500,0.488200,0.104900,0.089500,0.200800,0.084000,0.136900,0.506300,1.053000,1.026000,0.042800,0.772000,0.530000,0.046500,0.029300,4.130000,-0.042000,0.018500,0.056100,0.081900,4.070000,3.030000,neutral,0.466700,0.238900,0.222200,0.305600,0.577800,0.705600,0.388600
TSLA,2026-01-02,707.690000,-0.057120,-0.055710,-0.009030,-0.055710,-0.009030,0.107340,0.022950,0.668990,0.592590,-0.182970,-0.182970,1.275090,-0.090500,106.800000,97.360000,73.400000,13.620000,0.002880,0.008600,0.009700,0.009100,0.174100,0.069200,0.070300,0.099900,0.058900,0.078400,0.170900,1.583000,1.967000,0.112200,0.903000,1.470000,-0.046500,-0.029200,4.920000,0.162000,0.032900,0.030500,0.064700,4.070000,3.030000,risk-off,0.044400,0,0,0.777800,0.561100,0.888900,0.298600
JPM,2026-01-02,269.130000,-0.001260,-0.028170,-0.015510,-0.028170,-0.015510,-0.084500,-0.039640,0.234370,0.213190,-0.139140,-0.139140,0.038390,-0.043500,12.430000,13.310000,11.260000,3.480000,0.046300,0.102200,0.149600,0.125300,0.609500,0.410200,0.317500,0.169200,0.013800,0.112600,1.320700,1.124000,1.110000,-0.025400,0.343000,0.593000,-0.004900,-0.163300,3.570000,-0.213000,-0.049900,0.008700,0.054000,4.070000,3.030000,neutral,0.977800,0.316700,0.288900,0.144400,0.400000,0.238900,0.422200
V,2026-01-02,405.480000,-0.004660,-0.014460,0.039750,-0.014460,0.039750,0.074060,0.103950,0.187400,0.188580,-0.039920,-0.039920,0.213250,-0.168800,28.370000,26.440000,20.820000,16.400000,0.030630,0.112000,0.158400,0.132000,0.808900,0.676400,0.572000,0.543100,0.212200,0.439200,0.526900,1.100000,1.340000,0.071600,0.771000,1.407000,0.004900,0.163300,4.480000,0.283000,0.023300,-0.012400,0.015000,4.070000,3.030000,risk-on,0.533300,0.444400,0.866700,0.438900,0.811100,0.738900,0.630300
NFLX,2026-01-02,1897.500000,-0.027660,-0.009690,0.121390,-0.009690,0.121390,0.191690,0.338420,0.299860,0.361920,-0.033190,-0.033190,1.035140,0.141400,44.190000,33.280000,28.820000,9.730000,0.019140,0.144900,0.187000,0.162200,0.451500,0.258400,0.213800,0.353500,0.138700,0.241600,0.697300,2.227000,1.190000,-0.015500,0.507000,1.380000,-0.016000,-0.023100,3.120000,-0.169000,0.015000,-0.043000,-0.000300,4.070000,3.030000,neutral,0.266700,0.744400,0.322200,0.255600,0.900000,0.277800,0.467800
AAPL,2026-01-09,223.840000,-0.000090,-0.077440,-0.085320,-0.077440,-0.085320,-0.263510,-0.158840,0.306850,0.266760,-0.309090,-0.309090,0.009330,-0.155400,36.520000,29.290000,21.960000,8.600000,0.029200,0.055200,0.071900,0.063900,0.451000,0.305200,0.235000,1.494400,0.246500,0.559400,1.787500,4.594000,0.850000,-0.103200,0.084000,0.822000,-0.259800,0.025900,3.550000,-0.434000,-0.012600,-0.046100,0,4.070000,3.060000,neutral,0.533300,0.111100,0.650000,0,0.288900,0.072200,0.309400
MSFT,2026-01-09,509.590000,-0.024760,-0.083640,-0.042750,-0.083640,-0.042750,-0.088780,-0.029020,0.285490,0.248680,-0.164360,-0.164360,0.119540,-0.101400,35.630000,29.960000,24.470000,12.560000,0.022220,0.136500,0.164500,0.170100,0.683000,0.431400,0.352300,0.342600,0.178700,0.275500,0.314700,0.684000,1.293000,0.065000,0.725000,0.861000,-0.178500,-0.258000,4.310000,0.443000,0.007200,-0.084100,0.011100,4.070000,3.060000,neutral,0.422200,0.655600,0.594400,0.522200,0.622200,0.555600,0.561700
NVDA,2026-01-09,89.220000,-0.011300,-0.129140,-0.091820,-0.129140,-0.091820,-0.287320,-0.400560,0.593930,0.535830,-0.528810,-0.528810,0.063920,0.067200,55.350000,32.670000,40.880000,24.480000,0.019050,0.753400,0.926700,0.833400,0.735800,0.610700,0.545900,0.866900,0.628300,0.765500,0.126600,0.435000,3.985000,-0.123200,0.103000,1.318000,0.438400,0.232000,3.610000,-0.521000,0.000400,0.052800,0.030400,4.070000,3.060000,risk-off,0.155600,1,0.905600,0.922200,0.100000,0.038900,0.569400
META,2026-01-09,792.330000,0.002570,-0.050540,-0.100290,-0.050540,-0.100290,-0.149300,-0.162940,0.363410,0.328200,-0.321720,-0.321720,0.131370,-0.189500,28.380000,22.740000,17.620000,8.930000,0.036260,0.212100,0.247300,0.216600,0.805700,0.410700,0.358200,0.360500,0.224900,0.291100,0.256200,0.413000,2.831000,0.058500,0.894000,0.852000,0.053000,0.029800,4.740000,0.116000,0.064100,0.091400,-0.040000,4.070000,3.060000,risk-off,0.788900,0.888900,0.711100,0.733300,0.211100,0.544400,0.673900
GOOGL,2026-01-09,252.110000,-0.007480,-0.080090,-0.124770,-0.080090,-0.124770,-0.026980,-0.025100,0.366840,0.319330,-0.161030,-0.161030,0.135940,0.187800,24.140000,22.180000,18.890000,7,0.034590,0.125400,0.176400,0.147600,0.575800,0.319700,0.278900,0.300800,0.203100,0.256900,0.088500,0.129000,1.787000,0.029000,0.707000,0.768000,-0.033700,-0.004400,3.650000,0.474000,0.019200,-0.020800,0.011700,4.070000,3.060000,risk-off,0.811100,0.588900,0.416700,0.900000,0.527800,0.372200,0.614700
AMZN,2026-01-09,244.180000,0.003410,-0.069050,-0.071380,-0.069050,-0.071380,-0.063040,-0.055690,0.296180,0.273160,-0.194100,-0.194100,0.101550,-0.045100,41.710000,33.160000,20.130000,3.650000,0.015590,0.106700,0.128600,0.115300,0.479800,0.105800,0.088900,0.196800,0.083400,0.136900,0.516700,1.051000,1.016000,0.018900,0.497000,0.530000,0.049200,0.028600,3.880000,-0.097000,0.063600,-0.073500,0.060400,4.070000,3.060000,neutral,0.466700,0.222200,0.222200,0.305600,0.588900,0.277800,0.344200
TSLA,2026-01-09,607.550000,0.046060,-0.141500,-0.142740,-0.141500,-0.142740,-0.036030,-0.067070,0.712330,0.596610,-0.298580,-0.298580,0.953160,-0.163000,116.530000,91.210000,62.720000,13.090000,0.002880,0.008400,0.010800,0.010100,0.176600,0.070600,0.070700,0.101400,0.059500,0.079600,0.171300,1.583000,1.932000,0.088900,0.839000,1.470000,-0.049200,-0.028600,4.680000,0.421000,0.043700,0.113900,-0.035300,4.070000,3.060000,risk-off,0.044400,0,0,0.777800,0.344400,0.766700,0.253900
JPM,2026-01-09,256.210000,0.008260,-0.048010,-0.039510,-0.048010,-0.039510,-0.143540,-0.119980,0.303850,0.245260,-0.180470,-0.180470,0.008260,0.063100,13.090000,13.980000,11.860000,3.670000,0.048650,0.107100,0.138600,0.120300,0.601000,0.407600,0.321600,0.166300,0.013700,0.109800,1.288000,1.121000,1.098000,0.067400,0.693000,0.593000,-0.001400,-0.159300,4.010000,0.191000,-0.058100,-0.003900,0.072000,4.070000,3.060000,neutral,0.977800,0.333300,0.288900,0.144400,0.494400,0.577800,0.473600
V,2026-01-09,399.210000,0.008900,-0.015460,-0.013220,-0.015460,-0.013220,0.091390,0.085490,0.191850,0.178550,-0.054770,-0.054770,0.194490,0.057100,29.410000,27.890000,21.220000,16.240000,0.030160,0.109900,0.158300,0.127500,0.817600,0.680000,0.554300,0.528600,0.214700,0.428400,0.540900,1.098000,1.338000,0.120900,0.852000,1.407000,0.001400,0.159300,4.720000,0.069000,-0.015000,-0.013100,0.036200,4.070000,3.060000,risk-on,0.533300,0.444400,0.866700,0.438900,0.905600,0.922200,0.662800
NFLX,2026-01-09,1850.320000,0.029960,-0.024860,0.075340,-0.024860,0.075340,0.155880,0.310410,0.327950,0.327200,-0.057230,-0.057230,0.984530,-0.081300,43.230000,32.530000,29.990000,9.570000,0.018330,0.139800,0.191700,0.164300,0.453100,0.257300,0.215600,0.354600,0.135900,0.235900,0.682300,2.222000,1.175000,0.108500,0.931000,1.380000,-0.019300,-0.025400,3.780000,0.511000,0.031200,-0.058300,0.054200,4.070000,3.060000,neutral,0.266700,0.755600,0.344400,0.255600,0.916700,0.872200,0.536400
AAPL,2026-01-16,221.240000,0.006370,-0.011620,-0.113830,-0.011620,-0.113830,-0.228270,-0.190810,0.268950,0.267770,-0.317120,-0.317120,0.006370,-0.061000,35.050000,29.670000,22.930000,9.030000,0.029140,0.056200,0.064100,0.064900,0.459000,0.303800,0.227700,1.546200,0.244600,0.568100,1.816400,4.589000,0.834000,-0.038100,0.506000,0.822000,-0.257600,0.039300,3.880000,-0.413000,0.029400,0.005900,0.044600,4.130000,3.060000,neutral,0.533300,0.111100,0.672200,0,0.338900,0.266700,0.340800
MSFT,2026-01-16,489.360000,-0.016700,-0.039700,-0.051850,-0.039700,-0.051850,-0.103600,-0.117840,0.287070,0.244860,-0.197530,-0.197530,0.075090,0.058000,34.420000,31.570000,22.230000,12.930000,0.020330,0.145300,0.185100,0.162100,0.681800,0.435200,0.346600,0.334500,0.180600,0.272300,0.316700,0.682000,1.316000,0.091500,0.915000,0.861000,-0.168500,-0.256500,4.990000,0.113000,0.038600,-0.012800,0.006100,4.130000,3.060000,neutral,0.422200,0.722200,0.594400,0.522200,0.655600,0.872200,0.611700
NVDA,2026-01-16,82.940000,-0.009790,-0.070390,-0.111420,-0.070390,-0.111420,-0.306000,-0.471750,0.561150,0.528460,-0.561980,-0.561980,0,0.093900,54.830000,32.750000,43.020000,26.010000,0.020000,0.740000,0.943800,0.876300,0.734400,0.608000,0.546700,0.892200,0.628800,0.745900,0.124600,0.430000,3.952000,-0.013400,0.456000,1.318000,0.426200,0.217100,4.020000,-0.093000,0.009000,-0.038800,0.024600,4.130000,3.060000,risk-off,0.155600,1,0.905600,0.922200,0.127800,0.222200,0.591900
META,2026-01-16,772.110000,-0.002450,-0.025520,-0.143460,-0.025520,-0.143460,-0.174350,-0.235770,0.362050,0.332950,-0.339030,-0.339030,0.102490,-0.231900,27.270000,23.690000,17.820000,9.110000,0.034080,0.196000,0.267800,0.225700,0.804900,0.400600,0.367800,0.361300,0.227000,0.291700,0.258700,0.412000,2.849000,-0.000900,0.360000,0.852000,0.037900,0.028600,3.660000,0.372000,-0.013500,-0.020200,0.027100,4.130000,3.060000,risk-off,0.788900,0.888900,0.688900,0.733300,0.183300,0.411100,0.651900
GOOGL,2026-01-16,249.610000,0.006940,-0.009920,-0.140050,-0.009920,-0.140050,-0.051890,-0.046020,0.351490,0.321060,-0.169350,-0.169350,0.107460,-0.096500,23,20.750000,19.020000,6.470000,0.032220,0.137100,0.182100,0.156800,0.570300,0.313300,0.284400,0.301400,0.205300,0.261500,0.088600,0.129000,1.826000,-0.099200,0.051000,0.768000,-0.021000,-0.001600,3.410000,-0.440000,-0.042900,0.042100,0.007500,4.130000,3.060000,neutral,0.811100,0.555600,0.416700,0.900000,0.550000,0,0.574200
AMZN,2026-01-16,235.160000,-0.004280,-0.036940,-0.078530,-0.036940,-0.078530,-0.116500,-0.113870,0.323130,0.282030,-0.223870,-0.223870,0.060860,-0.028000,44.210000,30.470000,18.980000,3.760000,0.017310,0.101900,0.133400,0.114700,0.479000,0.105000,0.090200,0.199400,0.084300,0.134300,0.523300,1.049000,1.036000,0.094200,0.896000,0.530000,0.046700,0.027400,4.480000,0.470000,0.008700,0.111100,0.054000,4.130000,3.060000,neutral,0.466700,0.222200,0.222200,0.305600,0.572200,0.961100,0.410000
TSLA,2026-01-16,572.900000,0.015040,-0.057030,-0.191340,-0.057030,-0.191340,-0.021400,-0.221230,0.687050,0.605210,-0.338580,-0.338580,0.841770,0.198300,120.380000,89.300000,80.460000,13.420000,0.002920,0.008500,0.010700,0.009700,0.174600,0.070700,0.071700,0.101100,0.059700,0.079600,0.173500,1.583000,1.938000,0.070500,0.701000,1.470000,-0.046700,-0.027300,4.710000,0.298000,0.039000,0.088400,0.057900,4.130000,3.060000,risk-off,0.044400,0,0,0.777800,0.327800,0.805600,0.255300
JPM,2026-01-16,251.890000,-0.004070,-0.016860,-0.095900,-0.016860,-0.095900,-0.168240,-0.159250,0.278410,0.240090,-0.194290,-0.194290,0,-0.104800,12.700000,13.620000,10.980000,3.960000,0.052710,0.109300,0.141300,0.126100,0.607000,0.401900,0.318600,0.166900,0.013900,0.110100,1.282300,1.118000,1.121000,0.017100,0.463000,0.593000,0.002400,-0.162600,3.610000,-0.379000,-0.048600,0.062900,-0.021700,4.130000,3.060000,neutral,0.977800,0.394400,0.311100,0.144400,0.483300,0.477800,0.478600
V,2026-01-16,391.350000,0.009880,-0.019690,-0.073380,-0.019690,-0.073380,0.068880,0.044940,0.153170,0.180680,-0.073380,-0.073380,0.170970,-0.305400,29.700000,27.650000,21.860000,17.250000,0.028720,0.104600,0.148000,0.125900,0.811300,0.675600,0.561000,0.537900,0.212300,0.435300,0.529700,1.096000,1.344000,-0.006100,0.491000,1.407000,-0.002300,0.162600,4.450000,0.163000,0.006600,0.025500,-0.002700,4.130000,3.060000,risk-on,0.533300,0.383300,0.866700,0.438900,0.916700,0.372200,0.597200
NFLX,2026-01-16,1686.870000,0.015420,-0.088340,-0.033830,-0.088340,-0.033830,0.003250,0.142080,0.367650,0.330880,-0.140510,-0.140510,0.809230,0.168000,45.970000,34.540000,29.340000,9.900000,0.018170,0.141100,0.199700,0.167700,0.450800,0.257500,0.214000,0.344200,0.137500,0.236100,0.699900,2.216000,1.198000,0.020000,0.567000,1.380000,-0.017000,-0.027000,4.680000,0.339000,0.031900,0.000200,0.050900,4.130000,3.060000,risk-off,0.266700,0.722200,0.322200,0.255600,0.844400,0.611100,0.488300
AAPL,2026-01-23,223.410000,0.003370,0.016240,-0.102450,0.016240,-0.102450,-0.230360,-0.192210,0.253020,0.261670,-0.310420,-0.310420,0.016240,-0.185200,35.550000,30.080000,24.200000,8.540000,0.027980,0.055300,0.072200,0.058800,0.453200,0.304700,0.236000,1.542100,0.245400,0.568600,1.788600,4.585000,0.835000,0.089800,0.803000,0.822000,-0.246300,0.035900,3.640000,-0.246000,0.045200,0.015500,0.055100,4.140000,3,neutral,0.533300,0.111100,0.672200,0,0.394400,0.888900,0.411400
MSFT,2026-01-23,488.430000,-0.003220,-0.018570,-0.082230,-0.018570,-0.082230,-0.087010,-0.148630,0.267840,0.241190,-0.199060,-0.199060,0.073050,0.039100,37.920000,28.510000,23.930000,12.100000,0.019400,0.145000,0.172100,0.158600,0.681700,0.430300,0.356900,0.337700,0.179300,0.269000,0.309000,0.680000,1.277000,-0.047400,0.372000,0.861000,-0.156600,-0.263700,3.870000,-0.014000,-0.006400,-0.034900,0.005600,4.140000,3,neutral,0.422200,0.611100,0.594400,0.522200,0.683300,0,0.506400
NVDA,2026-01-23,76.380000,-0.056450,-0.088110,-0.221960,-0.088110,-0.221960,-0.323650,-0.504440,0.506950,0.520780,-0.596620,-0.596620,0,0.170000,55.490000,36.630000,44.730000,28.610000,0.019380,0.704500,0.892100,0.820000,0.735400,0.615100,0.535200,0.868400,0.639600,0.760500,0.126600,0.426000,3.913000,0.030400,0.511000,1.318000,0.402900,0.227800,4.180000,0.217000,0.006700,-0.012300,-0.055300,4.140000,3,risk-off,0.155600,1,0.905600,0.922200,0.016700,0.366700,0.589700
META,2026-01-23,769.220000,-0.033420,-0.006190,-0.119600,-0.006190,-0.119600,-0.202910,-0.266280,0.391050,0.333970,-0.341500,-0.341500,0.098370,0.466400,27.050000,22.880000,17.630000,8.910000,0.034760,0.204100,0.262700,0.232400,0.791000,0.408700,0.363700,0.356600,0.228900,0.297500,0.249800,0.410000,2.860000,0.007300,0.734000,0.852000,0.041500,0.033400,4.010000,-0.097000,-0.038500,0.004600,-0.015700,4.140000,3,risk-off,0.788900,0.888900,0.711100,0.733300,0.250000,0.577800,0.683100
GOOGL,2026-01-23,253.400000,0.004400,0.022230,-0.156740,0.022230,-0.156740,-0.048870,-0.060230,0.338580,0.302050,-0.156740,-0.156740,0.124270,0.063900,22.990000,20.940000,17.880000,6.700000,0.033550,0.133700,0.177200,0.163600,0.588400,0.315100,0.277500,0.308600,0.206900,0.261800,0.087500,0.128000,1.838000,-0.011100,0.496000,0.768000,-0.028900,-0.002300,4.160000,-0.035000,0.009300,0.090700,0.045200,4.140000,3,neutral,0.811100,0.633300,0.416700,0.900000,0.616700,0.222200,0.621900
AMZN,2026-01-23,237.590000,-0.004530,0.006010,-0.074700,0.006010,-0.074700,-0.099180,-0.078040,0.336170,0.282550,-0.215850,-0.215850,0.071820,-0.076400,47.140000,31.380000,19.070000,3.760000,0.016510,0.104700,0.127000,0.117600,0.480100,0.103800,0.089800,0.198100,0.083800,0.136600,0.515700,1.047000,1.011000,-0.007400,0.481000,0.530000,0.048400,0.029800,3.990000,0.395000,0.030400,0.015300,-0.007000,4.140000,3,neutral,0.466700,0.222200,0.222200,0.305600,0.694400,0.311100,0.363300
TSLA,2026-01-23,623.230000,-0.016710,0.104220,-0.182810,0.104220,-0.182810,0.034650,-0.176960,0.695810,0.622240,-0.280480,-0.280480,1.003570,-0.052900,121.010000,94.600000,70.990000,14.340000,0.002890,0.007900,0.010900,0.009400,0.174700,0.071500,0.070600,0.099100,0.060000,0.077100,0.174200,1.583000,1.918000,0.034700,0.691000,1.470000,-0.048400,-0.029700,3.260000,0.319000,0.002600,-0.014900,0.126300,4.140000,3,risk-off,0.044400,0,0,0.777800,0.488900,0.544400,0.253300
JPM,2026-01-23,248.860000,-0.008960,-0.016050,-0.105910,-0.016050,-0.105910,-0.197870,-0.177570,0.279080,0.238920,-0.203980,-0.203980,0.008510,0.078900,12.840000,14.190000,11.230000,3.680000,0.047820,0.107200,0.145700,0.123800,0.607000,0.403900,0.313400,0.166100,0.013600,0.111400,1.279600,1.116000,1.110000,0.148400,1,0.593000,0.000600,-0.158900,5,0.801000,0.033800,-0.028600,0.067400,4.140000,3,neutral,0.977800,0.372200,0.288900,0.144400,0.438900,1,0.515300
V,2026-01-23,382.440000,-0.012420,-0.013110,-0.081670,-0.013110,-0.081670,0.025830,0.005650,0.152170,0.175470,-0.094470,-0.094470,0.144310,-0.156600,29.720000,25.620000,20.530000,16.460000,0.031510,0.105900,0.146700,0.126500,0.809600,0.677600,0.563800,0.523400,0.209200,0.429200,0.534400,1.094000,1.344000,0.040800,0.774000,1.407000,-0.000700,0.158900,4.080000,0.259000,-0.049300,0.088500,-0.030300,4.140000,3,risk-on,0.533300,0.405600,0.866700,0.438900,0.905600,0.777800,0.640600
NFLX,2026-01-23,1528.110000,-0.030670,-0.080140,-0.175130,-0.080140,-0.175130,-0.099940,0.010190,0.362990,0.337110,-0.221400,-0.221400,0.638950,-0.027300,43.040000,33.620000,32.960000,10.320000,0.017060,0.149900,0.192700,0.159300,0.452400,0.258600,0.214500,0.348400,0.137900,0.232900,0.690800,2.207000,1.158000,-0.014700,0.519000,1.380000,-0.012700,-0.031200,4.140000,0.372000,0.005200,0.019600,0.044000,4.140000,3,risk-off,0.266700,0.755600,0.322200,0.255600,0.511100,0.311100,0.415000
AAPL,2026-01-30,222.160000,-0.002160,-0.005600,-0.128550,-0.005600,-0.128550,-0.248770,-0.156470,0.232340,0.256640,-0.314280,-0.314280,0.010550,0.092800,32.950000,29.720000,25.010000,9.220000,0.028700,0.055600,0.075900,0.065000,0.456400,0.306100,0.234300,1.563200,0.248300,0.560400,1.839800,4.580000,0.843000,-0.011300,0.409000,0.822000,-0.258100,0.029300,3.380000,0.044000,0.055400,-0.000700,0.055600,4.230000,3.010000,neutral,0.533300,0.111100,0.672200,0,0.377800,0.055600,0.325600
MSFT,2026-01-30,479.880000,-0.011530,-0.017510,-0.136470,-0.017510,-0.136470,-0.085210,-0.125010,0.213150,0.237620,-0.213080,-0.213080,0.054260,-0.396100,34.860000,30.290000,24.390000,13.110000,0.021140,0.138000,0.184400,0.165600,0.684500,0.431000,0.347000,0.333400,0.179600,0.270000,0.319300,0.679000,1.288000,0.060500,0.726000,0.861000,-0.175700,-0.261100,3.970000,0.036000,0.030400,0.036900,0.003100,4.230000,3.010000,neutral,0.422200,0.644400,0.594400,0.522200,0.655600,0.750000,0.583900
NVDA,2026-01-30,77.420000,-0.003860,0.013620,-0.252050,0.013620,-0.252050,-0.255000,-0.440650,0.487330,0.518070,-0.591130,-0.591130,0.041570,0.196000,50.030000,34,44.580000,25.450000,0.019680,0.747600,0.835500,0.782100,0.742500,0.603600,0.530100,0.897500,0.624300,0.762800,0.126000,0.418000,4.033000,0.096500,0.957000,1.318000,0.433900,0.231700,4.310000,0.243000,-0.002400,0.087200,-0.002800,4.230000,3.010000,risk-off,0.155600,1,0.905600,0.922200,0.016700,1,0.653100
META,2026-01-30,771.980000,0.015240,0.003590,-0.100430,0.003590,-0.100430,-0.195490,-0.221650,0.400970,0.348280,-0.339140,-0.339140,0.102310,-0.001600,27.420000,23.640000,17.960000,8.740000,0.036480,0.203200,0.269800,0.216100,0.807200,0.409700,0.362900,0.360600,0.224500,0.294700,0.257500,0.408000,2.858000,0.014700,0.590000,0.852000,0.039800,0.032200,3.790000,0.364000,-0.000500,0.022500,0.029300,4.230000,3.010000,risk-off,0.788900,0.888900,0.711100,0.733300,0.400000,0.522200,0.700000
GOOGL,2026-01-30,240.600000,-0.021040,-0.050510,-0.168620,-0.050510,-0.168620,-0.090320,-0.061180,0.324540,0.305080,-0.199330,-0.199330,0.067480,-0.068500,25.650000,21.390000,18.180000,6.350000,0.033530,0.138000,0.179600,0.157000,0.579400,0.316400,0.282700,0.302800,0.208500,0.262300,0.091600,0.128000,1.830000,0.015200,0.634000,0.768000,-0.025400,-0.000200,3.780000,0.469000,-0.001100,0.043800,0.008100,4.230000,3.010000,neutral,0.811100,0.661100,0.416700,0.900000,0.538900,0.661100,0.659700
AMZN,2026-01-30,220.260000,0.010970,-0.072940,-0.153990,-0.072940,-0.153990,-0.172860,-0.093210,0.330800,0.292550,-0.273050,-0.273050,0.010970,0.058300,45.600000,33.010000,19.020000,3.570000,0.015240,0.099200,0.133900,0.113900,0.480000,0.105000,0.088000,0.203800,0.085500,0.136300,0.514600,1.046000,1.034000,-0.000300,0.580000,0.530000,0.045500,0.028500,3.810000,-0.343000,-0.007200,-0.010400,-0.018000,4.230000,3.010000,neutral,0.466700,0.222200,0.222200,0.305600,0.444400,0.433300,0.338100
TSLA,2026-01-30,674.150000,-0.027940,0.081700,-0.142700,0.081700,-0.142700,0.090980,0.031600,0.702780,0.610870,-0.221690,-0.221690,1.167270,0.190500,122.700000,99.610000,71.490000,12.860000,0.002770,0.008200,0.009600,0.009000,0.177000,0.070900,0.070200,0.099100,0.059800,0.079200,0.171700,1.582000,1.953000,0.008500,0.508000,1.470000,-0.045500,-0.028600,3.850000,-0.058000,0.021300,0.008100,-0.022600,4.230000,3.010000,risk-off,0.044400,0,0,0.777800,0.655600,0.277800,0.251700
JPM,2026-01-30,243.360000,-0.007910,-0.022100,-0.117010,-0.022100,-0.117010,-0.204600,-0.150160,0.274880,0.246930,-0.221570,-0.221570,0.007830,-0.003300,12.800000,14.320000,11.930000,3.770000,0.050400,0.102600,0.148600,0.127000,0.604100,0.403800,0.315700,0.165800,0.013400,0.110200,1.260300,1.115000,1.085000,0.027500,0.578000,0.593000,-0.002000,-0.163200,4.360000,0.065000,0.013300,0.008500,-0.019200,4.230000,3.010000,neutral,0.977800,0.333300,0.288900,0.144400,0.455600,0.644400,0.474400
V,2026-01-30,395.230000,0.003840,0.033440,-0.041940,0.033440,-0.041940,0.029160,0.077190,0.175950,0.175890,-0.064190,-0.064190,0.182580,0.232900,30.110000,27.020000,23.460000,16.810000,0.030820,0.106600,0.149900,0.138900,0.810700,0.678400,0.560300,0.518100,0.211000,0.436700,0.520300,1.091000,1.342000,0.049500,0.507000,1.407000,0.002000,0.163300,3.520000,-0.075000,0.033600,-0.009900,0.033700,4.230000,3.010000,risk-on,0.533300,0.444400,0.866700,0.438900,0.961100,0.388900,0.617800
NFLX,2026-01-30,1572.130000,0.018250,0.028810,-0.198980,0.028810,-0.198980,-0.144020,0.048640,0.338900,0.324360,-0.198980,-0.198980,0.686170,-0.116200,47.910000,34.220000,30,10.430000,0.019810,0.149100,0.172200,0.174400,0.454800,0.259200,0.214300,0.345300,0.137100,0.230600,0.687600,2.201000,1.171000,0.008100,0.451000,1.380000,-0.014300,-0.031900,3.370000,0.527000,-0.002600,0.014500,0.070800,4.230000,3.010000,neutral,0.266700,0.694400,0.322200,0.255600,0.494400,0.266700,0.395800
AAPL,2026-02-06,221.660000,0.012610,-0.002250,-0.052780,-0.002250,-0.052780,-0.222350,-0.190140,0.203450,0.245090,-0.315820,-0.315820,0.012610,-0.129500,35.480000,30.070000,26.260000,8.780000,0.029900,0.058600,0.074700,0.065100,0.457700,0.310100,0.230800,1.525600,0.248400,0.563800,1.767800,4.572000,0.827000,-0.016600,0.394000,0.822000,-0.251600,0.030000,3.850000,0.029000,-0.038000,-0.047000,0.068800,4.310000,2.970000,neutral,0.533300,0.111100,0.672200,0,0.422200,0.138900,0.340600
MSFT,2026-02-06,473.040000,0.002820,-0.014250,-0.135980,-0.014250,-0.135980,-0.092660,-0.187980,0.216490,0.236050,-0.224300,-0.224300,0.039240,0.083300,34.770000,28.190000,21.940000,12.360000,0.018700,0.140000,0.173300,0.165700,0.687200,0.439400,0.349500,0.344400,0.177400,0.270700,0.319400,0.677000,1.328000,-0.070100,0.300000,0.861000,-0.170200,-0.263100,3.170000,-0.584000,0.039900,-0.005000,0.083700,4.310000,2.970000,neutral,0.422200,0.577800,0.594400,0.555600,0.516700,0,0.479700
NVDA,2026-02-06,79.740000,0.005930,0.029970,-0.197790,0.029970,-0.197790,-0.190950,-0.435950,0.480050,0.512840,-0.578880,-0.578880,0.072780,0.269900,59.340000,32.800000,44.110000,25.890000,0.021740,0.732100,0.933800,0.827100,0.737400,0.603200,0.548600,0.883000,0.639200,0.766900,0.121300,0.414000,4.041000,0.031500,0.631000,1.318000,0.421900,0.233100,4.640000,-0.042000,-0.024300,-0.025800,0.006500,4.310000,2.970000,risk-off,0.155600,1,0.905600,0.922200,0.094400,0.438900,0.608600
META,2026-02-06,693.970000,-0.008020,-0.101050,-0.168630,-0.101050,-0.168630,-0.257510,-0.285410,0.410350,0.362730,-0.405920,-0.405920,0,0.028600,29.370000,23.790000,17.010000,9.200000,0.040320,0.197400,0.281400,0.223900,0.801900,0.413900,0.366900,0.365000,0.228100,0.291100,0.264900,0.407000,2.873000,0.042600,0.610000,0.852000,0.035200,0.030400,4.200000,-0.207000,-0.033100,-0.046900,0.047400,4.310000,2.970000,risk-off,0.788900,0.888900,0.711100,0.733300,0.088900,0.572200,0.658300
GOOGL,2026-02-06,247.580000,0.021240,0.029010,-0.092520,0.029010,-0.092520,-0.069390,-0.048060,0.336280,0.303230,-0.176110,-0.176110,0.098450,-0.055300,25.250000,22.440000,16.340000,6.680000,0.032120,0.145700,0.186900,0.164800,0.578900,0.325400,0.285700,0.311200,0.204800,0.260600,0.089100,0.127000,1.826000,0.095600,0.988000,0.768000,-0.016500,-0.000100,4.920000,-0.136000,-0.028900,-0.022400,0.007700,4.310000,2.970000,neutral,0.811100,0.700000,0.416700,0.900000,0.633300,1,0.715600
AMZN,2026-02-06,232.770000,0.012970,0.056800,-0.098180,0.056800,-0.098180,-0.113050,-0.037070,0.353790,0.287550,-0.231760,-0.231760,0.068390,-0.123600,43.890000,31.850000,20.190000,3.510000,0.017710,0.103100,0.125400,0.117700,0.481200,0.102600,0.090000,0.200400,0.082900,0.136500,0.518000,1.043000,1.016000,0.082100,0.801000,0.530000,0.047200,0.030000,4.710000,0.191000,0.010900,0.021900,0.003900,4.310000,2.970000,neutral,0.466700,0.244400,0.222200,0.305600,0.500000,0.794400,0.386900
TSLA,2026-02-06,747.270000,0.031370,0.108460,0.183660,0.108460,0.183660,0.200760,0.123210,0.631350,0.610140,-0.137270,-0.137270,1.402330,0.095200,118.450000,90.010000,67.180000,13.030000,0.002950,0.008800,0.009900,0.009600,0.174700,0.071000,0.071400,0.101300,0.059800,0.076500,0.172600,1.582000,1.959000,0.016700,0.596000,1.470000,-0.047100,-0.030000,4.060000,0.335000,0.001600,0.055300,0.023200,4.310000,2.970000,risk-off,0.044400,0,0,0.777800,0.850000,0.233300,0.276400
JPM,2026-02-06,250.190000,0.003850,0.028070,-0.069720,0.028070,-0.069720,-0.163440,-0.117180,0.268650,0.243910,-0.199720,-0.199720,0.036110,-0.231600,13.050000,14.040000,11.410000,3.800000,0.051210,0.105600,0.138700,0.115900,0.601300,0.401900,0.317200,0.163300,0.013600,0.109200,1.275800,1.112000,1.082000,0.063900,0.853000,0.593000,-0.000700,-0.158900,4.040000,-0.390000,-0.037500,0.091700,0.061000,4.310000,2.970000,neutral,0.977800,0.311100,0.288900,0.144400,0.494400,0.844400,0.495800
V,2026-02-06,393.250000,0.000230,-0.005010,-0.026920,-0.005010,-0.026920,-0.011690,0.074390,0.160340,0.165300,-0.068880,-0.068880,0.176660,-0.018100,31.360000,27.600000,21.680000,16.590000,0.027640,0.107000,0.151600,0.128900,0.815400,0.685100,0.564500,0.527100,0.215300,0.427000,0.530500,1.089000,1.307000,0.046000,0.687000,1.407000,0.000700,0.158900,4.240000,-0.077000,0.026700,0.026500,0.016400,4.310000,2.970000,risk-on,0.533300,0.444400,0.866700,0.405600,0.905600,0.583300,0.623900
NFLX,2026-02-06,1568.810000,-0.012880,-0.002110,-0.143890,-0.002110,-0.143890,-0.102900,-0.007850,0.378640,0.327880,-0.200670,-0.200670,0.682600,-0.038900,42.540000,35.070000,32.410000,9.510000,0.017020,0.143500,0.192300,0.173100,0.456500,0.260800,0.211400,0.352100,0.134100,0.230400,0.683800,2.198000,1.205000,0.042300,0.593000,1.380000,-0.018700,-0.030300,3.560000,-0.066000,-0.012400,0.024800,0.039500,4.310000,2.970000,risk-off,0.266700,0.722200,0.322200,0.255600,0.494400,0.394400,0.414200
AAPL,2026-02-13,218.320000,0.025840,-0.015070,-0.015820,-0.015070,-0.015820,-0.213150,-0.243230,0.184690,0.257490,-0.326130,-0.326130,0.025840,0.096300,34.290000,29.930000,24.030000,9.310000,0.027000,0.056900,0.071400,0.067900,0.458400,0.306000,0.230200,1.517200,0.249800,0.565900,1.806900,4.569000,0.832000,-0.043100,0.313000,0.822000,-0.238500,0.033600,3.610000,-0.325000,0.000800,0.039400,-0.064300,4.320000,2.920000,risk-on,0.533300,0.111100,0.672200,0,0.311100,0,0.310000
MSFT,2026-02-13,478.970000,0.008190,0.012540,-0.034240,0.012540,-0.034240,-0.071170,-0.157590,0.153710,0.234470,-0.214570,-0.214570,0.052270,-0.177500,34.130000,28.870000,22.750000,13.070000,0.021270,0.141300,0.184700,0.155600,0.676200,0.438400,0.350300,0.339100,0.179800,0.275400,0.314400,0.675000,1.300000,0.021800,0.420000,0.861000,-0.154100,-0.256900,3.940000,-0.059000,0.052900,-0.040100,-0.034200,4.320000,2.920000,risk-on,0.422200,0.611100,0.594400,0.522200,0.572200,0.494400,0.539200
NVDA,2026-02-13,79.230000,0.006220,-0.006400,-0.086900,-0.006400,-0.086900,-0.194570,-0.465960,0.350860,0.507640,-0.581570,-0.581570,0.065920,0.118400,55.870000,33.080000,41.780000,26.570000,0.021070,0.687900,0.906600,0.829800,0.745100,0.602200,0.541800,0.888600,0.631700,0.755700,0.125200,0.412000,3.990000,0.071000,0.847000,1.318000,0.392500,0.223400,4.330000,-0.316000,0.023700,0.055500,0.030300,4.320000,2.920000,neutral,0.155600,1,0.905600,0.922200,0.138900,0.888900,0.660300
META,2026-02-13,696.830000,0.024270,0.004120,-0.092300,0.004120,-0.092300,-0.197750,-0.304840,0.374800,0.366060,-0.403470,-0.403470,0.033730,-0.155200,27.240000,23.230000,16.460000,8.900000,0.037450,0.200700,0.231100,0.232100,0.808300,0.405400,0.369600,0.358500,0.221600,0.294300,0.254400,0.406000,2.893000,0.009700,0.484000,0.852000,0.038800,0.028700,3.480000,0.119000,0.032100,0.015700,-0.050500,4.320000,2.920000,risk-off,0.788900,0.888900,0.733300,0.733300,0.083300,0.577800,0.662500
GOOGL,2026-02-13,245.290000,0.014640,-0.009250,-0.005390,-0.009250,-0.005390,-0.073330,-0.095040,0.234570,0.295960,-0.183730,-0.183730,0.088290,0.031400,23.420000,23.120000,16.310000,6.490000,0.032150,0.137700,0.185100,0.163500,0.580400,0.322400,0.288100,0.304500,0.210300,0.267100,0.092100,0.127000,1.862000,0.020500,0.473000,0.768000,-0.024200,0.001500,4.130000,0.396000,-0.019900,-0.002800,-0.066300,4.320000,2.920000,neutral,0.811100,0.644400,0.416700,0.900000,0.650000,0.666700,0.673600
AMZN,2026-02-13,232.390000,0.003970,-0.001630,-0.005480,-0.001630,-0.005480,-0.099860,-0.010350,0.279860,0.294680,-0.233010,-0.233010,0.066650,0.011800,41.700000,33.070000,18.650000,3.560000,0.015720,0.100500,0.133000,0.114600,0.486000,0.105000,0.090200,0.203000,0.084400,0.138200,0.513900,1.042000,1.034000,-0.038800,0.395000,0.530000,0.046300,0.030000,3.360000,0.375000,0.036500,0.029900,0.042900,4.320000,2.920000,neutral,0.466700,0.277800,0.222200,0.305600,0.622200,0.111100,0.343600
TSLA,2026-02-13,846.790000,0.016290,0.133180,0.397800,0.133180,0.397800,0.346720,0.376000,0.543100,0.613650,-0.022370,-0.022370,1.722270,-0.110400,122.800000,89.040000,67.110000,13.530000,0.002820,0.007900,0.011200,0.010000,0.174600,0.071400,0.071200,0.100300,0.060300,0.078100,0.174500,1.582000,1.962000,0.025400,0.662000,1.470000,-0.046300,-0.030000,3.790000,0.139000,-0.000500,0.024000,0.000100,4.320000,2.920000,risk-off,0.044400,0,0,0.777800,0.850000,0.705600,0.323600
JPM,2026-02-13,246.170000,0.007650,-0.016070,-0.027800,-0.016070,-0.027800,-0.147260,-0.155040,0.198840,0.239390,-0.212580,-0.212580,0.019460,0.183300,11.960000,14.810000,11.780000,3.810000,0.047490,0.099000,0.142700,0.123200,0.602400,0.398900,0.313100,0.165900,0.013400,0.107600,1.267200,1.112000,1.085000,0.025900,0.661000,0.593000,-0.004000,-0.164600,3.970000,0.353000,0.000100,0.001600,-0.001600,4.320000,2.920000,risk-on,0.977800,0.277800,0.288900,0.144400,0.438900,0.850000,0.481400
V,2026-02-13,392.150000,-0.002490,-0.002800,0.004020,-0.002800,0.004020,-0.001760,0.020770,0.137430,0.166910,-0.071480,-0.071480,0.173360,-0.231000,30.060000,28.650000,22.190000,16.240000,0.030850,0.107000,0.149700,0.127400,0.803400,0.680300,0.559700,0.531700,0.215600,0.436800,0.530400,1.087000,1.324000,-0.021500,0.407000,1.407000,0.004000,0.164600,3.230000,-0.515000,0.024300,-0.005500,0.017900,4.320000,2.920000,risk-on,0.533300,0.444400,0.844400,0.438900,0.905600,0.222200,0.588300
NFLX,2026-02-13,1569.540000,0.031090,0.000470,-0.066810,0.000470,-0.066810,-0.140230,-0.032900,0.342510,0.332410,-0.200300,-0.200300,0.683390,0.022400,45.830000,36.530000,28.820000,10.660000,0.019050,0.147300,0.188900,0.167900,0.452100,0.262800,0.216100,0.347500,0.135800,0.235500,0.688900,2.190000,1.175000,-0.000600,0.466000,1.380000,-0.014600,-0.030100,3.630000,0.127000,-0.026700,0.005200,-0.014800,4.320000,2.920000,neutral,0.266700,0.744400,0.322200,0.255600,0.427800,0.483300,0.417500
AAPL,2026-02-20,230.110000,0.027550,0.081240,0.041410,0.081240,0.041410,-0.085160,-0.225710,0.210590,0.247100,-0.289740,-0.289740,0.081240,-0.353400,33.470000,30.280000,24,9.110000,0.030090,0.055900,0.075600,0.067300,0.446100,0.305900,0.232000,1.512300,0.242800,0.558900,1.816300,4.565000,0.839000,0.046100,0.600000,0.822000,-0.258800,0.026100,4.220000,0.453000,0.020300,0.046800,0.053800,4.230000,2.940000,neutral,0.533300,0.111100,0.650000,0,0.483300,0.627800,0.394200
MSFT,2026-02-20,473.750000,0.022200,-0.002800,-0.037700,-0.002800,-0.037700,-0.049860,-0.192050,0.183460,0.240700,-0.223130,-0.223130,0.040800,-0.121600,34.720000,30.610000,21.900000,12.660000,0.019510,0.145000,0.195100,0.166300,0.689000,0.441000,0.351300,0.338400,0.181300,0.281800,0.316500,0.673000,1.313000,-0.016900,0.369000,0.861000,-0.169700,-0.251000,3.400000,-0.122000,0.022000,0.030400,0.060800,4.230000,2.940000,risk-on,0.422200,0.677800,0.594400,0.522200,0.427800,0.288900,0.510300
NVDA,2026-02-20,84.390000,0.047280,0.071760,0.054610,0.071760,0.054610,0.006320,-0.441240,0.398700,0.470990,-0.554320,-0.554320,0.135340,0.147200,56.500000,34.040000,43.440000,28.410000,0.021540,0.743100,0.937500,0.809100,0.742600,0.617600,0.557100,0.898100,0.636200,0.757700,0.125300,0.403000,4.057000,-0.033600,0.272000,1.318000,0.428400,0.224900,3.970000,-0.538000,0.001800,-0.054200,0.039000,4.230000,2.940000,risk-off,0.155600,1,0.905600,0.922200,0.527800,0.044400,0.634200
META,2026-02-20,699.770000,0.046350,0.028590,-0.094240,0.028590,-0.094240,-0.129100,-0.290350,0.411230,0.368760,-0.400950,-0.400950,0.046350,-0.181900,29.700000,22.930000,17.140000,9.470000,0.036920,0.210000,0.261900,0.240300,0.802100,0.424100,0.357700,0.367600,0.223800,0.294300,0.263300,0.403000,2.858000,0.007900,0.338000,0.852000,0.046000,0.028500,3.950000,-0.271000,0.043900,-0.003000,-0.000700,4.230000,2.940000,risk-off,0.788900,0.888900,0.711100,0.733300,0.044400,0.311100,0.625600
GOOGL,2026-02-20,252.330000,0.037200,0.043760,0.007350,0.043760,0.007350,-0.017750,-0.080700,0.269770,0.302370,-0.160300,-0.160300,0.119530,0.146400,23.880000,21.230000,17.670000,6.670000,0.029600,0.135400,0.189900,0.169200,0.575000,0.320000,0.286900,0.313500,0.213900,0.267800,0.088900,0.127000,1.824000,0.015200,0.610000,0.768000,-0.028600,0.002000,3.450000,0.268000,-0.012700,0.058000,0.072400,4.230000,2.940000,neutral,0.811100,0.644400,0.416700,0.900000,0.500000,0.594400,0.643900
AMZN,2026-02-20,243.420000,0.041810,0.051630,0.041100,0.051630,0.041100,-0.002910,-0.021740,0.317220,0.297490,-0.196610,-0.196610,0.117270,0.097400,41.830000,30.230000,19.710000,3.470000,0.015900,0.106800,0.137800,0.120000,0.480100,0.104600,0.091000,0.201600,0.086200,0.137300,0.514400,1.038000,1.030000,-0.038300,0.326000,0.530000,0.049000,0.029200,3.690000,0.009000,-0.020400,0.030000,-0.018600,4.230000,2.940000,neutral,0.466700,0.350000,0.222200,0.305600,0.661100,0.066700,0.359400
TSLA,2026-02-20,863.130000,0.029370,0.035900,0.377660,0.035900,0.377660,0.499610,0.210760,0.428250,0.600550,-0.003510,-0.003510,1.774800,-0.082100,113.240000,88.310000,73.840000,13.390000,0.002740,0.008900,0.010600,0.009600,0.175500,0.072200,0.071900,0.102700,0.059900,0.079000,0.172000,1.581000,1.977000,0.054300,0.689000,1.470000,-0.049000,-0.029100,3.410000,0.254000,0.022400,0.052100,-0.001400,4.230000,2.940000,risk-off,0.044400,0,0,0.777800,0.850000,0.777800,0.330800
JPM,2026-02-20,252.930000,0.039970,0.035330,0.025000,0.035330,0.025000,-0.090610,-0.156620,0.240720,0.251420,-0.190960,-0.190960,0.047460,0.052800,12.640000,13.660000,10.680000,3.690000,0.049100,0.103000,0.117800,0.129500,0.602900,0.407700,0.319000,0.162700,0.013500,0.109100,1.261600,1.108000,1.083000,0.088900,0.756000,0.593000,-0.000900,-0.158600,4.620000,0.158000,0.041500,-0.014600,-0.056300,4.230000,2.940000,neutral,0.977800,0.266700,0.288900,0.144400,0.400000,0.888900,0.477200
V,2026-02-20,398.270000,0.028400,0.013070,0.025940,0.013070,0.025940,0.038840,0.033660,0.169630,0.174650,-0.056990,-0.056990,0.191680,-0.087800,29.820000,25.340000,21.770000,17.490000,0.029650,0.104800,0.142900,0.121400,0.808700,0.687500,0.547500,0.531300,0.212800,0.426400,0.531100,1.085000,1.322000,-0.003800,0.546000,1.407000,0.000900,0.158700,3.900000,0.137000,-0.036000,0.051600,-0.004800,4.230000,2.940000,risk-on,0.533300,0.383300,0.866700,0.438900,0.822200,0.400000,0.585800
NFLX,2026-02-20,1544.300000,0.029940,0.014510,-0.042150,0.014510,-0.042150,-0.099600,-0.041900,0.337750,0.333140,-0.213160,-0.213160,0.656320,-0.238300,44.010000,33.370000,30.100000,9.570000,0.017530,0.146500,0.184800,0.171500,0.457000,0.259600,0.219100,0.356900,0.139900,0.235300,0.687200,2.184000,1.189000,0.157900,1,1.380000,-0.017500,-0.030500,4.620000,0.657000,-0.009800,0.026200,0.047600,4.230000,2.940000,neutral,0.266700,0.677800,0.344400,0.255600,0.283300,1,0.438600
AAPL,2026-02-27,235.490000,-0.008050,0.023380,0.067450,0.023380,0.067450,-0.073380,-0.223370,0.260560,0.259700,-0.273130,-0.273130,0.106520,-0.332800,33.380000,31.200000,24.870000,8.610000,0.026990,0.059200,0.080300,0.065000,0.455600,0.308300,0.230900,1.540600,0.246000,0.565600,1.777900,4.556000,0.861000,0.092400,0.898000,0.822000,-0.251600,0.027100,4.280000,0.113000,0.044100,0.059100,-0.045800,4.330000,2.870000,neutral,0.533300,0.111100,0.650000,0,0.438900,1,0.424700
MSFT,2026-02-27,461.540000,-0.020940,-0.025770,-0.034920,-0.025770,-0.034920,-0.071850,-0.207580,0.189250,0.235310,-0.243150,-0.243150,0.013970,0.030300,38.760000,28.840000,25.290000,12.250000,0.020340,0.141200,0.191100,0.164100,0.688000,0.439000,0.352900,0.347700,0.181000,0.273300,0.321000,0.671000,1.302000,-0.036000,0.371000,0.861000,-0.169600,-0.265200,3.840000,-0.264000,-0.006500,0.064900,-0.010000,4.330000,2.870000,risk-on,0.422200,0.594400,0.594400,0.555600,0.400000,0.277800,0.493300
NVDA,2026-02-27,79.690000,-0.048480,-0.055690,0.072110,-0.055690,0.072110,-0.077660,-0.453800,0.416860,0.483830,-0.579140,-0.579140,0.072110,0.143400,53.340000,34.670000,41.800000,27.260000,0.021360,0.732000,0.972500,0.911000,0.737300,0.613800,0.549800,0.870000,0.631700,0.776500,0.127200,0.399000,4.123000,-0.058400,0.273000,1.318000,0.421200,0.238000,3.260000,-0.072000,0.017500,-0.015800,0.003600,4.330000,2.870000,risk-off,0.155600,1,0.905600,0.922200,0.288900,0.111100,0.605000
META,2026-02-27,696.690000,-0.008690,-0.004400,-0.056900,-0.004400,-0.056900,-0.123230,-0.365010,0.411770,0.381510,-0.403590,-0.403590,0.041750,0.138400,27.450000,22.680000,17.240000,9.380000,0.035530,0.203000,0.289600,0.234700,0.807600,0.407700,0.367200,0.362300,0.227000,0.295100,0.256500,0.402000,2.897000,0.003500,0.527000,0.852000,0.038000,0.028900,4.190000,0.031000,-0.007200,-0.020600,0.046400,4.330000,2.870000,risk-off,0.788900,0.888900,0.733300,0.733300,0.100000,0.605600,0.667800
GOOGL,2026-02-27,254.340000,-0.024990,0.007970,0.055700,0.007970,0.055700,-0.060960,-0.104440,0.283170,0.304860,-0.153610,-0.153610,0.128440,-0.001800,24.630000,22.090000,17.420000,6.470000,0.033280,0.143200,0.198100,0.164200,0.582200,0.327300,0.285100,0.312300,0.213500,0.267700,0.092000,0.127000,1.873000,-0.020700,0.373000,0.768000,-0.021800,0.001500,3.620000,-0.219000,0.062300,0.023500,0.007700,4.330000,2.870000,neutral,0.811100,0.738900,0.416700,0.900000,0.555600,0.305600,0.642200
AMZN,2026-02-27,244.570000,-0.025700,0.004720,0.122400,0.004720,0.122400,-0.000570,-0.105190,0.289170,0.308440,-0.192810,-0.192810,0.122550,0.050000,44.580000,32.270000,19.150000,3.650000,0.016560,0.104200,0.126600,0.120400,0.481100,0.107100,0.091300,0.199800,0.083600,0.133700,0.514200,1.037000,1.023000,0.012100,0.527000,0.530000,0.047800,0.027200,4.090000,-0.012000,0.046000,0.052500,-0.074000,4.330000,2.870000,neutral,0.466700,0.261100,0.222200,0.305600,0.700000,0.750000,0.415800
TSLA,2026-02-27,905.050000,-0.029930,0.048570,0.378470,0.048570,0.378470,0.340870,0.268930,0.460550,0.599940,-0.033470,-0.033470,1.909570,0.069900,125.170000,91.210000,67.190000,12.810000,0.002970,0.008700,0.010800,0.010000,0.178100,0.071000,0.070600,0.101700,0.059900,0.079400,0.175100,1.581000,1.997000,0.007200,0.510000,1.470000,-0.047700,-0.027200,3.760000,0.236000,-0.000600,-0.014300,-0.005100,4.330000,2.870000,risk-off,0.044400,0,0,0.777800,0.850000,0.500000,0.303100
JPM,2026-02-27,256.320000,-0.012520,0.013400,0.061500,0.013400,0.061500,-0.054550,-0.170380,0.219470,0.255460,-0.180120,-0.180120,0.061500,0.252900,12.660000,13.240000,11.020000,3.860000,0.051440,0.108200,0.127000,0.116400,0.603200,0.402100,0.313200,0.166600,0.013400,0.110700,1.257400,1.105000,1.095000,0.009700,0.548000,0.593000,-0.000900,-0.157800,4.480000,0.396000,0.054300,-0.000300,0.001500,4.330000,2.870000,neutral,0.977800,0.294400,0.288900,0.144400,0.600000,0.716700,0.495600
V,2026-02-27,402.410000,-0.008700,0.010390,0.040890,0.010390,0.040890,0.048520,0.014160,0.174050,0.177870,-0.047190,-0.047190,0.204060,0.059100,29.580000,27.900000,23.790000,17.530000,0.028600,0.109900,0.142600,0.125500,0.800900,0.677200,0.557000,0.517700,0.207000,0.426300,0.528800,1.082000,1.287000,-0.137800,0,1.407000,0.000800,0.157800,3.150000,0.110000,0.026500,-0.083000,0.001700,4.330000,2.870000,risk-on,0.533300,0.444400,0.844400,0.405600,0.766700,0,0.540300
NFLX,2026-02-27,1484.680000,-0.023510,-0.038610,-0.028990,-0.038610,-0.028990,-0.124910,-0.093160,0.346470,0.342890,-0.243530,-0.243530,0.592370,0.048800,45.640000,34.980000,31.490000,10.350000,0.019860,0.148900,0.197800,0.160600,0.457400,0.265000,0.214800,0.356400,0.139900,0.235700,0.683500,2.177000,1.180000,0.017500,0.446000,1.380000,-0.016100,-0.030500,4.140000,0.204000,0.005000,0.011800,0.011200,4.330000,2.870000,neutral,0.266700,0.666700,0.344400,0.255600,0.300000,0.733300,0.412200
AAPL,2026-03-06,237.170000,-0.008360,0.007130,0.083460,0.007130,0.083460,-0.042590,-0.236930,0.262840,0.251600,-0.267950,-0.267950,0.114420,-0.114400,33.900000,29.790000,23.550000,9.200000,0.031020,0.057600,0.073500,0.066700,0.461900,0.303000,0.236300,1.528900,0.248900,0.564900,1.861100,4.553000,0.850000,0.056700,0.909000,0.822000,-0.255200,0.028500,4.450000,0.302000,-0.005700,0.010700,-0.002700,4.250000,2.700000,neutral,0.533300,0.111100,0.672200,0,0.538900,0.788900,0.423100
MSFT,2026-03-06,466.410000,0.012570,0.010550,-0.006940,0.010550,-0.006940,-0.106900,-0.235170,0.190910,0.227810,-0.235170,-0.235170,0.034350,0.325500,37.710000,27.880000,23.900000,12.700000,0.020280,0.148400,0.183200,0.161000,0.688600,0.435900,0.345400,0.347300,0.179800,0.278200,0.323600,0.668000,1.313000,-0.025100,0.442000,0.861000,-0.164400,-0.258200,4.260000,-0.319000,0.027800,-0.033300,0.031900,4.250000,2.700000,risk-on,0.422200,0.633300,0.594400,0.555600,0.377800,0.188900,0.488900
NVDA,2026-03-06,92.580000,0.011470,0.161750,0.173830,0.161750,0.173830,-0.001510,-0.310130,0.480990,0.511030,-0.511060,-0.511060,0.245530,-0.157800,53.940000,33.570000,45.490000,27.470000,0.019890,0.732300,0.934000,0.853500,0.747200,0.609000,0.550600,0.891700,0.637600,0.766200,0.125400,0.395000,4.198000,0.038600,0.640000,1.318000,0.419500,0.229800,4.210000,-0.321000,-0.001000,0.017300,0.045200,4.250000,2.700000,risk-off,0.155600,1,0.905600,0.922200,0.522200,0.611100,0.690000
META,2026-03-06,682.980000,-0.019810,-0.019680,-0.061080,-0.019680,-0.061080,-0.197820,-0.415330,0.396810,0.385620,-0.415330,-0.415330,0.021250,0.307000,26.670000,23.120000,17.720000,9.200000,0.036410,0.209900,0.269000,0.237100,0.804000,0.417800,0.372800,0.360900,0.227100,0.299300,0.262100,0.400000,2.890000,0.019800,0.604000,0.852000,0.042300,0.032200,3.650000,0.264000,0.023500,0.037200,-0.029800,4.250000,2.700000,risk-off,0.788900,0.888900,0.711100,0.733300,0.061100,0.611100,0.658100
GOOGL,2026-03-06,255.730000,-0.015820,0.005470,0.058660,0.005470,0.058660,-0.101850,-0.070210,0.255080,0.295670,-0.148990,-0.148990,0.126020,-0.352800,25.400000,21.530000,18.110000,6.940000,0.033270,0.146000,0.209700,0.166900,0.590400,0.321800,0.293000,0.307400,0.207300,0.264700,0.090500,0.126000,1.874000,0.013700,0.497000,0.768000,-0.021600,-0.002400,3.870000,-0.266000,-0.094200,-0.042300,0.000500,4.250000,2.700000,neutral,0.811100,0.650000,0.416700,0.900000,0.550000,0.472200,0.640300
AMZN,2026-03-06,244.660000,0.001270,0.000370,0.083860,0.000370,0.083860,-0.064580,-0.116400,0.293960,0.294940,-0.192510,-0.192510,0.122960,0.194200,41.670000,35.030000,18.510000,3.590000,0.016140,0.100300,0.128800,0.120000,0.483900,0.104700,0.091700,0.200300,0.085700,0.138700,0.520100,1.036000,1.024000,-0.022400,0.383000,0.530000,0.045900,0.030900,3.800000,0.108000,-0.010400,-0.008400,-0.099500,4.250000,2.700000,neutral,0.466700,0.238900,0.222200,0.266700,0.622200,0.294400,0.348300
TSLA,2026-03-06,916.070000,0.027990,0.012180,0.261820,0.012180,0.261820,0.332540,0.176000,0.446120,0.598380,-0.021700,-0.021700,1.944990,-0.069400,122.520000,90.050000,71.150000,13.120000,0.002580,0.008500,0.011200,0.010200,0.174900,0.071300,0.070500,0.100100,0.060800,0.076900,0.173300,1.581000,1.940000,-0.022600,0.339000,1.470000,-0.045900,-0.030900,4.490000,-0.061000,0.036700,0.023800,-0.001500,4.250000,2.700000,risk-off,0.044400,0,0,0.777800,0.866700,0.144400,0.270000
JPM,2026-03-06,244.050000,-0.017040,-0.047870,-0.008290,-0.047870,-0.008290,-0.090860,-0.213250,0.220340,0.242850,-0.219360,-0.219360,0.010680,0.005700,12.960000,14.490000,11.600000,3.780000,0.050130,0.107000,0.130200,0.122700,0.604400,0.400400,0.315100,0.164900,0.013100,0.108800,1.255400,1.103000,1.083000,-0.049000,0.359000,0.593000,0.000400,-0.158800,3.290000,-0.277000,0.048200,0.012400,-0.037700,4.250000,2.700000,neutral,0.977800,0.355600,0.288900,0.144400,0.438900,0.038900,0.415800
V,2026-03-06,394.430000,-0.007870,-0.019830,-0.006320,-0.019830,-0.006320,0.012870,-0.039150,0.177390,0.177600,-0.066080,-0.066080,0.180190,-0.188000,28.580000,25.620000,21.960000,17.160000,0.029220,0.106100,0.140600,0.123800,0.808000,0.666800,0.569000,0.519900,0.213100,0.426500,0.511900,1.081000,1.302000,0.121800,0.987000,1.407000,-0.000500,0.158900,4.710000,0.516000,-0.007200,0.032100,-0.048400,4.250000,2.700000,risk-on,0.533300,0.405600,0.866700,0.444400,0.794400,1,0.646900
NFLX,2026-03-06,1380.380000,-0.033070,-0.070250,-0.120580,-0.070250,-0.120580,-0.171840,-0.153140,0.301010,0.342600,-0.296680,-0.296680,0.479240,-0.318300,45.480000,32.090000,31.140000,10.470000,0.017790,0.146800,0.219800,0.164900,0.460600,0.259300,0.216800,0.355000,0.138900,0.237300,0.710100,2.172000,1.216000,0.084600,0.771000,1.380000,-0.020800,-0.029800,4.810000,0.319000,0.054500,-0.042900,0.101500,4.250000,2.700000,neutral,0.266700,0.716700,0.322200,0.255600,0.227800,0.850000,0.418600
AAPL,2026-03-13,244.860000,0.007360,0.032420,0.133240,0.032420,0.133240,-0.006410,-0.210970,0.257630,0.256680,-0.244210,-0.244210,0.150550,-0.066300,32.980000,28.350000,26.110000,8.360000,0.030430,0.059700,0.076900,0.068700,0.454500,0.312500,0.232500,1.548300,0.252700,0.576800,1.809200,4.545000,0.858000,0.042100,0.654000,0.822000,-0.245800,0.037100,4.530000,0.255000,0.048300,-0.000600,0.012000,4.460000,2.810000,neutral,0.533300,0.111100,0.650000,0,0.700000,0.566700,0.420600
MSFT,2026-03-13,459.670000,0.000440,-0.014450,-0.018810,-0.014450,-0.018810,-0.128930,-0.221690,0.209630,0.217710,-0.246220,-0.246220,0.019400,-0.274700,36.640000,28.840000,23.610000,12.810000,0.020400,0.142800,0.187700,0.167600,0.686500,0.438800,0.347300,0.344600,0.182100,0.279000,0.327800,0.668000,1.326000,0.045200,0.688000,0.861000,-0.162700,-0.260700,4.020000,0.099000,0.012700,0.035600,0.015700,4.460000,2.810000,neutral,0.422200,0.666700,0.594400,0.522200,0.294400,0.538900,0.513100
NVDA,2026-03-13,86.640000,-0.021130,-0.064160,0.093800,-0.064160,0.093800,-0.064260,-0.358700,0.526590,0.487370,-0.542430,-0.542430,0.165610,0.143400,54.650000,33.540000,43.150000,27.220000,0.020410,0.714000,1.064800,0.823600,0.742100,0.608500,0.545600,0.891800,0.646100,0.763400,0.125500,0.392000,4.142000,0.058700,0.579000,1.318000,0.408500,0.223700,4.190000,0.377000,-0.023200,0.029500,-0.041300,4.460000,2.810000,risk-off,0.155600,1,0.905600,0.922200,0.388900,0.638900,0.672800
META,2026-03-13,721.250000,0.009360,0.056030,0.069960,0.056030,0.069960,-0.180700,-0.348390,0.382460,0.378210,-0.382570,-0.382570,0.078470,-0.275000,27.290000,22.360000,18.460000,9.530000,0.035680,0.226200,0.265900,0.253400,0.802100,0.419000,0.365900,0.361500,0.228100,0.300200,0.262100,0.397000,2.972000,-0.039500,0.362000,0.852000,0.053600,0.031000,3.220000,-0.312000,0.013900,-0.025700,0.013000,4.460000,2.810000,risk-off,0.788900,0.888900,0.711100,0.733300,0.238900,0,0.623600
GOOGL,2026-03-13,255.760000,0.014880,0.000120,0.059140,0.000120,0.059140,-0.102340,-0.050600,0.250070,0.292720,-0.148890,-0.148890,0.098910,-0.193100,23.950000,21.010000,17.090000,6.310000,0.034280,0.137400,0.180800,0.160700,0.586600,0.327100,0.292000,0.307500,0.212400,0.269900,0.092700,0.126000,1.876000,0.025300,0.600000,0.768000,-0.035200,0.000700,4.400000,-0.421000,-0.010500,0.005100,0.003200,4.460000,2.810000,neutral,0.811100,0.588900,0.416700,0.900000,0.522200,0.344400,0.611100
AMZN,2026-03-13,243.930000,0.007850,-0.002980,0.070530,-0.002980,0.070530,-0.054500,-0.129970,0.292120,0.296250,-0.194920,-0.194920,0.119610,0.048000,43.600000,31.250000,20.270000,3.390000,0.017720,0.105700,0.137100,0.120400,0.480000,0.105200,0.091500,0.200200,0.085700,0.137900,0.530500,1.032000,1.033000,0.025600,0.618000,0.530000,0.048400,0.028900,3.980000,-0.345000,0.006500,0.017000,0.030400,4.460000,2.810000,neutral,0.466700,0.355600,0.222200,0.266700,0.633300,0.344400,0.378300
TSLA,2026-03-13,945.460000,0.047430,0.032080,0.147740,0.032080,0.147740,0.298370,0.320140,0.404590,0.584810,0,0,1.547170,-0.152900,110.870000,89.410000,61.990000,13.380000,0.002890,0.009000,0.011400,0.009900,0.175900,0.072700,0.071400,0.100400,0.061600,0.080200,0.173600,1.580000,1.965000,0.069700,0.743000,1.470000,-0.048300,-0.028800,4.420000,0.306000,0.013000,0.042000,0.018900,4.460000,2.810000,risk-off,0.044400,0,0,0.777800,0.866700,0.833300,0.338900
JPM,2026-03-13,243.920000,-0.021420,-0.000530,0.010150,-0.000530,0.010150,-0.077840,-0.197530,0.242610,0.247360,-0.219780,-0.219780,0.010150,0.015200,12.370000,14.550000,11.530000,3.880000,0.050300,0.099200,0.130600,0.117300,0.606400,0.397500,0.316400,0.166300,0.013500,0.107100,1.258000,1.103000,1.080000,0.083800,0.856000,0.593000,-0.002300,-0.157900,4.150000,0.129000,0.018000,-0.031400,-0.007100,4.460000,2.810000,neutral,0.977800,0.238900,0.288900,0.144400,0.438900,0.972200,0.485800
V,2026-03-13,392.880000,0.001480,-0.003930,0.012500,-0.003930,0.012500,-0.036590,-0.021660,0.195860,0.175670,-0.069750,-0.069750,0.174320,0.005300,30.650000,28.150000,22.640000,16.950000,0.029640,0.103700,0.145900,0.122500,0.809300,0.672100,0.551900,0.516300,0.213000,0.422900,0.526600,1.079000,1.330000,-0.009800,0.565000,1.407000,0.002300,0.157900,4.520000,-0.277000,0.006900,0.001400,0.009900,4.460000,2.810000,risk-on,0.533300,0.405600,0.866700,0.477800,0.727800,0.111100,0.553100
NFLX,2026-03-13,1381.400000,-0.018240,0.000740,-0.101730,0.000740,-0.101730,-0.196550,-0.150290,0.349510,0.348500,-0.296160,-0.296160,0.346600,-0.289600,44.190000,34.430000,33.200000,9.880000,0.017140,0.154200,0.197600,0.167600,0.454900,0.260700,0.216100,0.350700,0.138800,0.237400,0.721600,2.162000,1.184000,0.045600,0.715000,1.380000,-0.018400,-0.031800,4.270000,0.050000,0.017900,0.083600,0.021900,4.460000,2.810000,neutral,0.266700,0.744400,0.344400,0.255600,0.188900,0.650000,0.402800
AAPL,2026-03-20,251.460000,-0.003880,0.026950,0.122890,0.026950,0.122890,0.032730,-0.210340,0.242440,0.240880,-0.223840,-0.223840,0.181560,0.024400,33.950000,30.400000,24.310000,9.110000,0.029250,0.057100,0.078400,0.069400,0.457800,0.307200,0.229900,1.507300,0.249700,0.579300,1.827700,4.544000,0.861000,-0.024100,0.419000,0.822000,-0.260500,0.037000,4.030000,-0.151000,-0.024400,-0.006700,-0.015100,4.360000,2.680000,neutral,0.533300,0.111100,0.672200,0,0.761100,0.427800,0.420300
MSFT,2026-03-20,456.580000,-0.024280,-0.006720,-0.014840,-0.006720,-0.014840,-0.106360,-0.229740,0.215240,0.224060,-0.251290,-0.251290,0.012550,-0.204900,36.260000,28.940000,22.130000,12.580000,0.018840,0.153900,0.190800,0.166200,0.686400,0.442700,0.353600,0.350400,0.181400,0.273300,0.325200,0.664000,1.299000,-0.081400,0.107000,0.861000,-0.163700,-0.269000,3.190000,-0.335000,-0.010900,0.066200,-0.010200,4.360000,2.680000,neutral,0.422200,0.650000,0.594400,0.522200,0.333300,0,0.461700
NVDA,2026-03-20,92.480000,0.045560,0.067410,0.147680,0.067410,0.147680,0.001190,-0.293720,0.523160,0.494100,-0.511590,-0.511590,0.244180,0.127500,50.170000,35.110000,46.500000,25.170000,0.021720,0.741700,1.024300,0.899300,0.743700,0.618600,0.556200,0.890800,0.628600,0.774300,0.128900,0.385000,4.125000,0.012800,0.586000,1.318000,0.424100,0.232000,3.880000,0.169000,0.024200,-0.014200,0.037100,4.360000,2.680000,risk-off,0.155600,1,0.905600,0.922200,0.550000,0.655600,0.698600
META,2026-03-20,724.150000,0.009140,0.004020,0.082810,0.004020,0.082810,-0.170950,-0.300620,0.381270,0.372390,-0.380080,-0.380080,0.082810,-0.192700,28.040000,24.350000,17.250000,8.320000,0.037750,0.210500,0.272900,0.247900,0.806400,0.415300,0.371300,0.366300,0.228400,0.302900,0.267000,0.397000,2.905000,-0.052300,0.299000,0.852000,0.041500,0.035100,4.120000,-0.296000,-0.021900,-0.044300,0.049900,4.360000,2.680000,risk-off,0.788900,0.888900,0.733300,0.733300,0.266700,0.233300,0.655600
GOOGL,2026-03-20,259.520000,0.000690,0.014700,0.066750,0.014700,0.066750,-0.105660,-0.068380,0.245120,0.285890,-0.136370,-0.136370,0.115060,0.151200,24.650000,20.430000,17.890000,6.590000,0.033810,0.144200,0.192900,0.177200,0.583100,0.323300,0.295300,0.311000,0.208200,0.267100,0.092600,0.125000,1.888000,-0.049400,0.248000,0.768000,-0.024800,-0.000700,2.980000,-0.046000,-0.014900,0.068300,0.125500,4.360000,2.680000,neutral,0.811100,0.644400,0.416700,0.900000,0.588900,0.183300,0.616100
AMZN,2026-03-20,238.500000,-0.012180,-0.022260,0.020760,-0.022260,0.020760,-0.060210,-0.135840,0.279330,0.297390,-0.212850,-0.212850,0.094690,0.179700,42.410000,32.390000,17.780000,3.480000,0.017190,0.108800,0.134000,0.117200,0.484000,0.107000,0.091200,0.202400,0.084700,0.140300,0.518500,1.029000,1.041000,0.020100,0.680000,0.530000,0.050200,0.030100,4.100000,0.655000,0.011800,-0.011000,0.057500,4.360000,2.680000,neutral,0.466700,0.350000,0.222200,0.305600,0.511100,0.750000,0.405300
TSLA,2026-03-20,903.650000,0.008170,-0.044220,0.077700,-0.044220,0.077700,0.222290,0.393770,0.472860,0.567110,-0.044220,-0.044220,1.004060,-0.064300,120.080000,96.070000,70.420000,13.430000,0.002820,0.008500,0.011500,0.009500,0.177400,0.071100,0.071800,0.101300,0.060500,0.080200,0.175100,1.580000,1.985000,0.108400,0.973000,1.470000,-0.050100,-0.030100,4.490000,0.622000,-0.009500,-0.024400,0.002700,4.360000,2.680000,risk-off,0.044400,0,0,0.777800,0.783300,1,0.343100
JPM,2026-03-20,242.840000,-0.007070,-0.004430,-0.001520,-0.004430,-0.001520,-0.114180,-0.191070,0.253330,0.243100,-0.223240,-0.223240,0.005670,0.003300,13.020000,12.790000,10.860000,3.640000,0.050170,0.102400,0.127600,0.119500,0.600400,0.405700,0.316900,0.165800,0.013400,0.108300,1.231900,1.100000,1.084000,-0.019700,0.387000,0.593000,-0.001700,-0.160800,3.560000,0.278000,-0.014000,0.019400,0.029700,4.360000,2.680000,neutral,0.977800,0.244400,0.288900,0.144400,0.355600,0.322200,0.409400
V,2026-03-20,398.490000,0.010220,0.014280,0.028970,0.014280,0.028970,-0.046330,0.007100,0.194220,0.164520,-0.056470,-0.056470,0.148120,0.227500,30.410000,26.440000,22.800000,17.300000,0.031500,0.105900,0.158400,0.126300,0.804200,0.668100,0.553000,0.517500,0.207400,0.430000,0.521700,1.076000,1.321000,0.101100,0.909000,1.407000,0.001800,0.160900,4.370000,0.333000,0.033400,0.049900,0.076000,4.360000,2.680000,risk-on,0.533300,0.405600,0.844400,0.438900,0.716700,0.888900,0.618900
NFLX,2026-03-20,1279.440000,-0.008740,-0.073810,-0.146700,-0.073810,-0.146700,-0.261670,-0.228950,0.358110,0.352080,-0.348110,-0.348110,0.232660,-0.216100,43.340000,35.560000,30.830000,10.100000,0.017820,0.152200,0.195200,0.177900,0.456200,0.265300,0.215800,0.353500,0.137400,0.233500,0.717200,2.157000,1.238000,0.001900,0.666000,1.380000,-0.016800,-0.034300,4.060000,-0.361000,-0.008300,0.068300,0.020800,4.360000,2.680000,neutral,0.266700,0.705600,0.322200,0.255600,0.133300,0.538900,0.371100
AAPL,2026-03-27,238.410000,-0.013610,-0.051900,0.004250,-0.051900,0.004250,-0.058750,-0.264120,0.218570,0.243940,-0.264120,-0.264120,0.120240,0.287100,33.320000,30.730000,24.410000,8.460000,0.029860,0.057900,0.073700,0.067600,0.458600,0.311800,0.234300,1.546600,0.254100,0.572800,1.862600,4.538000,0.843000,0.026100,0.622000,0.822000,-0.264200,0.032600,4.440000,-0.155000,0.003800,0.004300,-0.043500,4.380000,2.600000,neutral,0.533300,0.111100,0.650000,0,0.605600,0.483300,0.398100
MSFT,2026-03-27,467.330000,0.030810,0.023540,-0.008650,0.023540,-0.008650,-0.144680,-0.226350,0.225940,0.221070,-0.233660,-0.233660,0.036390,-0.070600,37.990000,30.810000,21.490000,12.470000,0.020600,0.144600,0.186300,0.182700,0.694300,0.437600,0.354600,0.349300,0.178100,0.273300,0.331400,0.664000,1.342000,0.105300,0.898000,0.861000,-0.177500,-0.266900,4.690000,-0.062000,0.037900,0.003300,-0.056200,4.380000,2.600000,neutral,0.422200,0.611100,0.594400,0.555600,0.366700,0.961100,0.560000
NVDA,2026-03-27,93.580000,0.020390,0.011890,0.117370,0.011890,0.117370,-0.068300,-0.321340,0.497710,0.473180,-0.505780,-0.505780,0.258980,-0.138100,53.020000,32.630000,41.710000,25.640000,0.025300,0.763900,0.963400,0.843800,0.739000,0.613800,0.550500,0.891500,0.651900,0.774600,0.129800,0.378000,4.147000,0.094400,0.929000,1.318000,0.441800,0.234400,3.960000,0.451000,-0.009200,0.011400,-0.010300,4.380000,2.600000,risk-off,0.155600,1,0.905600,0.922200,0.483300,0.927800,0.715800
META,2026-03-27,711.700000,-0.010950,-0.017190,0.012660,-0.017190,0.012660,-0.172190,-0.298530,0.303050,0.369850,-0.390740,-0.390740,0.064190,0.180800,27.840000,22.900000,16.380000,8.650000,0.038200,0.211500,0.286200,0.245500,0.814600,0.414600,0.371100,0.359300,0.230200,0.294900,0.266100,0.396000,2.852000,0.011500,0.533000,0.852000,0.037100,0.027100,3.970000,0,-0.002100,0.036200,0.030000,4.380000,2.600000,neutral,0.788900,0.888900,0.705600,0.733300,0.338900,0.183300,0.655800
GOOGL,2026-03-27,259.060000,-0.002160,-0.001770,-0.006900,-0.001770,-0.006900,-0.118690,-0.095590,0.200890,0.285980,-0.137900,-0.137900,0.113090,-0.028300,25.110000,21.260000,16.350000,6.500000,0.034420,0.152400,0.211100,0.171800,0.586800,0.327600,0.292600,0.317900,0.207500,0.266300,0.092100,0.125000,1.866000,0.038900,0.567000,0.768000,-0.022000,-0.001500,4.540000,0.263000,0.003900,-0.027100,-0.033800,4.380000,2.600000,neutral,0.811100,0.661100,0.416700,0.900000,0.577800,0.461100,0.645600
AMZN,2026-03-27,234.070000,-0.014110,-0.018570,-0.067520,-0.018570,-0.067520,-0.104480,-0.141470,0.190650,0.290690,-0.227470,-0.227470,0.074360,-0.009500,44.860000,31.810000,18.240000,3.660000,0.015970,0.111200,0.141500,0.125500,0.490800,0.107100,0.090900,0.204800,0.088800,0.140300,0.531100,1.026000,1.039000,0.054900,0.852000,0.530000,0.051100,0.030400,3.770000,0.315000,-0.005000,0.029400,0.080800,4.380000,2.600000,risk-on,0.466700,0.394400,0.222200,0.266700,0.522200,0.733300,0.408300
TSLA,2026-03-27,870.200000,0.022310,-0.037020,-0.067280,-0.037020,-0.067280,0.161130,0.250470,0.423170,0.562200,-0.079600,-0.079600,0.754750,-0.154100,118.530000,92.490000,70.800000,12.650000,0.002930,0.009100,0.010700,0.009700,0.176600,0.071500,0.071400,0.102900,0.061500,0.079600,0.176400,1.580000,2.055000,0.063100,0.794000,1.470000,-0.051000,-0.030300,4.020000,0.483000,-0.004800,-0.040000,0.028500,4.380000,2.600000,risk-off,0.044400,0,0,0.777800,0.672200,0.683300,0.294700
JPM,2026-03-27,245.270000,-0.000410,0.010010,-0.055090,0.010010,-0.055090,-0.114320,-0.189970,0.199810,0.242760,-0.215460,-0.215460,0.015740,-0.129800,12.700000,15.310000,10.410000,3.820000,0.055490,0.104500,0.129200,0.122000,0.602100,0.395600,0.320100,0.166600,0.013900,0.110200,1.247000,1.097000,1.081000,0.010400,0.533000,0.593000,0.001900,-0.155000,4.200000,-0.215000,0.023200,0.009500,-0.000900,4.380000,2.600000,risk-on,0.977800,0.283300,0.288900,0.144400,0.494400,0.150000,0.420800
V,2026-03-27,396.020000,-0.010540,-0.006200,-0.024440,-0.006200,-0.024440,-0.037450,0.014890,0.161280,0.166390,-0.062320,-0.062320,0.121580,0.086500,31.730000,27.280000,22.500000,16.620000,0.028750,0.100800,0.151000,0.118200,0.804200,0.673600,0.555300,0.508800,0.208200,0.420300,0.515200,1.076000,1.290000,-0.060700,0.267000,1.407000,-0.001800,0.155100,3.600000,-0.075000,0.029500,-0.023600,-0.052700,4.380000,2.600000,risk-on,0.533300,0.322200,0.844400,0.444400,0.794400,0,0.525800
NFLX,2026-03-27,1317.670000,0.025780,0.029880,-0.133360,0.029880,-0.133360,-0.312300,-0.207890,0.338000,0.343650,-0.328630,-0.328630,0.183910,0.076300,40.870000,36.910000,30.360000,10.190000,0.020510,0.159300,0.202600,0.190700,0.461100,0.264400,0.217800,0.359600,0.138600,0.242200,0.704700,2.147000,1.194000,0.012800,0.534000,1.380000,-0.015100,-0.025600,4.240000,-0.068000,0.008100,0.024700,0.048800,4.380000,2.600000,neutral,0.266700,0.727800,0.372200,0.255600,0.144400,0.416700,0.375000
AAPL,2026-04-02,237.660000,-0.019030,-0.016710,0.003890,-0.016710,0.003890,-0.050610,-0.224200,0.238800,0.247220,-0.266440,-0.266440,0.116720,0.380700,34.580000,30.060000,22.480000,8.430000,0.030160,0.060000,0.076300,0.067900,0.461300,0.314100,0.236400,1.559800,0.248600,0.569800,1.828300,4.530000,0.871000,-0.015300,0.411000,0.822000,-0.254600,0.025100,4.030000,0.063000,0.012200,-0.003500,-0.031400,4.280000,2.600000,neutral,0.533300,0.111100,0.672200,0,0.494400,0.222200,0.359700
MSFT,2026-04-02,458.700000,-0.014630,0.011780,0.017250,0.011780,0.017250,-0.165450,-0.209900,0.217210,0.206980,-0.247810,-0.247810,0.017250,-0.059700,35.260000,30.090000,23.120000,12.630000,0.021140,0.150500,0.193400,0.163600,0.686700,0.436300,0.354200,0.354400,0.181400,0.279200,0.328400,0.661000,1.346000,0.063000,0.812000,0.861000,-0.164100,-0.265500,4.710000,0.282000,-0.017100,0.004100,-0.019000,4.280000,2.600000,neutral,0.422200,0.555600,0.622200,0.555600,0.400000,0.833300,0.546700
NVDA,2026-04-02,99.670000,-0.011700,0.086800,0.089650,0.086800,0.089650,-0.031480,-0.243780,0.362930,0.471320,-0.463220,-0.463220,0.340910,0.116300,52.870000,33.710000,43.800000,25.770000,0.023370,0.733200,1.032500,0.872600,0.747600,0.613200,0.564300,0.907800,0.641200,0.785100,0.129700,0.377000,4.107000,0.126700,1,1.318000,0.418600,0.240400,4.430000,0.031000,-0.006900,-0.035400,0.023900,4.280000,2.600000,risk-off,0.155600,1,0.905600,0.922200,0.566700,0.972200,0.732800
META,2026-04-02,715.630000,-0.033650,-0.005490,0.041890,-0.005490,0.041890,-0.149750,-0.305780,0.295400,0.373280,-0.387380,-0.387380,0.070070,-0.361700,26.790000,23.110000,17.560000,9.310000,0.040170,0.216600,0.269400,0.254400,0.806500,0.423100,0.371900,0.366100,0.228800,0.293600,0.261100,0.393000,2.999000,-0.047900,0.278000,0.852000,0.043100,0.026200,3.440000,-0.212000,0.014900,0.036100,0.034000,4.280000,2.600000,neutral,0.788900,0.888900,0.733300,0.733300,0.350000,0.044400,0.649200
GOOGL,2026-04-02,259.620000,-0.005480,0,0.007920,0,0.007920,-0.073840,-0.032240,0.171050,0.264020,-0.136040,-0.136040,0.115490,0.359300,26.220000,22.600000,17.690000,6.670000,0.032140,0.150800,0.201000,0.167700,0.584900,0.329100,0.290800,0.318900,0.210500,0.270900,0.094300,0.125000,1.875000,0.122400,0.984000,0.768000,-0.022700,0.003500,4.380000,0.669000,0.032700,0.000800,0.016600,4.280000,2.600000,risk-on,0.811100,0.683300,0.416700,0.900000,0.688900,0.861100,0.706700
AMZN,2026-04-02,227.050000,-0.034450,-0.043680,-0.086760,-0.043680,-0.086760,-0.119450,-0.159700,0.203060,0.290050,-0.250640,-0.250640,0.042140,0.065000,43.190000,33.010000,19.370000,3.630000,0.017080,0.108500,0.139700,0.124300,0.482400,0.109600,0.091300,0.204100,0.086500,0.138100,0.532800,1.025000,1.050000,-0.052600,0.295000,0.530000,0.050000,0.029500,4,0.058000,0.008000,0.054100,-0.028200,4.280000,2.600000,neutral,0.466700,0.372200,0.222200,0.266700,0.411100,0.066700,0.320600
TSLA,2026-04-02,861.710000,-0.037490,0.012340,-0.018140,0.012340,-0.018140,0.148090,0.307880,0.462720,0.550280,-0.088580,-0.088580,0.737630,0.351000,127.410000,90.550000,75.390000,13.130000,0.002720,0.008500,0.012700,0.010900,0.176800,0.073000,0.074300,0.102100,0.060600,0.079200,0.177000,1.580000,2.008000,0.059200,0.714000,1.470000,-0.050000,-0.029400,4.200000,0.105000,-0.061300,-0.020100,-0.033200,4.280000,2.600000,risk-off,0.044400,0,0,0.777800,0.683300,0.600000,0.288100
JPM,2026-04-02,238.600000,-0.014500,-0.027590,-0.046550,-0.027590,-0.046550,-0.114560,-0.204080,0.196070,0.231470,-0.236800,-0.236800,0,-0.213200,12.800000,13.580000,11.240000,3.990000,0.051960,0.109100,0.129300,0.121400,0.593400,0.397000,0.317800,0.165800,0.013400,0.106900,1.265700,1.094000,1.073000,0.045100,0.777000,0.593000,0.001300,-0.156900,3.810000,0.020000,0.029400,0.076200,0.020700,4.280000,2.600000,risk-on,0.977800,0.316700,0.288900,0.144400,0.438900,0.494400,0.453600
V,2026-04-02,396.390000,-0.012140,-0.009620,0.001240,-0.009620,0.001240,-0.026980,0.016490,0.160170,0.167120,-0.061440,-0.061440,0.122630,0.194200,32.880000,26.590000,22.290000,16.820000,0.031250,0.106500,0.142400,0.122800,0.802600,0.668600,0.546700,0.511000,0.207800,0.420700,0.521900,1.072000,1.274000,-0.000300,0.457000,1.407000,-0.001300,0.156900,3.990000,0.097000,0.002500,0.025500,0.040000,4.280000,2.600000,risk-on,0.533300,0.311100,0.844400,0.444400,0.794400,0.361100,0.559700
NFLX,2026-04-02,1328.290000,-0.014500,0.034050,-0.096570,0.034050,-0.096570,-0.319340,-0.185510,0.349430,0.340520,-0.323220,-0.323220,0.193450,0.173300,44.980000,33.610000,30.540000,10.100000,0.017800,0.153200,0.208200,0.178100,0.461000,0.268400,0.220100,0.352700,0.141600,0.237700,0.708600,2.145000,1.183000,0.058800,0.614000,1.380000,-0.020300,-0.029700,4.340000,0.440000,-0.035500,-0.067300,0.034600,4.280000,2.600000,neutral,0.266700,0.761100,0.294400,0.255600,0.172200,0.544400,0.383100
AAPL,2026-04-10,235.040000,0.008930,-0.011020,-0.011770,-0.011020,-0.011770,0.049940,-0.218850,0.224200,0.219370,-0.274520,-0.274520,0.104410,0.043600,35.530000,30.970000,26.040000,8.900000,0.029150,0.060300,0.079700,0.072800,0.458000,0.312000,0.237800,1.557600,0.257900,0.592400,1.842300,4.524000,0.862000,-0.018400,0.508000,0.822000,-0.271700,0.043300,3.850000,-0.098000,-0.015700,0.040300,0.039600,4.330000,2.560000,neutral,0.533300,0.111100,0.672200,0,0.505600,0.116700,0.350800
MSFT,2026-04-10,460.900000,0.014770,0.004800,0.011990,0.004800,0.011990,-0.117950,-0.190310,0.196940,0.189840,-0.244200,-0.244200,0.022290,-0.009000,36.130000,28.100000,22,12.160000,0.021230,0.152000,0.199500,0.176100,0.693500,0.443900,0.359700,0.353200,0.183400,0.278600,0.324800,0.658000,1.359000,-0.008600,0.591000,0.861000,-0.180000,-0.270500,3.380000,0.036000,0.013600,0.047500,0.021300,4.330000,2.560000,risk-on,0.422200,0.650000,0.594400,0.555600,0.533300,0.422200,0.538900
NVDA,2026-04-10,96.830000,-0.027230,-0.028490,0.089690,-0.028490,0.089690,0.073030,-0.218170,0.435100,0.444150,-0.476790,-0.476790,0.302700,0.207300,54.890000,36.250000,44.720000,26.180000,0.023180,0.783700,1.093700,0.892300,0.748000,0.625400,0.553000,0.904400,0.651600,0.776300,0.131900,0.367000,4.094000,0.051800,0.708000,1.318000,0.451700,0.227200,4.170000,0.115000,-0.004900,-0.044300,-0.035800,4.330000,2.560000,risk-off,0.155600,1,0.905600,0.922200,0.661100,0.916700,0.741400
META,2026-04-10,693.310000,-0.000660,-0.031190,-0.005340,-0.031190,-0.005340,-0.122730,-0.292900,0.285710,0.351050,-0.406480,-0.406480,0.036690,0.067800,27.890000,24.190000,17.320000,9.130000,0.035800,0.208800,0.266700,0.252000,0.813800,0.422700,0.371300,0.368200,0.238400,0.300700,0.267100,0.393000,2.954000,0.010900,0.513000,0.852000,0.038700,0.033300,3.730000,-0.278000,-0.001500,0.017300,-0.009600,4.330000,2.560000,neutral,0.788900,0.888900,0.733300,0.733300,0.255600,0.600000,0.690600
GOOGL,2026-04-10,252.920000,-0.014730,-0.025810,-0.009630,-0.025810,-0.009630,-0.004290,-0.005780,0.179610,0.221640,-0.158340,-0.158340,0.086710,-0.095600,25.080000,21.680000,18.460000,6.890000,0.031780,0.146700,0.209700,0.180300,0.590300,0.330100,0.294500,0.320600,0.212900,0.264800,0.092200,0.124000,1.923000,-0.007900,0.487000,0.768000,-0.023400,-0.002600,3.680000,0.185000,0.050900,-0.030900,0.027800,4.330000,2.560000,risk-on,0.811100,0.683300,0.416700,0.900000,0.661100,0.366700,0.653100
AMZN,2026-04-10,223.190000,0.001750,-0.017000,-0.083480,-0.017000,-0.083480,-0.082840,-0.147120,0.193000,0.269690,-0.263380,-0.263380,0.024420,-0.046100,45.370000,31.680000,17.760000,3.470000,0.017300,0.104600,0.145600,0.124800,0.485200,0.109900,0.092900,0.209700,0.085600,0.140100,0.532100,1.025000,1.054000,-0.003000,0.693000,0.530000,0.047700,0.029800,3.970000,0.443000,0.022000,0.039700,0.033200,4.330000,2.560000,risk-on,0.466700,0.422200,0.222200,0.266700,0.505600,0.577800,0.395800
TSLA,2026-04-10,823.280000,0.037790,-0.044600,-0.095180,-0.044600,-0.095180,0.417490,0.277180,0.550360,0.521700,-0.129230,-0.129230,0.660140,0.305400,116.420000,94.100000,76.680000,13.890000,0.002810,0.009300,0.011700,0.010200,0.179100,0.072500,0.072400,0.103300,0.062000,0.080600,0.178900,1.579000,1.994000,-0.015100,0.383000,1.470000,-0.047600,-0.029700,4.220000,-0.204000,-0.024600,0.038600,-0.020400,4.330000,2.560000,risk-off,0.044400,0,0,0.777800,0.627800,0.111100,0.230800
JPM,2026-04-10,223.540000,-0.010580,-0.063120,-0.093620,-0.063120,-0.093620,-0.120300,-0.251750,0.181500,0.202870,-0.284970,-0.284970,0,-0.116700,13.180000,13.880000,11.630000,3.710000,0.050700,0.099800,0.127200,0.126500,0.597100,0.404600,0.316200,0.165100,0.013600,0.107600,1.271200,1.095000,1.091000,-0.013500,0.293000,0.593000,0.000600,-0.159400,3.260000,0.334000,0.099100,-0.028000,-0.002700,4.330000,2.560000,risk-on,0.977800,0.305600,0.288900,0.144400,0.277800,0.255600,0.403300
V,2026-04-10,401.400000,0.003980,0.012640,0.018420,0.012640,0.018420,0.014430,0.090410,0.134120,0.159300,-0.049580,-0.049580,0.136820,-0.153400,30.530000,27.160000,20.780000,15.860000,0.033230,0.098500,0.137000,0.122400,0.803200,0.666900,0.543000,0.509400,0.204700,0.426400,0.518600,1.073000,1.262000,0.025900,0.509000,1.407000,-0.000600,0.159400,4.040000,0.287000,-0.042100,0.059800,0.005800,4.330000,2.560000,risk-on,0.533300,0.272200,0.844400,0.444400,0.827800,0.688900,0.589700
NFLX,2026-04-10,1263.500000,0.013110,-0.048780,-0.109220,-0.048780,-0.109220,-0.296680,-0.218030,0.313430,0.342080,-0.356230,-0.356230,0.110370,0.090100,43.220000,33.700000,29.880000,10.160000,0.017660,0.154900,0.200400,0.167600,0.457000,0.262000,0.222500,0.355000,0.138600,0.236600,0.719500,2.137000,1.215000,0.058300,0.726000,1.380000,-0.015200,-0.030800,4.310000,0.201000,-0.015700,-0.010900,0.074600,4.330000,2.560000,neutral,0.266700,0.666700,0.322200,0.255600,0.144400,0.944400,0.405600
AAPL,2026-04-17,223.410000,-0.000720,-0.049480,-0.107500,-0.049480,-0.107500,0.016240,-0.227250,0.264130,0.243470,-0.310420,-0.310420,0.049760,-0.198300,33.330000,27.930000,25.720000,9.330000,0.029350,0.061100,0.087400,0.070900,0.462200,0.316600,0.236700,1.571700,0.253700,0.585600,1.845400,4.518000,0.867000,0.013700,0.618000,0.822000,-0.271700,0.038800,4.500000,-0.398000,-0.015400,0.035100,-0.056100,4.320000,2.440000,neutral,0.533300,0.111100,0.672200,0,0.466700,0.594400,0.392800
MSFT,2026-04-17,435.510000,-0.006800,-0.055090,-0.054040,-0.055090,-0.054040,-0.124900,-0.192630,0.204880,0.186850,-0.285840,-0.285840,0,0.007800,34.960000,28.660000,25.060000,13.070000,0.022450,0.148300,0.212900,0.184700,0.689500,0.444800,0.361300,0.347700,0.187300,0.275900,0.337100,0.658000,1.320000,0.095400,0.868000,0.861000,-0.184500,-0.270900,4.310000,0.216000,0.044300,0.009400,-0.006100,4.320000,2.440000,neutral,0.422200,0.700000,0.594400,0.555600,0.522200,1,0.605000
NVDA,2026-04-17,90.010000,0.001560,-0.070430,0.031520,-0.070430,0.031520,0.074620,-0.244690,0.440020,0.440670,-0.513640,-0.513640,0.210950,0.303800,52.780000,34.130000,43.470000,24.870000,0.024690,0.789000,1.108400,0.911800,0.743500,0.621800,0.560300,0.907700,0.668500,0.779000,0.128600,0.362000,4.173000,0.019300,0.623000,1.318000,0.456200,0.232200,4.210000,0.087000,0.020900,0.068600,0.019100,4.320000,2.440000,risk-off,0.155600,1,0.905600,0.922200,0.661100,0.761100,0.725800
META,2026-04-17,643.750000,0.001850,-0.071480,-0.098090,-0.071480,-0.098090,-0.168290,-0.307710,0.284320,0.351520,-0.448910,-0.448910,0.009190,0.136700,28.350000,22.510000,16.600000,8.530000,0.038330,0.217700,0.290600,0.260300,0.820800,0.418200,0.379700,0.371800,0.231400,0.297400,0.274600,0.390000,2.970000,0.047200,0.603000,0.852000,0.041800,0.029700,4.380000,-0.044000,-0.031800,0.008300,-0.042800,4.320000,2.440000,neutral,0.788900,0.888900,0.733300,0.733300,0.172200,0.661100,0.684200
GOOGL,2026-04-17,245.290000,-0.009370,-0.030170,-0.043330,-0.030170,-0.043330,-0.010490,-0.066100,0.174070,0.219300,-0.183730,-0.183730,0.053920,0.144900,22.290000,20.840000,17.380000,6.760000,0.032110,0.155700,0.203200,0.172400,0.590400,0.328300,0.295000,0.319600,0.216100,0.264500,0.093200,0.124000,1.906000,-0.037000,0.315000,0.768000,-0.020200,-0.003200,4.350000,0.002000,-0.000800,0.031700,-0.011700,4.320000,2.440000,risk-on,0.811100,0.633300,0.416700,0.900000,0.700000,0.250000,0.637200
AMZN,2026-04-17,214.890000,-0.006610,-0.037190,-0.119920,-0.037190,-0.119920,-0.090100,-0.192020,0.237610,0.271270,-0.290770,-0.290770,0.003880,-0.494300,43.050000,34.820000,20.750000,3.690000,0.016800,0.108800,0.150500,0.135600,0.492000,0.107900,0.091200,0.209400,0.085500,0.140600,0.545500,1.021000,1.079000,-0.052800,0.287000,0.530000,0.049900,0.029900,3.710000,-0.273000,-0.015200,0.014500,0.087700,4.320000,2.440000,neutral,0.466700,0.444400,0.222200,0.305600,0.433300,0,0.337500
TSLA,2026-04-17,824.930000,-0.005520,0.002000,-0.080810,0.002000,-0.080810,0.461580,0.405690,0.595990,0.527150,-0.127480,-0.127480,0.584640,0.398500,122.240000,87.410000,72.100000,13.550000,0.002830,0.008900,0.011800,0.010300,0.175600,0.074100,0.072500,0.106900,0.062300,0.080900,0.179900,1.579000,1.991000,0.034000,0.648000,1.470000,-0.049900,-0.029800,4.330000,0.261000,-0.058900,-0.014500,0.047400,4.320000,2.440000,risk-off,0.044400,0,0,0.777800,0.738900,0.816700,0.318100
JPM,2026-04-17,214.770000,-0.007670,-0.039230,-0.126530,-0.039230,-0.126530,-0.150840,-0.298070,0.171530,0.212590,-0.313020,-0.313020,0.003790,-0.165600,12.450000,13.890000,11.480000,3.820000,0.048880,0.103300,0.133500,0.123900,0.605300,0.400800,0.316600,0.168100,0.013500,0.109300,1.256100,1.091000,1.089000,-0.043300,0.289000,0.593000,0.002100,-0.155500,2.890000,-0.044000,-0.024100,0.007100,-0.025600,4.320000,2.440000,risk-on,0.977800,0.300000,0.288900,0.144400,0.238900,0.138900,0.384700
V,2026-04-17,396.840000,-0.005240,-0.011360,0.002450,-0.011360,0.002450,0.024050,0.090340,0.123270,0.154190,-0.060380,-0.060380,0.123910,-0.325500,30.920000,29.230000,22.230000,16.750000,0.029910,0.099100,0.138400,0.113600,0.793400,0.654700,0.537100,0.511000,0.206500,0.420400,0.504200,1.071000,1.285000,0.008200,0.497000,1.407000,-0.002100,0.155600,3.820000,0.741000,0.053900,0.020900,0.014200,4.320000,2.440000,risk-on,0.533300,0.255600,0.844400,0.405600,0.866700,0.461100,0.563600
NFLX,2026-04-17,1193.250000,-0.030160,-0.055600,-0.083160,-0.055600,-0.083160,-0.281720,-0.267140,0.294090,0.330070,-0.392020,-0.392020,0,-0.176100,43.620000,33.840000,31.230000,9.810000,0.018740,0.154400,0.208100,0.183200,0.460600,0.266400,0.219500,0.361400,0.143300,0.241200,0.725800,2.132000,1.212000,-0.012400,0.541000,1.380000,-0.021500,-0.026500,3.580000,0.371000,0.052900,0.012300,-0.020700,4.320000,2.440000,neutral,0.266700,0.666700,0.322200,0.255600,0.200000,0.316700,0.351100
AAPL,2026-04-24,221,-0.002480,-0.010790,-0.109950,-0.010790,-0.109950,-0.010790,-0.238670,0.270720,0.246320,-0.317860,-0.317860,0.038440,-0.130000,33.990000,30.770000,24.790000,8.920000,0.028550,0.063200,0.094900,0.073800,0.467800,0.313100,0.240000,1.574900,0.252400,0.588800,1.827100,4.509000,0.867000,0.039000,0.779000,0.822000,-0.277700,0.032900,3.790000,0.009000,0.065700,0.007500,0.029900,4.350000,2.430000,neutral,0.533300,0.111100,0.672200,0,0.383300,0.783300,0.399200
MSFT,2026-04-24,443.780000,0.021480,0.018990,-0.023670,0.018990,-0.023670,-0.091420,-0.170470,0.216330,0.197030,-0.272280,-0.272280,0.032310,-0.099200,34.040000,29.110000,24.920000,12.420000,0.021350,0.150600,0.208200,0.186800,0.702900,0.442800,0.364100,0.349400,0.187100,0.284000,0.325700,0.655000,1.361000,0.003900,0.562000,0.861000,-0.190300,-0.271900,4.020000,0.151000,0.044000,-0.023400,0.015100,4.350000,2.430000,neutral,0.422200,0.627800,0.594400,0.555600,0.577800,0.438900,0.542800
NVDA,2026-04-24,86.740000,0.022150,-0.036330,-0.066410,-0.036330,-0.066410,0.135640,-0.231910,0.440210,0.436250,-0.531310,-0.531310,0.166960,-0.059300,51.630000,34.750000,39.890000,25.800000,0.024370,0.808900,1.049500,0.886300,0.752000,0.624700,0.556800,0.899800,0.659900,0.795000,0.130400,0.356000,4.139000,-0.020600,0.410000,1.318000,0.468000,0.239100,4.230000,-0.188000,0.033400,-0.005000,0.021400,4.350000,2.430000,risk-off,0.155600,1,0.905600,0.922200,0.550000,0.250000,0.658100
META,2026-04-24,619.180000,-0.011610,-0.038170,-0.152600,-0.038170,-0.152600,-0.195050,-0.358380,0.250440,0.337710,-0.469940,-0.469940,0,0.183900,27.140000,25.080000,18.980000,9.980000,0.038140,0.220200,0.329400,0.263400,0.814000,0.422300,0.366000,0.372800,0.230800,0.300700,0.270600,0.388000,2.931000,0.008600,0.642000,0.852000,0.044100,0.030000,4.100000,-0.032000,0.015900,-0.026700,0.082000,4.350000,2.430000,neutral,0.788900,0.888900,0.733300,0.733300,0.083300,0.466700,0.651400
GOOGL,2026-04-24,253.440000,0.009520,0.033230,-0.026200,0.033230,-0.026200,0.000160,-0.048720,0.157420,0.223760,-0.156610,-0.156610,0.088940,-0.084400,24.950000,21.880000,16.960000,6.990000,0.030880,0.151900,0.205100,0.184200,0.595100,0.329000,0.291500,0.324500,0.215900,0.268100,0.093600,0.123000,1.914000,-0.041100,0.339000,0.768000,-0.024200,-0.002600,3.720000,-0.253000,0.049500,0.004900,0.026900,4.350000,2.430000,risk-on,0.811100,0.627800,0.416700,0.900000,0.727800,0.111100,0.626400
AMZN,2026-04-24,218.230000,0.011450,0.015540,-0.091390,0.015540,-0.091390,-0.081480,-0.172590,0.252220,0.267060,-0.279750,-0.279750,0.019480,-0.159500,46.480000,32.490000,20.020000,3.550000,0.018050,0.110900,0.147800,0.130700,0.489000,0.109900,0.092500,0.208500,0.086700,0.139500,0.539000,1.018000,1.044000,0.094700,0.698000,0.530000,0.050800,0.028600,4.500000,0.376000,-0.022000,0.041600,0.036000,4.350000,2.430000,neutral,0.466700,0.444400,0.222200,0.266700,0.444400,0.961100,0.429400
TSLA,2026-04-24,917.960000,-0.006450,0.112770,0.045740,0.112770,0.045740,0.472910,0.523940,0.689240,0.544390,-0.029090,-0.029090,0.692060,-0.340700,118.480000,94.080000,76.500000,13.610000,0.002930,0.009300,0.012600,0.010700,0.178800,0.073900,0.074100,0.102200,0.062400,0.082400,0.179900,1.579000,2.024000,0.051200,0.545000,1.470000,-0.050800,-0.028600,4.560000,-0.316000,-0.037500,-0.008400,0.021200,4.350000,2.430000,risk-off,0.044400,0,0,0.777800,0.850000,0.733300,0.326400
JPM,2026-04-24,215.920000,-0.010810,0.005350,-0.125480,0.005350,-0.125480,-0.132360,-0.304050,0.183270,0.213420,-0.309340,-0.309340,0.009160,0.137300,13.370000,15.440000,10.670000,4.040000,0.047090,0.103800,0.144000,0.122200,0.598800,0.405000,0.307100,0.165300,0.013800,0.108500,1.263600,1.089000,1.094000,0.045000,0.680000,0.593000,0.002600,-0.151800,4.100000,0.256000,-0.020000,0.037700,0.008000,4.350000,2.430000,risk-on,0.977800,0.300000,0.288900,0.144400,0.250000,0.722200,0.444700
V,2026-04-24,404.630000,0.008570,0.019630,0.000670,0.019630,0.000670,0.058020,0.085350,0.122030,0.151960,-0.041930,-0.041930,0.145970,0.047100,31.070000,29.750000,22.290000,15.720000,0.034170,0.098500,0.146500,0.115500,0.799700,0.659800,0.556900,0.506700,0.203400,0.412100,0.509400,1.069000,1.305000,0.035100,0.521000,1.407000,-0.002600,0.151800,3.460000,-0.082000,-0.008700,0.004900,-0.010400,4.350000,2.430000,risk-on,0.533300,0.255600,0.844400,0.444400,0.866700,0.533300,0.576700
NFLX,2026-04-24,1244.400000,0.002800,0.042870,-0.046310,0.042870,-0.046310,-0.185660,-0.267040,0.312260,0.325060,-0.365960,-0.365960,0.045060,0.117200,43.050000,33.520000,29.710000,9.500000,0.017990,0.156200,0.214900,0.199700,0.463900,0.261700,0.221100,0.364400,0.141900,0.243300,0.715400,2.124000,1.226000,-0.094700,0.210000,1.380000,-0.019900,-0.027400,3.140000,0.088000,-0.049300,0.065600,-0.015700,4.350000,2.430000,neutral,0.266700,0.744400,0.322200,0.255600,0.266700,0,0.345000
AAPL,2026-05-01,227.740000,-0.009480,0.030500,-0.059970,0.030500,-0.059970,0.025120,-0.229910,0.302940,0.265260,-0.297060,-0.297060,0.070110,-0.049400,35.080000,29.910000,25.420000,8.350000,0.030110,0.063800,0.082400,0.070200,0.454500,0.319900,0.239600,1.598000,0.259200,0.583000,1.893800,4.502000,0.884000,0.076400,0.773000,0.822000,-0.279000,0.028300,4.360000,-0.201000,-0.026900,0.050500,0.018000,4.300000,2.350000,neutral,0.533300,0.111100,0.650000,0,0.366700,0.833300,0.397200
MSFT,2026-05-01,450.700000,0.000640,0.015590,-0.031810,0.015590,-0.031810,-0.060810,-0.140840,0.188250,0.192660,-0.260930,-0.260930,0.048410,-0.371100,35.060000,28.610000,25.910000,11.820000,0.023080,0.153100,0.209600,0.187600,0.692100,0.454900,0.359200,0.357200,0.188700,0.284000,0.329400,0.653000,1.332000,0.024100,0.453000,0.861000,-0.189700,-0.270700,4,-0.521000,0.042500,0.049500,-0.066000,4.300000,2.350000,risk-on,0.422200,0.672200,0.594400,0.555600,0.527800,0.561100,0.556400
NVDA,2026-05-01,95.800000,0.023290,0.104450,-0.050070,0.104450,-0.050070,0.237410,-0.078140,0.485200,0.449850,-0.482360,-0.482360,0.288850,-0.023500,55.970000,32.410000,45.660000,26.620000,0.024110,0.811600,1.013100,0.936300,0.740500,0.619700,0.556300,0.905400,0.653800,0.797200,0.131700,0.352000,4.184000,0.104600,1,1.318000,0.468800,0.242500,4.800000,0.384000,-0.020800,-0.002300,0.082600,4.300000,2.350000,risk-off,0.155600,1,0.905600,0.922200,0.577800,1,0.737200
META,2026-05-01,596.030000,-0.010690,-0.037390,-0.195150,-0.037390,-0.195150,-0.227920,-0.378850,0.233740,0.325880,-0.489760,-0.489760,0,-0.017300,29.220000,23.870000,18.200000,9.030000,0.038890,0.227400,0.307900,0.275300,0.816800,0.426800,0.374700,0.367300,0.235100,0.307300,0.272000,0.386000,2.957000,0.006700,0.575000,0.852000,0.048700,0.033200,4.410000,0.187000,-0.022400,0.028900,-0.034200,4.300000,2.350000,neutral,0.788900,0.888900,0.733300,0.733300,0.083300,0.477800,0.652500
GOOGL,2026-05-01,249.210000,0.007520,-0.016690,-0.045360,-0.016690,-0.045360,0.035790,-0.057770,0.195450,0.214890,-0.170680,-0.170680,0.070770,-0.197900,23.570000,22.800000,17.030000,6.940000,0.036250,0.151100,0.200200,0.181900,0.592200,0.328500,0.297300,0.321400,0.212600,0.271500,0.092800,0.123000,1.845000,0.053100,0.725000,0.768000,-0.027600,-0.002600,4.630000,0.077000,0.054400,0.020600,0.002800,4.300000,2.350000,risk-on,0.811100,0.594400,0.416700,0.900000,0.683300,0.805600,0.682500
AMZN,2026-05-01,230.290000,0.018980,0.055260,-0.020670,0.055260,-0.020670,0.045540,-0.135190,0.302340,0.263230,-0.239940,-0.239940,0.075820,0.091300,42.490000,30.690000,19.920000,3.620000,0.017350,0.107500,0.152600,0.136500,0.486900,0.108900,0.091400,0.211500,0.090200,0.141500,0.535700,1.017000,1.064000,0.007900,0.462000,0.530000,0.049400,0.029500,4,0.148000,-0.001600,0.025800,-0.058000,4.300000,2.350000,neutral,0.466700,0.388900,0.222200,0.266700,0.655600,0.427800,0.396700
TSLA,2026-05-01,963.850000,0.003220,0.049990,0.076600,0.049990,0.076600,0.429730,0.559800,0.758870,0.567090,0,0,0.707710,-0.171000,118.810000,90.890000,74.280000,13.290000,0.002840,0.008800,0.012000,0.010400,0.179100,0.074000,0.073000,0.103800,0.061800,0.082500,0.180300,1.579000,2.001000,-0.030700,0.397000,1.470000,-0.049300,-0.029500,3.770000,-0.071000,-0.015200,-0.046400,0.030500,4.300000,2.350000,risk-off,0.044400,0,0,0.777800,0.850000,0.038900,0.256900
JPM,2026-05-01,221.490000,-0.000140,0.025800,-0.085170,0.025800,-0.085170,-0.089870,-0.276080,0.204440,0.206880,-0.291530,-0.291530,0.035190,-0.304900,11.210000,13.340000,11.860000,3.850000,0.046570,0.109700,0.124100,0.119100,0.605100,0.404700,0.314900,0.166400,0.013700,0.110000,1.285600,1.084000,1.084000,0.018200,0.440000,0.593000,0.006600,-0.151400,4.040000,-0.089000,0.010700,-0.067000,0.085800,4.300000,2.350000,neutral,0.977800,0.388900,0.288900,0.144400,0.261100,0.533300,0.445300
V,2026-05-01,403.740000,-0.006080,-0.002200,0.006180,-0.002200,0.006180,0.021530,0.051320,0.121000,0.149570,-0.044040,-0.044040,0.143450,-0.016800,31.840000,25.740000,23.820000,15.890000,0.031340,0.096500,0.121000,0.111300,0.798400,0.671300,0.540500,0.496700,0.208500,0.412700,0.501600,1.068000,1.276000,-0.018300,0.382000,1.407000,-0.006600,0.151300,4.170000,-0.243000,0.006800,0.014700,0.030000,4.300000,2.350000,risk-on,0.533300,0.222200,0.844400,0.444400,0.750000,0.172200,0.516400
NFLX,2026-05-01,1285.410000,0.011610,0.032960,-0.046310,0.032960,-0.046310,-0.182380,-0.300130,0.293360,0.322140,-0.345060,-0.345060,0.079510,0.004700,43.250000,35.010000,32.310000,10.140000,0.017230,0.157500,0.216300,0.180000,0.464700,0.269100,0.221400,0.358300,0.144600,0.243400,0.725000,2.117000,1.225000,-0.018500,0.420000,1.380000,-0.021200,-0.030700,3.850000,-0.170000,-0.058200,-0.017100,0.013700,4.300000,2.350000,neutral,0.266700,0.733300,0.344400,0.255600,0.244400,0.150000,0.358900
AAPL,2026-05-08,229.870000,0.001000,0.009350,-0.013260,0.009350,-0.013260,0.037040,-0.193550,0.306870,0.268980,-0.290480,-0.290480,0.080110,0.417200,35.970000,29.880000,24.420000,8.630000,0.027560,0.060400,0.082300,0.077500,0.463300,0.318700,0.243400,1.570500,0.263600,0.582700,1.885100,4.503000,0.859000,0.014200,0.415000,0.822000,-0.266000,0.035600,3.820000,-0.458000,0.004500,0.051300,0.006200,4.270000,2.290000,neutral,0.533300,0.111100,0.650000,0,0.450000,0.072200,0.333600
MSFT,2026-05-08,447.780000,-0.004360,-0.006480,-0.014110,-0.006480,-0.014110,-0.053400,-0.141110,0.193930,0.194300,-0.265720,-0.265720,0.041620,-0.013700,37.130000,28.930000,23.780000,12.900000,0.021020,0.149400,0.220100,0.193200,0.693700,0.449300,0.365700,0.355300,0.184900,0.280500,0.328900,0.652000,1.372000,0.021900,0.647000,0.861000,-0.177000,-0.266600,3.980000,-0.159000,0.037000,-0.020100,0.032000,4.270000,2.290000,risk-on,0.422200,0.633300,0.594400,0.555600,0.511100,0.327800,0.522800
NVDA,2026-05-08,91.590000,-0.007050,-0.043950,-0.079870,-0.043950,-0.079870,0.148610,-0.070720,0.413280,0.451610,-0.505110,-0.505110,0.232210,-0.122700,58.970000,31.480000,47.660000,26.440000,0.023260,0.769400,1.055800,0.907500,0.752100,0.624100,0.560100,0.924500,0.651400,0.778000,0.131500,0.352000,4.173000,-0.046100,0.461000,1.318000,0.443000,0.230900,3.990000,0.186000,-0.005900,0.040900,0.037900,4.270000,2.290000,risk-off,0.155600,1,0.905600,0.922200,0.577800,0.038900,0.641100
META,2026-05-08,597.930000,0.007700,0.003190,-0.138140,0.003190,-0.138140,-0.138390,-0.360260,0.216580,0.305870,-0.488130,-0.488130,0.025430,-0.149100,24.970000,22.330000,18.110000,8.800000,0.038300,0.230500,0.316000,0.261400,0.812100,0.426000,0.374700,0.374600,0.237500,0.299900,0.273400,0.384000,3.032000,0.097800,1,0.852000,0.050000,0.026700,4.330000,0.097000,0.029800,-0.028300,0.019200,4.270000,2.290000,neutral,0.788900,0.888900,0.733300,0.733300,0.122200,0.900000,0.700600
GOOGL,2026-05-08,231.530000,-0.020060,-0.070940,-0.098050,-0.070940,-0.098050,-0.064830,-0.129720,0.214960,0.217600,-0.229520,-0.229520,0,-0.096100,25.050000,20.170000,18.810000,6.560000,0.032380,0.153000,0.211100,0.174200,0.597100,0.330200,0.294300,0.319700,0.216200,0.272700,0.095000,0.123000,1.900000,0.022200,0.630000,0.768000,-0.027500,-0.000500,4.190000,-0.008000,-0.027700,0.026500,-0.000300,4.270000,2.290000,neutral,0.811100,0.611100,0.416700,0.900000,0.383300,0.305600,0.590800
AMZN,2026-05-08,241.770000,0.029070,0.049850,0.085140,0.049850,0.085140,0.038660,-0.078760,0.278360,0.266540,-0.202050,-0.202050,0.129450,-0.077900,40.270000,33.960000,18.390000,3.700000,0.016070,0.110800,0.157400,0.137200,0.489300,0.108800,0.094100,0.216100,0.091200,0.143500,0.540400,1.014000,1.061000,0.071400,0.800000,0.530000,0.050700,0.030400,4.200000,-0.004000,0.006200,0.086400,0.005200,4.270000,2.290000,neutral,0.466700,0.444400,0.222200,0.266700,0.672200,0.638900,0.431400
TSLA,2026-05-08,994.170000,0.019060,0.031460,0.253210,0.031460,0.253210,0.330400,0.597500,0.662240,0.560980,0,0,0.761430,-0.111900,117.720000,87.330000,70.340000,13.520000,0.002580,0.009300,0.012600,0.010700,0.181300,0.072300,0.072800,0.104400,0.061100,0.082700,0.183100,1.578000,2.070000,0.052800,0.505000,1.470000,-0.050800,-0.030400,3.600000,-0.011000,0.025600,0.000300,0.003000,4.270000,2.290000,risk-off,0.044400,0,0,0.777800,0.850000,0.422200,0.295300
JPM,2026-05-08,216.560000,-0.009880,-0.022260,-0.041470,-0.022260,-0.041470,-0.134420,-0.275890,0.209300,0.208980,-0.307300,-0.307300,0.012150,0.200500,11.480000,13.380000,11.490000,4.040000,0.050690,0.108300,0.137300,0.122400,0.605500,0.411000,0.315700,0.164800,0.013700,0.109700,1.301400,1.083000,1.096000,0.055900,0.746000,0.593000,0.005200,-0.153400,4.220000,-0.283000,0.004800,0.050600,0.005000,4.270000,2.290000,neutral,0.977800,0.333300,0.288900,0.144400,0.305600,0.527800,0.440300
V,2026-05-08,408.630000,0.010060,0.012110,0.022060,0.012110,0.022060,0.039110,0.026970,0.131180,0.155710,-0.032460,-0.032460,0.157300,-0.048700,29.310000,27.370000,24.200000,15.910000,0.030770,0.098000,0.128000,0.111400,0.784900,0.652700,0.547600,0.493000,0.204100,0.416500,0.487200,1.065000,1.229000,0.072300,0.814000,1.407000,-0.005100,0.153400,4.260000,0.129000,-0.034000,0.105200,0.041800,4.270000,2.290000,risk-on,0.533300,0.222200,0.844400,0.444400,0.811100,0.805600,0.588900
NFLX,2026-05-08,1322.330000,0.013890,0.028720,0.060280,0.028720,0.060280,-0.157110,-0.243840,0.258720,0.308820,-0.326250,-0.326250,0.110510,0.310000,43.260000,34.100000,30.170000,10.020000,0.018160,0.157900,0.229900,0.186800,0.464800,0.263800,0.221800,0.363000,0.143700,0.246900,0.725600,2.111000,1.220000,0.113500,0.943000,1.380000,-0.022600,-0.026300,4.440000,0.304000,0.020800,0.012700,-0.050800,4.270000,2.290000,neutral,0.266700,0.755600,0.344400,0.255600,0.316700,0.961100,0.455300
AAPL,2026-05-15,221.690000,-0.006320,-0.035590,-0.008410,-0.035590,-0.008410,0.015440,-0.201000,0.245540,0.260800,-0.315730,-0.315730,0.041680,-0.023200,32.360000,28.900000,22.880000,8.300000,0.029070,0.063200,0.087500,0.074800,0.465000,0.318900,0.237900,1.627500,0.263200,0.593000,1.939200,4.493000,0.880000,0.022100,0.449000,0.822000,-0.273500,0.033000,4.740000,-0.103000,0.063200,0.096200,0.056100,4.230000,2.180000,neutral,0.533300,0.111100,0.672200,0,0.500000,0.466700,0.385000
MSFT,2026-05-15,433.560000,-0.009750,-0.031760,-0.011240,-0.031760,-0.011240,-0.094810,-0.159230,0.222190,0.208270,-0.289040,-0.289040,0.008540,-0.146100,34.080000,29.350000,23.540000,12.310000,0.020310,0.152100,0.214800,0.186200,0.699700,0.449500,0.365900,0.356200,0.188400,0.281100,0.343500,0.649000,1.329000,0.000100,0.513000,0.861000,-0.184600,-0.278900,3.960000,0.104000,-0.069900,0.036200,0.040900,4.230000,2.180000,neutral,0.422200,0.616700,0.594400,0.555600,0.438900,0.316700,0.507500
NVDA,2026-05-15,85.530000,-0.017120,-0.066160,-0.048290,-0.066160,-0.048290,0.079520,-0.130530,0.394730,0.456760,-0.537850,-0.537850,0.150680,-0.075100,59.830000,31.220000,40.960000,25.050000,0.025290,0.794800,1.207900,0.977900,0.762600,0.638000,0.565000,0.928800,0.667500,0.805900,0.130500,0.346000,4.268000,0.059700,0.712000,1.318000,0.458100,0.245900,3.680000,0.336000,0.010200,0.016000,0.057100,4.230000,2.180000,risk-off,0.155600,1,0.905600,0.922200,0.550000,0.711100,0.704200
META,2026-05-15,596.860000,0.004810,-0.001790,-0.071120,-0.001790,-0.071120,-0.143460,-0.312840,0.165100,0.295280,-0.489050,-0.489050,0.023600,-0.295100,26.030000,24.090000,15,9.160000,0.040070,0.225400,0.315300,0.268200,0.821500,0.424900,0.372100,0.375500,0.238400,0.306400,0.268400,0.383000,3.029000,0.035700,0.668000,0.852000,0.044500,0.033100,4.140000,0.514000,0.031500,-0.004700,-0.010200,4.230000,2.180000,risk-on,0.788900,0.888900,0.733300,0.733300,0.238900,0.555600,0.683600
GOOGL,2026-05-15,225.410000,-0.025420,-0.026430,-0.089660,-0.026430,-0.089660,-0.081050,-0.148430,0.269000,0.233840,-0.249880,-0.249880,0.009630,0.057700,25.600000,20.370000,18.340000,6.520000,0.033510,0.150000,0.216900,0.179500,0.593300,0.330600,0.291600,0.325500,0.217600,0.273500,0.093800,0.123000,1.878000,0.020600,0.641000,0.768000,-0.030900,0.000200,4.220000,0.299000,0.047200,0.039000,-0.010900,4.230000,2.180000,neutral,0.811100,0.638900,0.416700,0.900000,0.344400,0.400000,0.600000
AMZN,2026-05-15,243.630000,0.022920,0.007690,0.126250,0.007690,0.126250,0.048370,-0.056320,0.256290,0.270100,-0.195910,-0.195910,0.138140,0.278300,43.310000,31.720000,18.820000,3.650000,0.016910,0.115600,0.162200,0.132900,0.491800,0.109200,0.093500,0.214900,0.087900,0.139900,0.552200,1.010000,1.095000,0.056300,0.735000,0.530000,0.053200,0.029500,3.650000,0.331000,0.073900,0.012500,0.042700,4.230000,2.180000,neutral,0.466700,0.444400,0.222200,0.266700,0.783300,0.844400,0.468600
TSLA,2026-05-15,923.760000,0.002840,-0.070820,0.113620,-0.070820,0.113620,0.090900,0.469130,0.589100,0.551600,-0.070820,-0.070820,0.636680,0.031500,123.540000,85.210000,73.620000,12.810000,0.002710,0.009200,0.013000,0.010800,0.181100,0.074200,0.073700,0.106200,0.063200,0.080800,0.181700,1.578000,2.064000,-0.011500,0.416000,1.470000,-0.053200,-0.029600,3.890000,0.320000,-0.034500,-0.046500,-0.001700,4.230000,2.180000,risk-off,0.044400,0,0,0.777800,0.822200,0.183300,0.267200
JPM,2026-05-15,208.430000,-0.002920,-0.037540,-0.036960,-0.037540,-0.036960,-0.153310,-0.277990,0.205030,0.214060,-0.333300,-0.333300,0,-0.094100,12.490000,14.080000,10.510000,3.780000,0.050180,0.105300,0.140000,0.129300,0.609800,0.405200,0.324300,0.164300,0.013500,0.109900,1.329800,1.082000,1.108000,0.094300,0.961000,0.593000,0.005900,-0.149700,4.920000,-0.116000,0.020000,-0.028200,-0.000500,4.230000,2.180000,neutral,0.977800,0.333300,0.288900,0.144400,0.294400,1,0.485800
V,2026-05-15,401.600000,0.012610,-0.017200,0.006690,-0.017200,0.006690,0.024100,0.022300,0.156820,0.160490,-0.049110,-0.049110,0.137390,0.079600,30.400000,27.320000,21.310000,16.760000,0.030390,0.093500,0.122100,0.116400,0.795200,0.658300,0.535700,0.511900,0.203500,0.409400,0.497300,1.066000,1.278000,0.007500,0.533000,1.407000,-0.005900,0.149800,3.540000,-0.018000,0.034200,0.016400,-0.011300,4.230000,2.180000,risk-on,0.533300,0.222200,0.844400,0.444400,0.772200,0.483300,0.550800
NFLX,2026-05-15,1295.990000,0.021610,-0.019920,0.053340,-0.019920,0.053340,-0.174290,-0.290080,0.312790,0.322130,-0.339670,-0.339670,0.088390,0.131300,41.100000,35.980000,32.010000,9.760000,0.020410,0.167300,0.216400,0.197200,0.464700,0.271300,0.224200,0.364700,0.145900,0.239900,0.741900,2.096000,1.219000,-0.027700,0.436000,1.380000,-0.013600,-0.033400,3.700000,-0.162000,-0.016800,0.016900,0.032900,4.230000,2.180000,neutral,0.266700,0.744400,0.322200,0.255600,0.255600,0.038900,0.347200
AAPL,2026-05-22,220.920000,-0.015900,-0.003470,-0.002840,-0.003470,-0.002840,-0.032750,-0.125590,0.249150,0.257000,-0.318110,-0.318110,0.038060,-0.030100,33.110000,30.940000,24.130000,8.690000,0.027160,0.064100,0.090000,0.077200,0.473200,0.313800,0.241100,1.598600,0.257700,0.588300,1.948700,4.485000,0.891000,-0.071500,0.264000,0.822000,-0.278800,0.032500,3.230000,-0.364000,0.020400,0.026500,0.083100,4.240000,2.140000,neutral,0.533300,0.111100,0.672200,0,0.527800,0.027800,0.345300
MSFT,2026-05-22,440.530000,-0.010290,0.016080,0.013990,0.016080,0.013990,-0.063900,-0.121910,0.240100,0.211510,-0.277610,-0.277610,0.034400,-0.199200,35.230000,29.960000,22.930000,13.220000,0.020550,0.161100,0.230300,0.178000,0.701500,0.455900,0.365300,0.355400,0.186400,0.284000,0.333700,0.645000,1.390000,-0.045800,0.300000,0.861000,-0.181800,-0.271800,3.450000,-0.078000,0.000400,0.083300,0.013500,4.240000,2.140000,neutral,0.422200,0.661100,0.594400,0.555600,0.561100,0.211100,0.524200
NVDA,2026-05-22,82.300000,-0.018720,-0.037760,-0.030170,-0.037760,-0.030170,0.013050,-0.026150,0.353850,0.431890,-0.534110,-0.534110,0.107220,-0.116200,53.790000,35.540000,42.860000,26.020000,0.024350,0.803400,1.019100,0.969400,0.756000,0.638000,0.553000,0.945000,0.665000,0.795200,0.133500,0.341000,4.204000,-0.065900,0.318000,1.318000,0.460500,0.239400,4.050000,-0.085000,0.051900,0.015300,-0.001900,4.240000,2.140000,neutral,0.155600,1,0.905600,0.922200,0.522200,0.122200,0.641100
META,2026-05-22,624.550000,-0.001250,0.046390,-0.003030,0.046390,-0.003030,-0.142530,-0.196900,0.225520,0.276980,-0.465350,-0.465350,0.071090,-0.243100,27.970000,23.790000,17.330000,8.890000,0.037220,0.232400,0.316200,0.277800,0.818900,0.423700,0.383800,0.375900,0.233700,0.301900,0.273000,0.380000,2.988000,-0.041700,0.347000,0.852000,0.051000,0.030700,3.760000,0.059000,0.043400,0.007700,0.054600,4.240000,2.140000,neutral,0.788900,0.888900,0.733300,0.733300,0.377800,0.344400,0.683300
GOOGL,2026-05-22,223.180000,-0.009940,-0.009890,-0.111010,-0.009890,-0.111010,-0.140330,-0.142870,0.261450,0.215570,-0.257300,-0.257300,0.007630,0.064600,24.750000,22.010000,17.110000,6.780000,0.034150,0.146200,0.218800,0.187800,0.595900,0.332200,0.296900,0.319600,0.223000,0.267000,0.094800,0.122000,1.891000,0.064800,0.844000,0.768000,-0.035200,-0.004200,3.870000,-0.081000,0.018600,0.000300,0.045700,4.240000,2.140000,neutral,0.811100,0.650000,0.416700,0.900000,0.266700,0.888900,0.639400
AMZN,2026-05-22,242.620000,-0.015500,-0.004150,0.124490,-0.004150,0.124490,-0.028280,-0.001810,0.267150,0.251600,-0.199250,-0.199250,0.133420,-0.102300,43.820000,31.560000,18.940000,3.290000,0.017060,0.115700,0.147900,0.139200,0.490100,0.109400,0.092900,0.209400,0.087700,0.142400,0.547400,1.008000,1.073000,-0.021500,0.319000,0.530000,0.053200,0.030300,3.650000,-0.113000,0.005000,-0.038200,0.034700,4.240000,2.140000,neutral,0.466700,0.444400,0.222200,0.266700,0.727800,0.405600,0.416400
TSLA,2026-05-22,955.530000,-0.028860,0.034390,0.034210,0.034390,0.034210,0.040870,0.571310,0.570010,0.563930,-0.038870,-0.038870,0.692970,0.004200,118.380000,90.940000,69.620000,13.290000,0.002850,0.009300,0.014100,0.010700,0.180200,0.074000,0.073000,0.105100,0.062700,0.081900,0.186300,1.577000,2.031000,0.036100,0.595000,1.470000,-0.053200,-0.030200,4.440000,-0.057000,-0.040000,0.072000,0.064500,4.240000,2.140000,risk-off,0.044400,0,0,0.777800,0.794400,0.638900,0.308600
JPM,2026-05-22,211.970000,-0.019200,0.016980,-0.028910,0.016980,-0.028910,-0.156510,-0.231800,0.229000,0.210170,-0.321980,-0.321980,0.028580,0.159900,13.030000,13.770000,11.150000,3.860000,0.052660,0.106800,0.143600,0.128100,0.607800,0.405100,0.317500,0.164500,0.013800,0.114000,1.322500,1.079000,1.087000,0.073700,0.860000,0.593000,0.003900,-0.149600,4.390000,0.105000,0.014200,0.040000,0.054900,4.240000,2.140000,neutral,0.977800,0.333300,0.288900,0.144400,0.211100,1,0.473300
V,2026-05-22,394.050000,-0.000990,-0.018800,-0.017800,-0.018800,-0.017800,-0.017430,0.023240,0.161900,0.150180,-0.066980,-0.066980,0.116000,0.248400,29.570000,27.960000,21.850000,17.070000,0.031660,0.099100,0.121700,0.113500,0.775800,0.648600,0.529400,0.498000,0.201700,0.413300,0.500000,1.061000,1.261000,0.035400,0.581000,1.407000,-0.003900,0.149700,4.120000,-0.046000,0.039200,-0.016400,-0.070800,4.240000,2.140000,risk-on,0.533300,0.222200,0.844400,0.444400,0.727800,0.583300,0.554200
NFLX,2026-05-22,1340.740000,-0.021400,0.034530,0.080440,0.034530,0.080440,-0.159500,-0.221430,0.309940,0.321120,-0.316870,-0.316870,0.125970,-0.176800,47.730000,33.660000,30.110000,9.350000,0.017650,0.165600,0.215700,0.184600,0.467900,0.273600,0.225600,0.367100,0.146700,0.244600,0.731400,2.092000,1.247000,0.060900,0.724000,1.380000,-0.015800,-0.026600,4.830000,0.004000,0.024000,0.030600,-0.034800,4.240000,2.140000,neutral,0.266700,0.688900,0.322200,0.255600,0.283300,0.777800,0.414200
AAPL,2026-05-29,217.930000,0.002670,-0.029220,-0.030820,-0.029220,-0.030820,-0.074570,-0.142480,0.228330,0.249550,-0.327340,-0.327340,0.024010,0.095200,34.020000,29.340000,23.400000,9.250000,0.027800,0.060500,0.087000,0.073800,0.467600,0.318400,0.242800,1.585800,0.263000,0.582100,1.969500,4.488000,0.891000,-0.018500,0.498000,0.822000,-0.283000,0.024100,3.680000,0.318000,-0.042700,-0.054500,-0.014400,4.160000,2.140000,neutral,0.533300,0.111100,0.672200,0,0.483300,0.261100,0.361900
MSFT,2026-05-29,446.120000,-0.011430,0.002270,0.005230,0.002270,0.005230,-0.033410,-0.102860,0.242810,0.212360,-0.268440,-0.268440,0.047530,-0.021400,37.150000,29.570000,22.810000,12.310000,0.023780,0.154500,0.218000,0.187600,0.687800,0.454400,0.360400,0.358100,0.194000,0.285200,0.345100,0.645000,1.391000,0.069900,0.925000,0.861000,-0.189000,-0.272800,4.050000,0.293000,0.001400,0.004500,0.065000,4.160000,2.140000,neutral,0.422200,0.650000,0.594400,0.555600,0.594400,0.900000,0.595800
NVDA,2026-05-29,81.780000,-0.027470,-0.024920,-0.116370,-0.024920,-0.116370,0.026230,-0.053470,0.307310,0.432600,-0.515210,-0.515210,0.100230,0.235300,56.180000,34.830000,43.580000,25.150000,0.023070,0.815400,1.114900,0.937700,0.761600,0.636800,0.564200,0.938300,0.655900,0.806700,0.130400,0.336000,4.342000,0.002400,0.601000,1.318000,0.471900,0.248700,4.250000,-0.268000,-0.046900,0.061400,-0.009500,4.160000,2.140000,neutral,0.155600,1,0.905600,0.922200,0.511100,0.455600,0.672800
META,2026-05-29,612.950000,-0.038560,-0.019800,0.014850,-0.019800,0.014850,-0.120200,-0.228620,0.239870,0.276650,-0.475280,-0.475280,0.051190,0.067100,27.340000,22.370000,17.590000,9,0.040030,0.223000,0.324100,0.271300,0.823700,0.419500,0.381600,0.382400,0.234300,0.304400,0.276500,0.380000,2.998000,0.063400,0.735000,0.852000,0.043700,0.029500,4.200000,0.402000,0.039500,0.044700,-0.018200,4.160000,2.140000,neutral,0.788900,0.888900,0.733300,0.733300,0.305600,0.750000,0.713100
GOOGL,2026-05-29,229.530000,0.009720,0.018230,-0.072120,0.018230,-0.072120,-0.097550,-0.152560,0.256750,0.211460,-0.236170,-0.236170,0.036300,-0.224500,24.470000,22.390000,16.510000,6.460000,0.034790,0.152500,0.202100,0.179100,0.592400,0.336200,0.288200,0.317800,0.217500,0.273500,0.093900,0.122000,1.917000,-0.075900,0.235000,0.768000,-0.026800,-0.001400,3.510000,-0.062000,0.000500,0.039200,0.089300,4.160000,2.140000,neutral,0.811100,0.572200,0.416700,0.900000,0.294400,0,0.539200
AMZN,2026-05-29,243.030000,-0.014640,-0.013840,0.073740,-0.013840,0.073740,-0.006300,-0.006870,0.261560,0.248890,-0.171990,-0.171990,0.135340,-0.078600,46.280000,32.020000,19.320000,3.810000,0.016930,0.114900,0.163700,0.145200,0.495200,0.110300,0.092900,0.209300,0.089300,0.144700,0.541800,1.006000,1.089000,0.044400,0.593000,0.530000,0.052700,0.032200,3.730000,0.171000,0.022500,-0.091200,-0.045900,4.160000,2.140000,neutral,0.466700,0.444400,0.222200,0.305600,0.738900,0.644400,0.447800
TSLA,2026-05-29,998.200000,-0.004370,0.014500,0.118420,0.014500,0.118420,0.102920,0.478880,0.521860,0.569630,-0.035440,-0.035440,0.768570,0.139900,111.870000,97.790000,65.090000,12.390000,0.002870,0.009500,0.013900,0.010900,0.180000,0.074100,0.073300,0.104600,0.062400,0.080300,0.185700,1.577000,2.088000,0.079400,0.687000,1.470000,-0.052700,-0.032200,4.710000,0.137000,-0.013600,-0.035600,0.051200,4.160000,2.140000,risk-off,0.044400,0,0,0.777800,0.850000,0.883300,0.341400
JPM,2026-05-29,216.930000,0.011560,0.003750,-0.019480,0.003750,-0.019480,-0.153680,-0.199850,0.239650,0.212620,-0.306110,-0.306110,0.052650,0.103100,12.080000,13.690000,11.600000,3.890000,0.049940,0.111500,0.151400,0.134700,0.608900,0.402700,0.328600,0.168600,0.013700,0.108600,1.319000,1.075000,1.104000,0.042500,0.736000,0.593000,0.005900,-0.151000,3.740000,-0.059000,-0.003800,-0.019400,-0.002800,4.160000,2.140000,neutral,0.977800,0.333300,0.288900,0.144400,0.283300,0.672200,0.451400
V,2026-05-29,387.730000,-0.024530,-0.017010,-0.043370,-0.017010,-0.043370,-0.036480,0.010270,0.184650,0.157640,-0.081950,-0.081950,0.098110,0.430100,30.310000,27.390000,23.420000,16.910000,0.031120,0.099700,0.128400,0.112800,0.782600,0.640100,0.530500,0.509100,0.200000,0.410700,0.492800,1.059000,1.247000,-0.009400,0.313000,1.407000,-0.005900,0.151100,3.480000,0.010000,0.021200,-0.009000,0.051000,4.160000,2.140000,risk-on,0.533300,0.222200,0.844400,0.405600,0.622200,0.322200,0.506400
NFLX,2026-05-29,1336.010000,-0.016160,-0.024850,0.043200,-0.024850,0.043200,-0.100140,-0.212540,0.322600,0.318780,-0.319280,-0.319280,0.122000,0.179500,45,33.030000,32.050000,10.100000,0.018440,0.162300,0.220700,0.189800,0.466800,0.272200,0.222000,0.369000,0.145100,0.246700,0.724400,2.089000,1.214000,-0.059800,0.299000,1.380000,-0.017000,-0.028200,3.110000,-0.133000,-0.053300,0.009800,0.009400,4.160000,2.140000,neutral,0.266700,0.777800,0.322200,0.255600,0.316700,0.111100,0.370300
AAPL,2026-06-05,225.280000,-0.000440,0.033730,0.005220,0.033730,0.005220,-0.050130,-0.090590,0.229760,0.252960,-0.304650,-0.304650,0.058550,0.071700,37.210000,29.400000,24.550000,7.820000,0.028470,0.063900,0.088800,0.081300,0.470300,0.316700,0.242500,1.605700,0.261500,0.586700,1.949100,4.475000,0.887000,0.034800,0.604000,0.822000,-0.281300,0.030900,4.220000,0.364000,0.015900,0.009500,-0.050100,4.130000,2.190000,neutral,0.533300,0.111100,0.650000,0,0.472200,0.522200,0.381900
MSFT,2026-06-05,464.070000,-0.003090,0.040240,0.044500,0.040240,0.044500,-0.005020,-0.111390,0.236940,0.209970,-0.239000,-0.239000,0.089670,-0.016200,34.740000,27.890000,23.660000,12.730000,0.022180,0.157800,0.227600,0.192700,0.705500,0.459600,0.363800,0.355600,0.188600,0.287100,0.330700,0.642000,1.371000,0.057500,0.653000,0.861000,-0.187400,-0.268700,3.970000,-0.214000,-0.014000,0.029700,-0.044200,4.130000,2.190000,neutral,0.422200,0.683300,0.594400,0.555600,0.655600,0.733300,0.595000
NVDA,2026-06-05,92.110000,-0.019580,0.126310,0.007880,0.126310,0.007880,-0.005080,-0.006580,0.398820,0.420240,-0.425170,-0.425170,0.239200,0.255600,52.090000,36.070000,45.210000,25.450000,0.026310,0.813800,1.137400,1.011700,0.763000,0.640000,0.577200,0.923700,0.664200,0.793500,0.133300,0.332000,4.328000,0.045200,0.655000,1.318000,0.468600,0.237700,4.640000,0.431000,0.044100,-0.050500,0.009100,4.130000,2.190000,risk-off,0.155600,1,0.905600,0.922200,0.516700,0.755600,0.703600
META,2026-06-05,585.760000,-0.004110,-0.044360,-0.003330,-0.044360,-0.003330,-0.142350,-0.312010,0.244620,0.258940,-0.498550,-0.498550,0.004560,0.209800,26.890000,23.300000,17.620000,8.540000,0.035370,0.227000,0.327800,0.269700,0.830000,0.425800,0.379900,0.390300,0.242200,0.306700,0.273500,0.378000,3.019000,0.058300,0.690000,0.852000,0.044800,0.030900,4.020000,0.487000,-0.016500,0.010100,-0.057000,4.130000,2.190000,neutral,0.788900,0.888900,0.733300,0.733300,0.155600,0.827800,0.698300
GOOGL,2026-06-05,234.320000,-0.034690,0.020870,-0.003360,0.020870,-0.003360,-0.083720,-0.177040,0.282880,0.226770,-0.220230,-0.220230,0.057930,-0.122800,22.320000,21.250000,18.800000,6.830000,0.034020,0.152000,0.213100,0.177400,0.591100,0.329400,0.296400,0.320000,0.218600,0.270400,0.093500,0.121000,1.919000,0.030700,0.782000,0.768000,-0.030200,-0.005400,4.120000,-0.335000,-0.004500,-0.025200,0.044800,4.130000,2.190000,neutral,0.811100,0.555600,0.416700,0.900000,0.200000,0.738900,0.595600
AMZN,2026-06-05,262.320000,-0.020280,0.079370,0.124970,0.079370,0.124970,0.072180,0.002940,0.301270,0.268430,-0.089200,-0.089200,0.225450,0.016900,43.240000,32.120000,19.250000,3.470000,0.018080,0.117500,0.157900,0.143300,0.491600,0.109500,0.094100,0.212400,0.089800,0.144400,0.547400,1.003000,1.080000,-0.072100,0.172000,0.530000,0.054100,0.030000,3.360000,0.032000,-0.022100,0.067100,0.044000,4.130000,2.190000,neutral,0.466700,0.444400,0.222200,0.305600,0.833300,0.072200,0.404700
TSLA,2026-06-05,989.730000,-0.046070,-0.008490,0.018570,-0.008490,0.018570,0.080410,0.439690,0.561440,0.590790,-0.096440,-0.096440,0.753570,0.008000,120.330000,97.650000,67.090000,14.150000,0.002860,0.009300,0.013900,0.011500,0.181800,0.073900,0.075300,0.106000,0.063100,0.084400,0.188300,1.577000,2.069000,0.016600,0.722000,1.470000,-0.054100,-0.030000,3.270000,0.095000,-0.014400,-0.010900,-0.052700,4.130000,2.190000,risk-off,0.044400,0,0,0.777800,0.738900,0.483300,0.284700
JPM,2026-06-05,221.480000,-0.013670,0.020970,0.026800,0.020970,0.026800,-0.092480,-0.174940,0.252810,0.221400,-0.291560,-0.291560,0.074730,0.253800,13.550000,13.810000,11.130000,3.930000,0.048670,0.108800,0.139900,0.133300,0.605300,0.411300,0.315600,0.168600,0.014100,0.110800,1.308700,1.074000,1.131000,0.029600,0.709000,0.593000,0.007400,-0.150700,4.040000,0.531000,0.028400,-0.000100,0.003200,4.130000,2.190000,neutral,0.977800,0.333300,0.288900,0.144400,0.344400,0.561100,0.449400
V,2026-06-05,383.430000,-0.017100,-0.011090,-0.036170,-0.011090,-0.036170,-0.027890,-0.015380,0.191540,0.158260,-0.092130,-0.092130,0.085930,-0.185400,27.910000,27.080000,22.720000,16.520000,0.030810,0.093900,0.124300,0.109800,0.787500,0.649000,0.535300,0.496800,0.199100,0.412300,0.484200,1.060000,1.227000,0.024900,0.554000,1.407000,-0.007400,0.150800,4.010000,-0.194000,-0.005500,-0.044900,0.038500,4.130000,2.190000,risk-on,0.533300,0.222200,0.844400,0.372200,0.472200,0.266700,0.473300
NFLX,2026-06-05,1377.980000,-0.026360,0.031410,0.082510,0.031410,0.082510,-0.001740,-0.173280,0.358890,0.325180,-0.297900,-0.297900,0.157250,0.155300,42.240000,33.470000,30.480000,10.100000,0.020130,0.167600,0.247100,0.213400,0.472300,0.271800,0.226100,0.361900,0.145700,0.250400,0.740000,2.077000,1.228000,-0.082200,0.248000,1.380000,-0.014600,-0.025400,3.620000,0.045000,-0.003400,0.035700,0.091900,4.130000,2.190000,neutral,0.266700,0.761100,0.344400,0.288900,0.611100,0.038900,0.413300
AAPL,2026-06-12,234.210000,0.024230,0.039640,0.037610,0.039640,0.037610,-0.043490,-0.049630,0.215600,0.248160,-0.277090,-0.277090,0.100510,-0.214900,36.880000,28.420000,27.440000,8.810000,0.031840,0.063500,0.095900,0.074300,0.467500,0.322100,0.238300,1.613900,0.262900,0.595200,1.916500,4.471000,0.882000,0.009600,0.500000,0.822000,-0.293200,0.029600,3.620000,0.036000,0.026400,0.041900,0.114600,4.030000,2.060000,neutral,0.533300,0.111100,0.672200,0,0.466700,0.344400,0.367800
MSFT,2026-06-12,471.570000,0.012320,0.016160,0.063580,0.016160,0.063580,0.025890,-0.106380,0.193860,0.206440,-0.226710,-0.226710,0.107280,-0.179900,36.970000,31.140000,23.890000,12.110000,0.021610,0.161300,0.229100,0.186300,0.704400,0.458800,0.367400,0.363100,0.193200,0.290100,0.341800,0.639000,1.392000,0.080000,0.765000,0.861000,-0.195400,-0.275500,4.690000,0.550000,0.027800,-0.018400,-0.038000,4.030000,2.060000,risk-on,0.422200,0.677800,0.594400,0.555600,0.655600,0.850000,0.605600
NVDA,2026-06-12,88.810000,0.001010,-0.035830,0.013000,-0.035830,0.013000,0.025050,-0.040830,0.407560,0.412840,-0.445770,-0.445770,0.194810,0.112600,57.900000,33.710000,40.900000,24.660000,0.027670,0.845300,1.182000,0.991600,0.762800,0.639200,0.562700,0.940200,0.671700,0.811400,0.134200,0.325000,4.175000,-0.012000,0.512000,1.318000,0.488600,0.245800,3.330000,0.066000,0.041700,0.021000,0.089300,4.030000,2.060000,risk-off,0.155600,1,0.905600,0.922200,0.472200,0.394400,0.660800
META,2026-06-12,559.250000,0.007220,-0.045260,-0.057520,-0.045260,-0.057520,-0.224610,-0.364720,0.259550,0.247960,-0.521250,-0.521250,0.007220,0.103300,26.260000,22.600000,18.100000,9.590000,0.037480,0.219900,0.324300,0.277800,0.830200,0.434500,0.387300,0.376000,0.235400,0.310000,0.282000,0.378000,3.051000,0.163500,1,0.852000,0.041700,0.035300,4.720000,0.399000,0.047300,-0.067900,0.006400,4.030000,2.060000,neutral,0.788900,0.888900,0.733300,0.733300,0.083300,1,0.704700
GOOGL,2026-06-12,240.790000,0.005260,0.027610,0.078520,0.027610,0.078520,-0.058530,-0.154890,0.268430,0.227020,-0.198700,-0.198700,0.087140,0.100800,24.270000,22.570000,17.830000,6.550000,0.033100,0.146100,0.210600,0.190300,0.592500,0.329000,0.290200,0.321300,0.212700,0.268600,0.093500,0.121000,1.900000,0.078300,0.771000,0.768000,-0.032100,-0.006100,4.600000,0.054000,-0.005200,-0.010100,0.034100,4.030000,2.060000,neutral,0.811100,0.577800,0.416700,0.900000,0.338900,0.816700,0.628600
AMZN,2026-06-12,262.540000,0.015590,0.000840,0.082770,0.000840,0.082770,0.076290,0.017640,0.281670,0.262340,-0.088430,-0.088430,0.226480,-0.093900,43.180000,33.580000,20.670000,3.420000,0.017020,0.120000,0.177100,0.138500,0.496800,0.110500,0.092700,0.211900,0.090300,0.144000,0.564100,0.999000,1.103000,0.039700,0.497000,0.530000,0.055200,0.030300,4.010000,0.427000,0.010300,0.125300,0.041200,4.030000,2.060000,neutral,0.466700,0.427800,0.222200,0.305600,0.816700,0.550000,0.446700
TSLA,2026-06-12,952.450000,-0.012630,-0.037670,0.021620,-0.037670,0.021620,0.007390,0.307970,0.557180,0.591160,-0.130480,-0.130480,0.687510,-0.295200,122.550000,91.280000,74.410000,12.810000,0.002690,0.009500,0.013300,0.011000,0.180300,0.073300,0.074300,0.107000,0.063500,0.083400,0.189500,1.576000,2.077000,0.025400,0.450000,1.470000,-0.055200,-0.030300,4.290000,0.472000,-0.010400,0.044800,-0.019400,4.030000,2.060000,risk-off,0.044400,0,0,0.777800,0.527800,0.438900,0.248600
JPM,2026-06-12,229.070000,0.016600,0.034270,0.087600,0.034270,0.087600,-0.060880,-0.133980,0.214730,0.212390,-0.267280,-0.267280,0.111560,-0.044200,13.410000,13.950000,11.430000,3.840000,0.051740,0.110400,0.147700,0.129800,0.617600,0.414900,0.325400,0.171700,0.013900,0.111200,1.305500,1.071000,1.107000,0.011500,0.554000,0.593000,0.007300,-0.150200,4.260000,-0.176000,-0.012100,0.139000,0.014100,4.030000,2.060000,neutral,0.977800,0.350000,0.288900,0.144400,0.461100,0.438900,0.458100
V,2026-06-12,392.450000,0.010610,0.023520,-0.025260,0.023520,-0.025260,-0.001090,-0.037640,0.176150,0.150610,-0.070770,-0.070770,0.100440,-0.256600,31,27.860000,22.220000,16.230000,0.033870,0.095800,0.117000,0.117900,0.784800,0.641300,0.527600,0.496200,0.200100,0.411600,0.502000,1.057000,1.239000,-0.074700,0.118000,1.407000,-0.007300,0.150200,3.140000,0.094000,0.033800,-0.018300,-0.076500,4.030000,2.060000,risk-on,0.533300,0.222200,0.844400,0.372200,0.527800,0,0.455000
NFLX,2026-06-12,1471.190000,0.010420,0.067640,0.182710,0.067640,0.182710,0.065000,-0.144330,0.294370,0.313780,-0.250410,-0.250410,0.235530,0.031600,44.590000,34.240000,29.060000,9.730000,0.019370,0.168700,0.228000,0.209600,0.465900,0.269500,0.226700,0.372600,0.146200,0.245400,0.737400,2.070000,1.243000,-0.034700,0.355000,1.380000,-0.009500,-0.029300,3.390000,-0.318000,0.021300,-0.000200,0.006100,4.030000,2.060000,neutral,0.266700,0.744400,0.322200,0.288900,0.650000,0.166700,0.424200
AAPL,2026-06-18,241.580000,0.013760,0.056460,0.083610,0.056460,0.083610,-0.043020,-0.032360,0.202070,0.245070,-0.254340,-0.254340,0.135140,-0.049500,34.120000,30.620000,24.270000,9.010000,0.028010,0.065900,0.096700,0.075200,0.473300,0.321300,0.244400,1.628100,0.264600,0.596500,1.927100,4.460000,0.892000,-0.076900,0.069000,0.822000,-0.292400,0.031700,3.890000,-0.190000,-0.013400,-0.003400,0.024400,4.060000,2.140000,neutral,0.533300,0.111100,0.672200,0,0.511100,0,0.340000
MSFT,2026-06-18,480.500000,0.007610,0.031490,0.128250,0.031490,0.128250,0.026840,-0.069010,0.162360,0.203630,-0.212060,-0.212060,0.128250,0.148800,35.730000,29.340000,23.210000,12.710000,0.021390,0.164000,0.238900,0.191300,0.697600,0.452100,0.361100,0.361500,0.189000,0.292300,0.341000,0.637000,1.363000,-0.052300,0.196000,0.861000,-0.194300,-0.272500,3.800000,0.129000,0.007500,0.055000,0.051500,4.060000,2.140000,risk-on,0.422200,0.716700,0.594400,0.555600,0.661100,0.211100,0.550300
NVDA,2026-06-18,95.590000,0.011960,0.077430,0.130710,0.077430,0.130710,0.080720,0.024110,0.417520,0.415000,-0.403460,-0.403460,0.286020,-0.097600,54.370000,32.130000,44.810000,25.640000,0.025840,0.845000,1.214300,1.042800,0.760300,0.633900,0.572700,0.924500,0.679400,0.805600,0.135800,0.321000,4.424000,0.027200,0.560000,1.318000,0.486700,0.240800,4.190000,0.045000,-0.039800,-0.013400,0.052800,4.060000,2.140000,risk-off,0.155600,1,0.905600,0.922200,0.705600,0.850000,0.741400
META,2026-06-18,578.220000,0.023000,0.041390,-0.028320,0.041390,-0.028320,-0.194220,-0.358550,0.300090,0.256270,-0.505010,-0.505010,0.041390,-0.061500,28.400000,22.700000,16.140000,9.430000,0.040920,0.235800,0.318700,0.273100,0.830800,0.434000,0.389700,0.383400,0.236900,0.311100,0.285100,0.374000,3.102000,-0.000200,0.412000,0.852000,0.051200,0.032800,3.600000,0.222000,-0.028400,0.014600,0.024000,4.060000,2.140000,neutral,0.788900,0.888900,0.733300,0.733300,0.050000,0.700000,0.669700
GOOGL,2026-06-18,236.350000,-0.011420,-0.013280,0.067090,-0.013280,0.067090,-0.088650,-0.185730,0.222020,0.226510,-0.213480,-0.213480,0.067090,0.093100,24.260000,21.060000,18.450000,6.110000,0.035030,0.146600,0.210000,0.177100,0.594700,0.326700,0.298100,0.312000,0.212600,0.277200,0.092900,0.121000,1.924000,-0.045700,0.238000,0.768000,-0.038000,-0.001100,3.210000,0.002000,-0.030300,0.067100,0.011100,4.060000,2.140000,neutral,0.811100,0.605600,0.416700,0.900000,0.233300,0.350000,0.571700
AMZN,2026-06-18,271.180000,0.025140,0.049010,0.130670,0.049010,0.130670,0.123180,0.062620,0.278260,0.269610,-0.058440,-0.058440,0.266840,0.138900,45.800000,32.080000,18.860000,3.610000,0.016600,0.114100,0.167400,0.136900,0.495300,0.112000,0.094500,0.208600,0.090300,0.144600,0.567700,1,1.087000,-0.033000,0.261000,0.530000,0.052500,0.031200,4.170000,-0.473000,0.052300,-0.023300,0.009400,4.060000,2.140000,neutral,0.466700,0.383300,0.222200,0.305600,0.794400,0.322200,0.411700
TSLA,2026-06-18,913.770000,-0.026120,-0.052720,0.023520,-0.052720,0.023520,0.019460,0.289800,0.570590,0.581630,-0.165790,-0.165790,0.618980,-0.051800,125.610000,94.790000,74.580000,13.120000,0.002730,0.009200,0.013500,0.012000,0.181300,0.074400,0.075400,0.104800,0.063600,0.082300,0.190200,1.576000,2.058000,-0.056300,0.277000,1.470000,-0.052400,-0.031100,3.070000,-0.298000,0.058600,0.011600,-0.026100,4.060000,2.140000,risk-off,0.044400,0,0,0.777800,0.500000,0.255600,0.226100
JPM,2026-06-18,232.740000,0.008060,0.032890,0.112310,0.032890,0.112310,-0.048370,-0.164640,0.209040,0.210010,-0.255540,-0.255540,0.129370,-0.113800,12.660000,13.150000,11.770000,3.780000,0.051680,0.115200,0.152800,0.137000,0.609500,0.415000,0.324900,0.172400,0.013900,0.111300,1.323300,1.066000,1.106000,-0.001900,0.537000,0.593000,0.013100,-0.151000,4.100000,-0.259000,-0.040100,0.011000,0.026300,4.060000,2.140000,neutral,0.977800,0.394400,0.288900,0.144400,0.372200,0.611100,0.470800
V,2026-06-18,400.310000,0.005800,0.030850,0.021590,0.030850,0.021590,0.014830,-0.052160,0.169500,0.152530,-0.052160,-0.052160,0.122480,0.177200,31.510000,27.360000,21.160000,18.550000,0.031900,0.089000,0.126100,0.102300,0.784700,0.653300,0.535200,0.493600,0.201300,0.413400,0.479400,1.059000,1.236000,-0.006300,0.662000,1.407000,-0.013100,0.151100,3.690000,0.134000,-0.010100,-0.029200,-0.021800,4.060000,2.140000,risk-on,0.533300,0.222200,0.844400,0.372200,0.455600,0.700000,0.514200
NFLX,2026-06-18,1533.060000,-0.001740,0.052910,0.140770,0.052910,0.140770,0.187760,-0.121920,0.375740,0.333350,-0.218880,-0.218880,0.287490,-0.021100,43.120000,36.960000,27.460000,9.940000,0.019470,0.171400,0.209300,0.191700,0.468000,0.272600,0.226800,0.368500,0.144200,0.246700,0.744000,2.061000,1.266000,0.033000,0.693000,1.380000,-0.013200,-0.031600,3.970000,0.277000,-0.006800,-0.037100,-0.018300,4.060000,2.140000,risk-off,0.266700,0.677800,0.322200,0.288900,0.716700,1,0.504200
AAPL,2026-06-26,235.370000,-0.005370,-0.025710,0.059460,-0.025710,0.059460,-0.026190,-0.071150,0.187480,0.241330,-0.273500,-0.273500,0.105960,-0.073900,35.400000,29.780000,25.040000,8.780000,0.030250,0.064700,0.095300,0.079500,0.467000,0.321100,0.237900,1.605600,0.263200,0.602700,1.910800,4.457000,0.899000,-0.018300,0.378000,0.822000,-0.293400,0.036100,3.390000,-0.174000,-0.038500,-0.048700,0.010300,3.940000,2.180000,risk-on,0.533300,0.111100,0.650000,0,0.550000,0.283300,0.369700
MSFT,2026-06-26,482.300000,-0.018140,0.003750,0.064660,0.003750,0.064660,0.063830,-0.113790,0.149270,0.203360,-0.209110,-0.209110,0.132480,0.148200,35.470000,28.190000,22.920000,11.560000,0.023170,0.160400,0.228400,0.195100,0.709300,0.460400,0.374000,0.364900,0.190400,0.291000,0.349000,0.636000,1.381000,0.021200,0.519000,0.861000,-0.197700,-0.275600,3.900000,0.111000,-0.019400,0.078700,0.000500,3.940000,2.180000,risk-on,0.422200,0.666700,0.594400,0.555600,0.700000,0.572200,0.582200
NVDA,2026-06-26,97.520000,-0.049980,0.020190,0.130670,0.020190,0.130670,0.063350,-0.014750,0.442800,0.420400,-0.391410,-0.391410,0.311990,-0.074100,52.150000,34.160000,44.920000,25.250000,0.024710,0.849200,1.212000,1.045600,0.759200,0.636600,0.569400,0.942800,0.665300,0.806000,0.137000,0.317000,4.268000,0.044800,0.702000,1.318000,0.491100,0.239400,3.930000,-0.301000,0.056500,-0.015300,0.081400,3.940000,2.180000,risk-off,0.155600,1,0.905600,0.922200,0.694400,0.750000,0.729700
META,2026-06-26,601.190000,-0.010600,0.039730,-0.065010,0.039730,-0.065010,-0.164530,-0.324700,0.273660,0.255160,-0.485340,-0.485340,0.082760,-0.055200,28.200000,21.810000,16.260000,9.300000,0.042020,0.239700,0.337800,0.287500,0.823000,0.430100,0.388600,0.379200,0.237700,0.308300,0.280000,0.371000,3.101000,0.016200,0.605000,0.852000,0.052200,0.032100,3.060000,-0.438000,-0.022900,0.114600,0.021300,3.940000,2.180000,neutral,0.788900,0.888900,0.733300,0.733300,0.077800,0.455600,0.649400
GOOGL,2026-06-26,235.260000,-0.005830,-0.004610,0.025230,-0.004610,0.025230,-0.093830,-0.216170,0.207900,0.218370,-0.217100,-0.217100,0.062170,-0.030800,24.650000,20.340000,16.660000,6.930000,0.033230,0.150500,0.204500,0.169000,0.588800,0.329100,0.293400,0.323400,0.215600,0.273400,0.095300,0.121000,1.899000,0.079100,0.775000,0.768000,-0.037000,-0.002800,4.090000,0.125000,0.057100,-0.010200,0.035300,3.940000,2.180000,neutral,0.811100,0.555600,0.416700,0.900000,0.233300,1,0.626700
AMZN,2026-06-26,271.120000,0.007540,-0.000220,0.078870,-0.000220,0.078870,0.141940,0.028180,0.268360,0.271590,-0.058640,-0.058640,0.266560,0.093200,42.520000,30.500000,17.890000,3.630000,0.017920,0.114900,0.172600,0.136900,0.498900,0.111700,0.094600,0.212000,0.090000,0.143000,0.566600,0.998000,1.068000,-0.057900,0.450000,0.530000,0.052600,0.030000,3.760000,0.248000,0.024800,0.040000,-0.025000,3.940000,2.180000,neutral,0.466700,0.388900,0.222200,0.305600,0.822200,0.077800,0.392500
TSLA,2026-06-26,787.340000,-0.061130,-0.138360,-0.239200,-0.138360,-0.239200,-0.075030,0.018090,0.494240,0.600690,-0.281210,-0.281210,0.394980,-0.172900,123.060000,87.060000,69.600000,12.060000,0.002920,0.009800,0.014300,0.011300,0.180000,0.074200,0.074000,0.106700,0.064200,0.083000,0.183100,1.576000,2.046000,0.041300,0.637000,1.470000,-0.052500,-0.030000,3.820000,0.172000,-0.011400,0.016600,0.033500,3.940000,2.180000,risk-off,0.044400,0,0,0.777800,0.300000,0.722200,0.242800
JPM,2026-06-26,229.250000,0.001790,-0.015000,0.052570,-0.015000,0.052570,-0.065700,-0.179320,0.190330,0.211030,-0.266710,-0.266710,0.112430,0.161100,13.050000,14.030000,11.800000,4.040000,0.050020,0.121300,0.151700,0.134700,0.617300,0.415200,0.321200,0.166900,0.014000,0.111400,1.313100,1.061000,1.128000,0.071100,0.755000,0.593000,0.012700,-0.145700,4.030000,0.297000,0.038600,-0.042900,0.048100,3.940000,2.180000,risk-on,0.977800,0.388900,0.288900,0.144400,0.411100,0.805600,0.495000
V,2026-06-26,396.710000,-0.008620,-0.008990,0.004100,-0.008990,0.004100,-0.008820,-0.045980,0.171960,0.155170,-0.060690,-0.060690,0.112390,0.290900,31.020000,27.020000,21.360000,17.120000,0.030430,0.096000,0.122200,0.110500,0.790600,0.637800,0.529000,0.503000,0.200300,0.402800,0.498300,1.053000,1.237000,-0.028600,0.451000,1.407000,-0.012600,0.145700,3.770000,0.009000,-0.006900,-0.022900,0.032400,3.940000,2.180000,risk-on,0.533300,0.222200,0.844400,0.372200,0.550000,0.261100,0.484400
NFLX,2026-06-26,1524.590000,-0.005650,-0.005520,0.106990,-0.005520,0.106990,0.186870,-0.185390,0.376100,0.332120,-0.223200,-0.223200,0.280370,0.047100,44.470000,34.300000,29.610000,9.750000,0.018480,0.172300,0.229700,0.202100,0.470300,0.272100,0.228500,0.371000,0.144600,0.247000,0.742100,2.054000,1.254000,-0.034700,0.367000,1.380000,-0.015200,-0.029200,3.760000,0.379000,0.080500,-0.081000,-0.042900,3.940000,2.180000,risk-off,0.266700,0.777800,0.344400,0.288900,0.661100,0.072200,0.427500
AAPL,2026-07-02,240.510000,0.001250,0.016350,0.101540,0.016350,0.101540,-0.007260,-0.056560,0.168470,0.237440,-0.257640,-0.257640,0.130110,0.062500,32.820000,30.520000,25.050000,9.250000,0.031190,0.063300,0.094100,0.076800,0.471000,0.322400,0.246100,1.614300,0.269100,0.605200,1.959700,4.456000,0.893000,-0.014100,0.347000,0.822000,-0.289900,0.040800,4.520000,-0.225000,0.031600,0.008300,0.044300,3.920000,2.090000,risk-on,0.533300,0.111100,0.672200,0,0.694400,0.322200,0.399700
MSFT,2026-07-02,472.170000,0.002970,-0.038760,0.033710,-0.038760,0.033710,0.014310,-0.150350,0.142070,0.194970,-0.225720,-0.225720,0.108690,-0.189500,35.460000,29.330000,22.870000,11.620000,0.021860,0.169600,0.232600,0.204400,0.700400,0.452800,0.366700,0.367600,0.191300,0.290600,0.338600,0.631000,1.399000,0.098700,0.930000,0.861000,-0.183600,-0.273800,3.800000,1,0.059500,0.093200,-0.032200,3.920000,2.090000,risk-on,0.422200,0.744400,0.594400,0.555600,0.672200,0.916700,0.628100
NVDA,2026-07-02,98.160000,-0.033000,-0.043740,0.150630,-0.043740,0.150630,-0.026670,-0.051690,0.465290,0.429940,-0.387420,-0.387420,0.320600,0.150100,54.520000,33.530000,45.320000,25.800000,0.026420,0.826700,1.173800,0.976800,0.761100,0.639900,0.571400,0.935900,0.667900,0.797300,0.136500,0.316000,4.403000,0.014300,0.576000,1.318000,0.473500,0.232900,3.920000,0.152000,-0.012700,0.034800,-0.013300,3.920000,2.090000,risk-off,0.155600,1,0.905600,0.922200,0.616700,0.500000,0.693100
META,2026-07-02,593.210000,-0.005380,-0.023730,-0.008690,-0.023730,-0.008690,-0.198960,-0.308750,0.229980,0.246070,-0.492180,-0.492180,0.068380,-0.154000,27.110000,22.490000,17.600000,8.910000,0.043400,0.230900,0.343200,0.282900,0.827500,0.428700,0.385400,0.378500,0.246500,0.310100,0.278700,0.372000,3.065000,-0.123600,0,0.852000,0.048600,0.032600,3.360000,-0.181000,0.033400,-0.015700,-0.002300,3.920000,2.090000,neutral,0.788900,0.888900,0.733300,0.733300,0.122200,0.027800,0.613300
GOOGL,2026-07-02,228.800000,-0.026300,-0.033130,-0.031860,-0.033130,-0.031860,-0.123540,-0.209400,0.216400,0.227140,-0.238600,-0.238600,0.033000,-0.049000,24.410000,20.780000,15.110000,6.920000,0.033060,0.147700,0.208300,0.180500,0.596200,0.328800,0.291900,0.323000,0.215200,0.270600,0.092200,0.120000,1.915000,0.068000,0.712000,0.768000,-0.034600,-0.006900,4.180000,0.285000,-0.025200,0.029200,0.015300,3.920000,2.090000,neutral,0.811100,0.555600,0.416700,0.900000,0.244400,0.777800,0.606100
AMZN,2026-07-02,265.710000,-0.018610,-0.012560,0.038940,-0.012560,0.038940,0.129960,0.020590,0.237380,0.272150,-0.077430,-0.077430,0.241290,-0.191800,41.290000,32.060000,19.470000,3.540000,0.017790,0.111900,0.168700,0.143100,0.497400,0.111600,0.095400,0.216700,0.089700,0.146100,0.564300,0.997000,1.092000,-0.069800,0.273000,0.530000,0.051100,0.031900,3.120000,-0.445000,0.006200,0.028600,-0.001000,3.920000,2.090000,neutral,0.466700,0.405600,0.222200,0.305600,0.816700,0.083300,0.395600
TSLA,2026-07-02,744.150000,0.031590,-0.112630,-0.320640,-0.112630,-0.320640,-0.168800,-0.053680,0.513070,0.619860,-0.320640,-0.320640,0.318460,-0.106400,116.930000,90.550000,71.810000,12.870000,0.002880,0.009700,0.013600,0.011600,0.181400,0.073500,0.075100,0.107100,0.064600,0.082300,0.188600,1.575000,2.136000,-0.043600,0.483000,1.470000,-0.051100,-0.031900,3.980000,-0.502000,-0.002600,0.002700,-0.057400,3.920000,2.090000,risk-off,0.044400,0,0,0.777800,0.205600,0.300000,0.186400
JPM,2026-07-02,227.370000,-0.006810,-0.006420,0.033170,-0.006420,0.033170,-0.060880,-0.175030,0.148380,0.210330,-0.272720,-0.272720,0.103310,-0.043300,13.090000,13.650000,11.170000,3.560000,0.052610,0.115600,0.153200,0.127300,0.605800,0.408600,0.323000,0.172000,0.014100,0.112000,1.327700,1.062000,1.127000,0.038900,0.608000,0.593000,0.010700,-0.143100,4.610000,0.002000,0.031700,0.000900,-0.032800,3.920000,2.090000,risk-on,0.977800,0.372200,0.288900,0.144400,0.427800,0.666700,0.480300
V,2026-07-02,397.200000,0.003540,-0.007400,0.031980,-0.007400,0.031980,-0.010120,-0.037160,0.147550,0.152650,-0.059530,-0.059530,0.104560,0.148300,29.530000,27.020000,21.730000,17.750000,0.030140,0.094200,0.118400,0.104500,0.787000,0.647100,0.526000,0.496800,0.198000,0.398200,0.480400,1.052000,1.219000,0.116600,1,1.407000,-0.010700,0.143100,5,0.078000,0.025500,0.027500,0.079700,3.920000,2.090000,risk-on,0.533300,0.222200,0.844400,0.372200,0.633300,0.972200,0.568100
NFLX,2026-07-02,1514,-0.003340,-0.012560,0.091570,-0.012560,0.091570,0.123290,-0.228590,0.397280,0.341190,-0.228590,-0.228590,0.271480,-0.275200,47.060000,34.640000,30.470000,9.260000,0.019420,0.168300,0.250800,0.203400,0.468200,0.275000,0.230100,0.369200,0.147600,0.251700,0.782800,2.052000,1.254000,0.008400,0.467000,1.380000,-0.014000,-0.025800,4.090000,0.141000,0.026900,0.046800,0.008200,3.920000,2.090000,risk-off,0.266700,0.700000,0.322200,0.288900,0.566700,0.433300,0.429400
AAPL,2026-07-10,252.680000,0.018750,0.050600,0.122270,0.050600,0.122270,0.084650,0.079780,0.172770,0.238340,-0.220080,-0.220080,0.187290,-0.079200,32.920000,29.940000,25.070000,8.750000,0.028810,0.067000,0.094800,0.076200,0.465600,0.327400,0.244600,1.634400,0.262200,0.601700,1.913800,4.441000,0.928000,-0.011900,0.389000,0.822000,-0.286900,0.038000,3.580000,-0.133000,-0.012900,0.067300,0.075100,3.870000,2,risk-on,0.533300,0.111100,0.672200,0,0.844400,0.188900,0.408900
MSFT,2026-07-10,442.750000,0.005180,-0.062310,-0.044910,-0.062310,-0.044910,-0.025190,-0.191310,0.186820,0.204020,-0.273970,-0.273970,0.039610,0.096000,35.530000,28,24.250000,12.610000,0.022750,0.166700,0.258200,0.193500,0.704800,0.461600,0.371800,0.362600,0.187100,0.284500,0.342200,0.630000,1.389000,-0.000600,0.629000,0.861000,-0.187200,-0.279200,4.210000,-0.066000,0.035700,0.106400,0.021600,3.870000,2,risk-on,0.422200,0.666700,0.594400,0.555600,0.311100,0.538900,0.520600
NVDA,2026-07-10,100.950000,0.034640,0.028420,0.096920,0.028420,0.096920,0.014170,0.015590,0.449450,0.420550,-0.370010,-0.370010,0.358130,0.321700,53.270000,34.270000,44.620000,26.290000,0.025110,0.828100,1.123800,1.005700,0.762600,0.637100,0.571500,0.947600,0.682000,0.804900,0.137500,0.313000,4.359000,-0.027700,0.491000,1.318000,0.474200,0.241200,3.910000,0.006000,0.027500,0.034100,0.039800,3.870000,2,risk-off,0.155600,1,0.905600,0.922200,0.638900,0.161100,0.662500
META,2026-07-10,626.150000,0.016060,0.055530,0.094250,0.055530,0.094250,-0.097470,-0.249880,0.233250,0.240530,-0.463980,-0.463980,0.127710,0.003100,26.870000,23.760000,17.150000,9.280000,0.041160,0.232700,0.352300,0.293700,0.840000,0.426900,0.381700,0.381300,0.243700,0.309100,0.285700,0.370000,3.043000,0.046700,0.671000,0.852000,0.049800,0.033300,3.830000,-0.061000,0.010200,0.000700,0.000500,3.870000,2,neutral,0.788900,0.888900,0.733300,0.733300,0.338900,0.638900,0.706900
GOOGL,2026-07-10,227.720000,0.019110,-0.004720,-0.053140,-0.004720,-0.053140,-0.112890,-0.165310,0.162160,0.227670,-0.242200,-0.242200,0.028130,0.006000,25.810000,22.320000,19.320000,6.500000,0.033200,0.143800,0.202900,0.175000,0.590700,0.326700,0.292000,0.319900,0.214000,0.270500,0.094000,0.120000,1.901000,-0.013000,0.548000,0.768000,-0.039100,-0.005300,3.350000,-0.387000,-0.016500,-0.015400,-0.018700,3.870000,2,risk-on,0.811100,0.555600,0.394400,0.900000,0.294400,0.272200,0.558600
AMZN,2026-07-10,268.080000,0.015990,0.008920,0.026970,0.008920,0.026970,0.203230,0.038630,0.233800,0.265260,-0.069200,-0.069200,0.252360,0.108800,43.590000,34.360000,19.320000,3.490000,0.016640,0.119400,0.173200,0.140100,0.502600,0.109600,0.094600,0.216300,0.090300,0.144300,0.558600,0.991000,1.095000,0.112600,0.991000,0.530000,0.054900,0.030000,4.420000,0.278000,0.055500,0.071800,-0.047400,3.870000,2,neutral,0.466700,0.405600,0.222200,0.305600,0.761100,1,0.478900
TSLA,2026-07-10,700.760000,0.000240,-0.058310,-0.266560,-0.058310,-0.266560,-0.116650,0.109990,0.467850,0.592730,-0.360250,-0.360250,0.241580,0.045800,117.460000,92.420000,71.150000,13.250000,0.002860,0.009700,0.013700,0.012200,0.180600,0.076800,0.074900,0.107300,0.064100,0.084400,0.185400,1.575000,2.116000,0.065700,0.712000,1.470000,-0.054800,-0.030000,4.450000,0.363000,0.003700,0.012600,0.016400,3.870000,2,risk-off,0.044400,0,0,0.777800,0.250000,0.805600,0.243600
JPM,2026-07-10,223.470000,-0.000760,-0.017150,-0.003740,-0.017150,-0.003740,-0.010890,-0.169070,0.147320,0.203770,-0.285190,-0.285190,0.084380,-0.066800,12.850000,13.370000,10.850000,3.840000,0.053810,0.118600,0.154700,0.144600,0.611800,0.415600,0.334100,0.175700,0.014100,0.109300,1.318600,1.058000,1.104000,0.066800,0.798000,0.593000,0.014400,-0.150700,4.680000,0.068000,-0.020200,-0.049300,-0.038600,3.870000,2,risk-on,0.977800,0.372200,0.288900,0.144400,0.522200,0.861100,0.513900
V,2026-07-10,391.850000,0.008570,-0.013470,0.013030,-0.013470,0.013030,-0.019910,-0.030390,0.138540,0.150210,-0.072190,-0.072190,0.089680,-0.446400,29.910000,26.710000,22.430000,16.210000,0.030860,0.089800,0.126500,0.104800,0.794000,0.642000,0.533800,0.493000,0.194700,0.410800,0.497500,1.053000,1.250000,0.032500,0.516000,1.407000,-0.014400,0.150800,4.450000,-0.108000,0.034700,-0.078900,0.037200,3.870000,2,risk-on,0.533300,0.222200,0.844400,0.372200,0.583300,0.450000,0.508300
NFLX,2026-07-10,1391.680000,0.001860,-0.080790,-0.014440,-0.080790,-0.014440,0.115890,-0.240550,0.424880,0.348680,-0.290920,-0.290920,0.168750,-0.004500,45,32.740000,30.710000,9.510000,0.017800,0.172200,0.260600,0.200200,0.467800,0.273900,0.226100,0.368100,0.145600,0.247900,0.771700,2.042000,1.270000,-0.025400,0.427000,1.380000,-0.010700,-0.027900,3.800000,0.094000,-0.012100,-0.002800,-0.044500,3.870000,2,risk-off,0.266700,0.777800,0.344400,0.288900,0.455600,0.083300,0.397800
AAPL,2026-07-17,256.390000,0.011360,0.014680,0.082000,0.014680,0.082000,0.146800,0.155790,0.180270,0.212260,-0.208620,-0.208620,0.204730,0.191900,33.410000,29.500000,23.340000,8.570000,0.032530,0.062800,0.090300,0.080100,0.473300,0.323800,0.244300,1.629700,0.262300,0.597300,1.952000,4.446000,0.895000,0.088900,0.855000,0.822000,-0.290300,0.028300,5,0.173000,0.012400,-0.006900,-0.008500,3.830000,2.230000,risk-on,0.533300,0.111100,0.672200,0,0.750000,0.916700,0.467500
MSFT,2026-07-17,451.910000,0.005790,0.020690,-0.056320,0.020690,-0.056320,0.030610,-0.088800,0.175980,0.197260,-0.258950,-0.258950,0.061120,-0.474900,34.930000,28.600000,21.640000,11.950000,0.021990,0.161900,0.246100,0.196600,0.704300,0.460200,0.372200,0.361900,0.188800,0.290000,0.341800,0.630000,1.387000,0.022300,0.583000,0.861000,-0.191200,-0.279000,4.330000,0.109000,-0.007200,0.044100,0.075300,3.830000,2.230000,risk-on,0.422200,0.666700,0.594400,0.555600,0.450000,0.444400,0.531900
NVDA,2026-07-17,113.790000,0.048180,0.127190,0.221840,0.127190,0.221840,0.266160,0.311400,0.468120,0.429180,-0.289880,-0.289880,0.530880,-0.102000,51.210000,35.140000,43.800000,25.130000,0.026550,0.834600,1.236700,0.994000,0.769500,0.638900,0.568100,0.942000,0.670400,0.819600,0.134100,0.309000,4.372000,-0.030300,0.357000,1.318000,0.481500,0.250600,4.200000,0.240000,0.001100,-0.000800,-0.015800,3.830000,2.230000,risk-off,0.155600,1,0.905600,0.922200,0.811100,0.111100,0.683300
META,2026-07-17,639.590000,0.002920,0.021460,0.099820,0.021460,0.099820,-0.004620,-0.166860,0.207880,0.225760,-0.452470,-0.452470,0.151920,0.079200,26.790000,22.720000,17.180000,8.350000,0.042330,0.240200,0.333700,0.297000,0.830700,0.428500,0.386000,0.385200,0.241500,0.314400,0.281400,0.367000,3.141000,-0.090300,0.114000,0.852000,0.053900,0.037200,3.710000,-0.864000,0.037200,0.020700,-0.050700,3.830000,2.230000,neutral,0.788900,0.888900,0.733300,0.733300,0.405600,0,0.653100
GOOGL,2026-07-17,228.610000,-0.027940,0.003910,-0.053370,0.003910,-0.053370,-0.076730,-0.073030,0.207290,0.235970,-0.239230,-0.239230,0.032150,-0.033800,24.760000,19.690000,18.390000,6.650000,0.034570,0.149600,0.200700,0.184100,0.590600,0.330300,0.294800,0.311200,0.219000,0.267900,0.092200,0.120000,1.892000,0.072400,0.847000,0.768000,-0.036700,-0.009300,4.450000,0.099000,0.037300,0.082500,-0.032400,3.830000,2.230000,neutral,0.811100,0.555600,0.416700,0.900000,0.316700,0.872200,0.626400
AMZN,2026-07-17,250.070000,-0.001480,-0.067180,-0.072200,-0.067180,-0.072200,0.156020,0.070180,0.258150,0.264910,-0.131730,-0.131730,0.168220,0.180800,40.170000,32.350000,18.740000,3.770000,0.017910,0.119700,0.183600,0.152200,0.501700,0.111700,0.094500,0.216100,0.091500,0.146000,0.562400,0.989000,1.122000,0.078000,0.828000,0.530000,0.055000,0.031700,5,0.438000,-0.046100,-0.072600,-0.022300,3.830000,2.230000,neutral,0.466700,0.405600,0.222200,0.305600,0.544400,0.850000,0.431400
TSLA,2026-07-17,637.060000,-0.034170,-0.090900,-0.340950,-0.090900,-0.340950,-0.232000,0.051600,0.457360,0.559170,-0.418410,-0.418410,0.128720,0.043400,119.550000,92.060000,72.290000,13.070000,0.002810,0.009800,0.015300,0.011400,0.181000,0.074600,0.074600,0.106200,0.063700,0.082600,0.188100,1.575000,2.106000,0.025500,0.588000,1.470000,-0.054900,-0.031700,4.430000,-0.014000,-0.040800,0.004600,0.019700,3.830000,2.230000,risk-off,0.044400,0,0,0.777800,0.183300,0.555600,0.208600
JPM,2026-07-17,216.950000,-0.012380,-0.029180,-0.070000,-0.029180,-0.070000,0.002400,-0.143200,0.138930,0.195280,-0.306050,-0.306050,0.052750,-0.129200,13.110000,14.030000,11.220000,4.100000,0.055850,0.122600,0.174400,0.137800,0.610400,0.414300,0.326300,0.174200,0.014100,0.111700,1.357200,1.053000,1.137000,-0.009200,0.480000,0.593000,0.015700,-0.144600,3.870000,0.192000,0.048600,0.125100,0.036800,3.830000,2.230000,risk-on,0.977800,0.372200,0.288900,0.144400,0.372200,0.288900,0.434200
V,2026-07-17,392.840000,-0.003020,0.002530,-0.004030,0.002530,-0.004030,-0.015270,0.005790,0.114870,0.149390,-0.069850,-0.069850,0.091830,0.136000,29.490000,28.250000,21.560000,16.720000,0.030690,0.091200,0.116900,0.109300,0.790600,0.639400,0.532900,0.500300,0.197000,0.400900,0.492000,1.051000,1.225000,0.043300,0.661000,1.407000,-0.015700,0.144600,3.720000,-0.188000,-0.000700,-0.028400,0.043100,3.830000,2.230000,risk-on,0.533300,0.222200,0.844400,0.372200,0.533300,0.694400,0.525300
NFLX,2026-07-17,1573.970000,0.019710,0.130990,-0.019400,0.130990,-0.019400,0.279280,-0.064170,0.414300,0.362420,-0.198040,-0.198040,0.321840,0.245800,42.100000,34.980000,27.630000,9.280000,0.020070,0.169200,0.253700,0.207700,0.471900,0.275100,0.231400,0.373400,0.147800,0.249400,0.757900,2.039000,1.257000,-0.008900,0.416000,1.380000,-0.017100,-0.027800,4.650000,-0.340000,0.012900,0.000300,0.070000,3.830000,2.230000,risk-off,0.266700,0.777800,0.322200,0.288900,0.633300,0.266700,0.438300
AAPL,2026-07-24,244.620000,0.003530,-0.045910,0.022740,-0.045910,0.022740,0.104130,0.098630,0.222100,0.223140,-0.244950,-0.244950,0.149420,0.082400,33.530000,30.780000,23.470000,8.860000,0.032570,0.064800,0.094400,0.080300,0.470000,0.322900,0.246000,1.603200,0.263400,0.611600,1.955400,4.436000,0.910000,0.055800,0.813000,0.822000,-0.294000,0.047500,3.700000,0.086000,0.020400,-0.003100,0.004700,3.740000,2.090000,neutral,0.533300,0.127800,0.672200,0,0.788900,0.961100,0.481100
MSFT,2026-07-24,446.920000,0.004220,-0.011040,-0.084800,-0.011040,-0.084800,0.028700,-0.087940,0.183680,0.197750,-0.267130,-0.267130,0.049400,0.248500,35.960000,28.410000,22.020000,12.480000,0.021460,0.167800,0.230100,0.199900,0.707100,0.452400,0.366800,0.366300,0.193100,0.286800,0.333800,0.626000,1.394000,0.014200,0.569000,0.861000,-0.191000,-0.277300,4.170000,-0.298000,0.017600,-0.052400,0.044500,3.740000,2.090000,risk-on,0.422200,0.722200,0.594400,0.555600,0.505600,0.500000,0.556900
NVDA,2026-07-24,97.710000,-0.043650,-0.141310,-0.006410,-0.141310,-0.006410,0.151430,0.207040,0.662990,0.488420,-0.366050,-0.366050,0.314540,0.026400,54.150000,33.880000,44.960000,26.200000,0.028480,0.843800,1.233700,1.004500,0.769100,0.646400,0.581900,0.939000,0.680200,0.793800,0.134500,0.304000,4.366000,-0.011000,0.389000,1.318000,0.485000,0.229700,4.170000,-0.175000,0.025800,0.061600,0.027600,3.740000,2.090000,risk-off,0.155600,1,0.927800,0.922200,0.794400,0.277800,0.701900
META,2026-07-24,601.790000,-0.004580,-0.059100,0.011480,-0.059100,0.011480,-0.039360,-0.243810,0.199280,0.231570,-0.484830,-0.484830,0.083840,-0.000900,27.290000,23.950000,16.980000,8.900000,0.042530,0.224700,0.339000,0.290200,0.829300,0.430500,0.387500,0.385100,0.242600,0.317000,0.278700,0.369000,3.063000,0.034400,0.672000,0.852000,0.047300,0.038900,4.290000,0.511000,0.020400,0.018800,-0.016900,3.740000,2.090000,risk-on,0.788900,0.888900,0.733300,0.733300,0.400000,0.694400,0.721700
GOOGL,2026-07-24,218.930000,-0.009410,-0.042340,-0.073160,-0.042340,-0.073160,-0.127940,-0.132230,0.224730,0.237940,-0.271450,-0.271450,0,0.055300,24.060000,21.540000,17.460000,6.880000,0.034840,0.142400,0.196300,0.166100,0.588600,0.328600,0.285800,0.310800,0.214600,0.267400,0.090000,0.120000,1.884000,-0.024400,0.277000,0.768000,-0.035000,-0.010700,3.930000,0.147000,0.035800,0.065900,0.007300,3.740000,2.090000,neutral,0.811100,0.555600,0.416700,0.900000,0.244400,0.183300,0.546700
AMZN,2026-07-24,246.970000,0.006030,-0.012400,-0.093750,-0.012400,-0.093750,0.144650,0.034780,0.227280,0.264850,-0.142500,-0.142500,0.153740,-0.111000,41.520000,32.480000,19.170000,3.740000,0.016810,0.120700,0.173800,0.145700,0.501600,0.111900,0.095900,0.217600,0.089500,0.147200,0.561400,0.986000,1.082000,-0.039300,0.361000,0.530000,0.055500,0.031700,3.560000,0.130000,0.029600,-0.004500,0.033600,3.740000,2.090000,neutral,0.466700,0.444400,0.222200,0.305600,0.583300,0.261100,0.386100
TSLA,2026-07-24,600.230000,-0.042760,-0.057810,-0.271780,-0.057810,-0.271780,-0.350340,-0.053000,0.616150,0.569350,-0.452030,-0.452030,0.063460,-0.244800,120.860000,90.970000,76.820000,13.420000,0.002720,0.009700,0.012800,0.011100,0.178500,0.073800,0.075600,0.107400,0.064800,0.083800,0.189100,1.574000,2.102000,0.049600,0.830000,1.470000,-0.055500,-0.031700,3.830000,-0.128000,-0.014800,0.010300,-0.018600,3.740000,2.090000,risk-off,0.044400,0,0,0.777800,0.155600,0.827800,0.231700
JPM,2026-07-24,223.230000,0.004500,0.028950,-0.018120,0.028950,-0.018120,0.022680,-0.111030,0.141770,0.193600,-0.285960,-0.285960,0.083220,0.024000,12.390000,14.390000,10.870000,3.860000,0.053360,0.117900,0.159500,0.136300,0.615100,0.415300,0.326800,0.171700,0.014300,0.114200,1.347000,1.054000,1.132000,0.051600,0.807000,0.593000,0.012000,-0.141500,4.130000,-0.303000,0.018900,-0.007600,0.026000,3.740000,2.090000,risk-on,0.977800,0.333300,0.288900,0.144400,0.483300,0.850000,0.499200
V,2026-07-24,392.510000,0.003680,-0.000840,-0.016560,-0.000840,-0.016560,-0.021640,0.013580,0.112600,0.154220,-0.070630,-0.070630,0.090910,0.159200,30.110000,27.940000,22.750000,15.930000,0.031320,0.094000,0.124400,0.113000,0.785200,0.645300,0.524600,0.510800,0.199400,0.397300,0.495700,1.047000,1.217000,-0.072800,0.219000,1.407000,-0.012000,0.141600,4.020000,-0.015000,0.060900,0.054200,-0.040100,3.740000,2.090000,risk-on,0.533300,0.205600,0.822200,0.372200,0.600000,0,0.458100
NFLX,2026-07-24,1411.410000,-0.009430,-0.103280,-0.091370,-0.103280,-0.091370,0.137390,-0.104700,0.430060,0.375350,-0.280870,-0.280870,0.185320,0.108000,45.180000,35.300000,31.510000,9.500000,0.018860,0.165100,0.245300,0.205700,0.466700,0.276300,0.226800,0.371300,0.147000,0.249800,0.744500,2.038000,1.271000,-0.008800,0.442000,1.380000,-0.012300,-0.028300,4.190000,-0.240000,-0.011300,0.036900,-0.055500,3.740000,2.090000,risk-off,0.266700,0.722200,0.322200,0.288900,0.444400,0.444400,0.416700
AAPL,2026-07-31,241.460000,0.009030,-0.012920,0.005200,-0.012920,0.005200,0.050190,0.084530,0.218710,0.204150,-0.254710,-0.254710,0.134570,-0.152700,35.600000,29.690000,23.720000,9.400000,0.032170,0.062700,0.099400,0.082400,0.465200,0.319600,0.251100,1.589000,0.266700,0.604400,1.995800,4.436000,0.889000,-0.014200,0.578000,0.822000,-0.285700,0.038100,3.330000,-0.481000,0.048100,-0.004600,0,3.720000,2.180000,neutral,0.533300,0.111100,0.650000,0,0.750000,0.366700,0.408100
MSFT,2026-07-31,444.660000,0.006410,-0.005060,-0.055460,-0.005060,-0.055460,-0.012770,-0.084080,0.197380,0.198860,-0.270830,-0.270830,0.044100,-0.036800,34.570000,28.560000,22.700000,12.950000,0.021630,0.158600,0.246300,0.197400,0.694300,0.454600,0.372800,0.365100,0.189700,0.291600,0.338500,0.628000,1.393000,0.025600,0.616000,0.861000,-0.189800,-0.274700,4.250000,-0.043000,0.036900,0.025600,-0.007100,3.720000,2.180000,risk-on,0.422200,0.700000,0.594400,0.555600,0.383300,0.511100,0.535300
NVDA,2026-07-31,99.410000,0.014080,0.017400,-0.020690,0.017400,-0.020690,0.061850,0.279080,0.627370,0.482530,-0.344690,-0.344690,0.337410,-0.003100,56.840000,35.360000,44.620000,27.350000,0.027040,0.823900,1.249700,1.022500,0.764000,0.645600,0.563600,0.953100,0.682800,0.802900,0.135700,0.304000,4.271000,0.045100,0.754000,1.318000,0.475500,0.236600,3.990000,0.444000,0.045200,0.022400,-0.003200,3.720000,2.180000,risk-off,0.155600,1,0.927800,0.922200,0.661100,1,0.754200
META,2026-07-31,589.820000,-0.001810,-0.019890,-0.011070,-0.019890,-0.011070,-0.021000,-0.224320,0.241790,0.237030,-0.495080,-0.495080,0.062280,0.253100,28.080000,22.810000,18.280000,8.750000,0.040260,0.230600,0.310800,0.273900,0.830100,0.429200,0.388300,0.386000,0.241300,0.309600,0.270900,0.366000,3.044000,0.039600,0.666000,0.852000,0.051800,0.034700,4.060000,-0.011000,0.007500,0.027500,-0.019900,3.720000,2.180000,neutral,0.788900,0.888900,0.733300,0.733300,0.338900,0.805600,0.723600
GOOGL,2026-07-31,225.570000,0.016220,0.030330,-0.040050,0.030330,-0.040050,-0.088050,-0.082190,0.229710,0.232630,-0.249350,-0.249350,0.030330,0.256400,22.760000,22.280000,18.610000,6.260000,0.034520,0.139100,0.218500,0.169600,0.585500,0.326100,0.293300,0.311000,0.212600,0.267500,0.092200,0.120000,1.867000,-0.072400,0.048000,0.768000,-0.039700,-0.007400,3.400000,-0.082000,0.057100,-0.004700,-0.011700,3.720000,2.180000,neutral,0.811100,0.538900,0.416700,0.900000,0.344400,0,0.540000
AMZN,2026-07-31,259.440000,0.042350,0.050490,-0.041770,0.050490,-0.041770,0.147960,0.190800,0.307120,0.273880,-0.099200,-0.099200,0.212000,0.091700,42.920000,31.020000,19.220000,3.650000,0.018280,0.118900,0.164100,0.137700,0.498500,0.110900,0.093600,0.218500,0.091600,0.145100,0.558500,0.985000,1.104000,-0.014200,0.373000,0.530000,0.054700,0.031000,3.350000,0.127000,-0.035300,0.060900,0.002500,3.720000,2.180000,neutral,0.466700,0.372200,0.222200,0.305600,0.705600,0.200000,0.383900
TSLA,2026-07-31,554.660000,-0.007440,-0.075920,-0.231090,-0.075920,-0.231090,-0.422690,-0.200240,0.512040,0.523620,-0.493630,-0.493630,0,0.374900,119.320000,94.850000,70.810000,13.530000,0.002970,0.009600,0.014000,0.011300,0.181800,0.074800,0.075700,0.108100,0.063300,0.083000,0.186600,1.574000,2.090000,-0.014800,0.499000,1.470000,-0.054600,-0.031100,4.080000,0.036000,0.010200,-0.072700,0.039300,3.720000,2.180000,risk-off,0.044400,0,0,0.777800,0.044400,0.233300,0.155600
JPM,2026-07-31,224.280000,0.006460,0.004700,-0.020310,0.004700,-0.020310,0.012460,-0.085690,0.146710,0.190530,-0.282600,-0.282600,0.088320,0.146900,13.140000,14.010000,10.980000,3.950000,0.052320,0.117100,0.181800,0.144100,0.620100,0.427200,0.330200,0.173500,0.014400,0.113500,1.328100,1.052000,1.165000,0.027300,0.575000,0.593000,0.010700,-0.150800,4.510000,-0.043000,-0.036000,-0.002200,-0.029500,3.720000,2.180000,risk-on,0.977800,0.422200,0.288900,0.144400,0.550000,0.588900,0.500800
V,2026-07-31,398.950000,0.005240,0.016410,0.007960,0.016410,0.007960,-0.017870,0.013280,0.116440,0.151800,-0.055380,-0.055380,0.108810,0.151700,31.240000,26.010000,20.720000,17.460000,0.033660,0.095700,0.108500,0.104300,0.788900,0.641600,0.525700,0.487600,0.202900,0.415100,0.498000,1.044000,1.242000,0.043400,0.710000,1.407000,-0.010700,0.150800,3.770000,0.415000,0.043800,0.040900,0.002500,3.720000,2.180000,risk-on,0.533300,0.222200,0.822200,0.372200,0.683300,0.861100,0.560000
NFLX,2026-07-31,1442.970000,0.011690,0.022360,-0.050100,0.022360,-0.050100,0.135610,-0.065400,0.399610,0.374920,-0.264780,-0.264780,0.211830,-0.070400,44.420000,34.950000,31.080000,9.890000,0.017580,0.166700,0.232000,0.199900,0.466100,0.273600,0.225400,0.366600,0.148100,0.247700,0.769500,2.030000,1.280000,-0.009300,0.533000,1.380000,-0.012100,-0.027200,3.460000,-0.003000,0.026900,0.034200,0.084100,3.720000,2.180000,risk-off,0.266700,0.744400,0.344400,0.288900,0.538900,0.433300,0.438600
AAPL,2026-08-07,254.240000,0.000120,0.052930,0.025040,0.052930,0.025040,0.107120,0.161440,0.231570,0.205360,-0.215260,-0.215260,0.194620,0.314500,33,30.560000,21.100000,8.810000,0.026400,0.063300,0.093300,0.083600,0.467000,0.320800,0.251500,1.620700,0.265400,0.603800,1.990500,4.430000,0.900000,0.004400,0.567000,0.822000,-0.280200,0.036600,4.160000,0.136000,-0.023100,-0.040800,0.019000,3.720000,2.290000,neutral,0.533300,0.111100,0.650000,0,0.583300,0.372200,0.383600
MSFT,2026-08-07,456.390000,-0.010690,0.026380,0.036140,0.026380,0.036140,0.014790,-0.032480,0.208590,0.209120,-0.251600,-0.251600,0.071640,0.121000,36.090000,31.370000,23.810000,13.070000,0.023260,0.158700,0.238400,0.194800,0.711100,0.469300,0.371800,0.365200,0.189000,0.279800,0.348800,0.626000,1.416000,-0.040000,0.397000,0.861000,-0.184800,-0.287400,3.880000,-0.090000,0.078300,0.068600,0.012500,3.720000,2.290000,neutral,0.422200,0.666700,0.594400,0.555600,0.361100,0.066700,0.480800
NVDA,2026-08-07,109.470000,-0.013160,0.101200,0.121960,0.101200,0.121960,0.186800,0.380980,0.632600,0.495670,-0.278380,-0.278380,0.472760,0.024900,53.740000,33.290000,41.930000,24.110000,0.026380,0.808600,1.284000,1.047400,0.772600,0.642800,0.568600,0.939000,0.672300,0.818100,0.136600,0.303000,4.357000,0.019500,0.594000,1.318000,0.465100,0.250900,3.790000,-0.569000,0.036100,-0.042400,0.043400,3.720000,2.290000,risk-off,0.155600,1,0.927800,0.922200,0.772200,0.566700,0.727500
META,2026-08-07,630.840000,0.013640,0.069550,0.023680,0.069550,0.023680,0.063170,-0.098260,0.247290,0.240670,-0.459960,-0.459960,0.136160,-0.330100,26.550000,25.180000,16.470000,8.580000,0.040900,0.236400,0.335900,0.293200,0.825900,0.443200,0.388300,0.380300,0.241100,0.308900,0.279400,0.363000,3.084000,0.051100,0.656000,0.852000,0.051400,0.035100,4.290000,0.152000,-0.019300,0.035000,-0.006600,3.720000,2.290000,neutral,0.788900,0.888900,0.733300,0.733300,0.333300,0.777800,0.720000
GOOGL,2026-08-07,237.220000,-0.018050,0.051650,0.061620,0.051650,0.061620,0.004020,-0.021490,0.251190,0.238850,-0.210580,-0.210580,0.083540,0.053800,26.420000,22.460000,17.270000,6.340000,0.031590,0.141100,0.200000,0.175300,0.587400,0.327100,0.285400,0.314100,0.210200,0.266700,0.091000,0.119000,1.828000,-0.009300,0.535000,0.768000,-0.043900,-0.007100,3.870000,-0.034000,-0.020300,0.018800,-0.006600,3.720000,2.290000,neutral,0.811100,0.555600,0.416700,0.900000,0.383300,0.372200,0.586400
AMZN,2026-08-07,279.390000,0.018630,0.076900,0.058860,0.076900,0.058860,0.189200,0.215850,0.325630,0.285480,-0.029930,-0.029930,0.305190,0.034600,44.150000,30.450000,19.660000,3.440000,0.018300,0.117400,0.161800,0.135800,0.495600,0.110500,0.094500,0.212600,0.091400,0.145100,0.563000,0.984000,1.117000,0.008400,0.576000,0.530000,0.054000,0.030600,4.100000,-0.036000,0.024600,0.043100,0.086600,3.720000,2.290000,neutral,0.466700,0.333300,0.222200,0.305600,0.722200,0.427800,0.401400
TSLA,2026-08-07,579.590000,0.000050,0.044950,-0.172710,0.044950,-0.172710,-0.405900,-0.200060,0.562950,0.542340,-0.470870,-0.470870,0.055890,0.290000,120,84.390000,78.390000,13.340000,0.002620,0.009500,0.013200,0.012000,0.179400,0.074500,0.074900,0.109400,0.065300,0.083900,0.189300,1.574000,2.084000,-0.035200,0.268000,1.470000,-0.053900,-0.030600,3.530000,0.075000,-0.056000,0.031100,-0.009600,3.720000,2.290000,risk-off,0.044400,0,0,0.777800,0.016700,0.044400,0.132500
JPM,2026-08-07,232.110000,-0.013390,0.034910,0.037870,0.034910,0.037870,0.061220,-0.068690,0.200660,0.201200,-0.257560,-0.257560,0.126310,0.029000,12.940000,14.940000,11.810000,4,0.053880,0.121700,0.162700,0.137300,0.625600,0.419000,0.329500,0.173900,0.014100,0.111700,1.390100,1.047000,1.147000,0.128000,1,0.593000,0.016000,-0.147700,4.790000,0.206000,0.015000,0.058700,0.041600,3.720000,2.290000,neutral,0.977800,0.444400,0.288900,0.144400,0.455600,1,0.532200
V,2026-08-07,425.450000,0.003610,0.066420,0.095050,0.066420,0.095050,0.051640,0.082130,0.155660,0.162190,0,0,0.182460,0.483100,29.650000,26.280000,21.460000,16.390000,0.031000,0.089700,0.121400,0.107200,0.788400,0.642400,0.535000,0.490700,0.200600,0.407100,0.521400,1.047000,1.237000,0.052100,0.707000,1.407000,-0.016000,0.147700,4.290000,0.015000,0.053000,-0.034500,0.044300,3.720000,2.290000,risk-on,0.533300,0.222200,0.822200,0.372200,0.627800,0.888900,0.554400
NFLX,2026-08-07,1555.480000,0.002980,0.077970,0.119780,0.077970,0.119780,0.192660,-0.021270,0.360480,0.378480,-0.207460,-0.207460,0.306310,-0.136500,48.460000,36.660000,28.420000,9.730000,0.020920,0.177400,0.251400,0.206000,0.468300,0.277100,0.228000,0.369200,0.147200,0.245800,0.747300,2.011000,1.271000,0.024100,0.525000,1.380000,-0.007600,-0.028000,4.260000,-0.065000,-0.022500,0.009400,-0.000500,3.720000,2.290000,risk-off,0.266700,0.777800,0.344400,0.288900,0.744400,0.483300,0.481100
AAPL,2026-08-14,261.920000,-0.005130,0.030210,0.033170,0.030210,0.033170,0.174000,0.230710,0.267710,0.219350,-0.191560,-0.191560,0.230710,-0.228300,32.250000,30.770000,24.500000,8.830000,0.032510,0.064900,0.091600,0.080400,0.474500,0.320500,0.242800,1.587500,0.269000,0.603000,1.941400,4.420000,0.904000,0.105000,0.892000,0.822000,-0.293400,0.035600,4.870000,-0.210000,0.058500,0.041000,-0.021600,3.590000,2.410000,neutral,0.533300,0.111100,0.672200,0,0.600000,0.822200,0.435600
MSFT,2026-08-14,468.970000,-0.003970,0.027560,0.043760,0.027560,0.043760,0.071120,-0.012860,0.230890,0.201300,-0.230970,-0.230970,0.101180,0.049000,33.310000,28.410000,25.670000,11.510000,0.022130,0.161200,0.238500,0.198400,0.712700,0.457100,0.373900,0.357600,0.196100,0.292200,0.333400,0.624000,1.385000,0.059700,0.903000,0.861000,-0.197100,-0.275200,4.120000,0.182000,0.008900,0.037200,-0.001100,3.590000,2.410000,neutral,0.422200,0.666700,0.594400,0.555600,0.416700,0.800000,0.562500
NVDA,2026-08-14,102.190000,-0.011220,-0.066500,-0.058680,-0.066500,-0.058680,0.174330,0.297820,0.606170,0.496830,-0.323380,-0.323380,0.374820,-0.196500,54.310000,32.550000,44.830000,27.180000,0.027860,0.848900,1.203400,0.999900,0.754100,0.636600,0.568600,0.934600,0.674700,0.806900,0.136000,0.294000,4.324000,0.062100,0.708000,1.318000,0.490600,0.239500,4.970000,0.396000,0.041900,-0.041100,0.034500,3.590000,2.410000,risk-off,0.155600,1,0.905600,0.922200,0.511100,0.711100,0.698300
META,2026-08-14,707.650000,-0.015530,0.121760,0.109640,0.121760,0.109640,0.191330,0.040170,0.325890,0.274880,-0.394210,-0.394210,0.274490,-0.014900,25.700000,21.970000,18.340000,8.990000,0.041490,0.240300,0.340900,0.276000,0.825300,0.436400,0.387000,0.385900,0.243500,0.314700,0.279600,0.361000,3.099000,-0.045700,0.221000,0.852000,0.057900,0.037400,3.010000,-0.070000,-0.066700,-0.005900,0.020700,3.590000,2.410000,neutral,0.788900,0.888900,0.733300,0.733300,0.655600,0.111100,0.701700
GOOGL,2026-08-14,233.850000,-0.016280,-0.014210,-0.005660,-0.014210,-0.005660,0.011070,-0.032680,0.268040,0.231630,-0.221800,-0.221800,0.068150,-0.087500,24.620000,21.920000,17.250000,7.010000,0.032990,0.143100,0.208000,0.181100,0.588900,0.324800,0.283300,0.313100,0.213100,0.268300,0.091700,0.119000,1.853000,0.175900,1,0.768000,-0.039300,-0.009000,4.880000,0.552000,-0.070300,0.033900,0.003500,3.590000,2.410000,neutral,0.811100,0.555600,0.416700,0.900000,0.233300,1,0.626700
AMZN,2026-08-14,297.860000,0.004990,0.066110,0.189350,0.066110,0.189350,0.250620,0.286820,0.278580,0.278060,0,0,0.391480,0.035000,43.960000,30.710000,18.710000,3.580000,0.016170,0.120000,0.175200,0.148000,0.496400,0.111900,0.095400,0.208600,0.090500,0.143100,0.559700,0.980000,1.082000,-0.016700,0.482000,0.530000,0.055100,0.029000,4.090000,-0.197000,0.042100,-0.016800,-0.013700,3.590000,2.410000,neutral,0.466700,0.405600,0.222200,0.305600,0.888900,0.316700,0.429700
TSLA,2026-08-14,591.950000,0.019410,0.021330,-0.102560,0.021330,-0.102560,-0.357370,-0.289560,0.604210,0.552730,-0.459590,-0.459590,0.078410,-0.122600,119.910000,85.190000,77.460000,12.500000,0.002890,0.009800,0.014000,0.011200,0.180200,0.074600,0.074900,0.107200,0.062800,0.085100,0.188700,1.573000,2.086000,-0.139600,0,1.470000,-0.055100,-0.029000,3.050000,-0.424000,0.057900,0.092100,0.019200,3.590000,2.410000,risk-off,0.044400,0,0,0.777800,0.016700,0,0.128100
JPM,2026-08-14,229.590000,-0.023190,-0.010860,0.045160,-0.010860,0.045160,0.098310,-0.060210,0.212960,0.195310,-0.265620,-0.265620,0.114080,-0.034300,13.040000,14.810000,11.580000,3.980000,0.053020,0.120600,0.170900,0.141900,0.620600,0.417500,0.334900,0.174100,0.014300,0.114000,1.350400,1.045000,1.149000,0.033600,0.666000,0.593000,0.012700,-0.145500,4.440000,-0.086000,-0.040600,0.035300,-0.041700,3.590000,2.410000,neutral,0.977800,0.372200,0.288900,0.144400,0.483300,0.555600,0.477500
V,2026-08-14,427.070000,0.005410,0.003810,0.083850,0.003810,0.083850,0.076830,0.086330,0.161070,0.155770,-0.000050,-0.000050,0.186960,-0.011000,29.010000,26.540000,20.610000,16.780000,0.035570,0.095200,0.114600,0.103200,0.789500,0.645500,0.516900,0.502200,0.202500,0.405000,0.492400,1.041000,1.242000,0.003800,0.443000,1.407000,-0.012700,0.145500,4.430000,-0.021000,-0.011700,-0.034000,-0.035900,3.590000,2.410000,risk-on,0.533300,0.222200,0.844400,0.405600,0.627800,0.294400,0.504400
NFLX,2026-08-14,1583.700000,0.031750,0.018140,0.026010,0.018140,0.026010,0.248400,0.040400,0.341110,0.371440,-0.193080,-0.193080,0.330010,-0.305900,41.310000,33.770000,29.850000,9.420000,0.019420,0.163900,0.249800,0.202200,0.469500,0.272600,0.228500,0.370300,0.145500,0.249000,0.761100,2.022000,1.240000,0.033000,0.623000,1.380000,-0.018500,-0.028300,4.350000,-0.415000,0.049000,0.118100,0.053200,3.590000,2.410000,neutral,0.266700,0.777800,0.322200,0.255600,0.566700,0.388900,0.435600
AAPL,2026-08-21,285.420000,-0.003670,0.089720,0.170910,0.089720,0.170910,0.271420,0.240360,0.285790,0.242560,-0.119020,-0.119020,0.341130,0.097000,34.300000,29.810000,24.160000,8.990000,0.027670,0.065800,0.098000,0.080300,0.468200,0.321800,0.246500,1.606000,0.268100,0.599600,1.942600,4.412000,0.891000,-0.000900,0.569000,0.822000,-0.292500,0.029600,3.560000,0.125000,0.026000,0.064300,-0.072500,3.550000,2.250000,neutral,0.533300,0.111100,0.694400,0,0.755600,0.583300,0.439400
MSFT,2026-08-21,495.400000,0.004360,0.056360,0.113160,0.056360,0.113160,0.112980,0.045700,0.249350,0.205980,-0.187630,-0.187630,0.163240,-0.166800,37.450000,31.430000,23.150000,12.220000,0.024320,0.162200,0.210400,0.195700,0.704500,0.459600,0.371700,0.366200,0.192000,0.290200,0.350700,0.621000,1.385000,-0.033900,0.433000,0.861000,-0.196100,-0.279800,3.240000,-0.380000,0.002400,0.037100,-0.033400,3.550000,2.250000,neutral,0.422200,0.683300,0.594400,0.555600,0.400000,0.355600,0.518900
NVDA,2026-08-21,121.860000,0.020430,0.192480,0.192720,0.192480,0.192720,0.452960,0.444010,0.526380,0.528210,-0.188470,-0.188470,0.639450,-0.152300,55.530000,32.710000,47.190000,27.420000,0.027870,0.846800,1.154700,0.991700,0.763600,0.644800,0.570600,0.927600,0.675800,0.820300,0.132500,0.292000,4.295000,-0.027200,0.364000,1.318000,0.488500,0.250300,4.420000,-0.108000,-0.019000,0.071400,-0.022900,3.550000,2.250000,risk-off,0.155600,1,0.905600,0.922200,0.794400,0.405600,0.710300
META,2026-08-21,765.130000,0.013120,0.081230,0.265600,0.081230,0.265600,0.223560,0.093400,0.299180,0.272450,-0.345000,-0.345000,0.378020,0.056700,28.690000,23.290000,16.500000,9.110000,0.037190,0.230300,0.339000,0.265900,0.825600,0.436200,0.388800,0.384400,0.242400,0.310300,0.285200,0.362000,3.098000,0.005000,0.588000,0.852000,0.050700,0.035800,4.260000,0.164000,0.022900,0.112300,0.003600,3.550000,2.250000,neutral,0.788900,0.888900,0.733300,0.733300,0.688900,0.555600,0.751100
GOOGL,2026-08-21,242.910000,0.026760,0.038740,0.099090,0.038740,0.099090,0.077590,-0.037330,0.305430,0.254160,-0.191650,-0.191650,0.109530,-0.238800,24.630000,20.830000,16.740000,6.280000,0.035100,0.137400,0.190800,0.168200,0.585400,0.314300,0.295900,0.310600,0.207800,0.264600,0.090900,0.119000,1.875000,-0.042800,0.303000,0.768000,-0.042200,-0.009900,3.240000,0.291000,0.009200,0.033000,0.045900,3.550000,2.250000,neutral,0.811100,0.555600,0.394400,0.900000,0.183300,0.127800,0.527500
AMZN,2026-08-21,307.650000,-0.016650,0.032870,0.253210,0.032870,0.253210,0.248380,0.263860,0.301880,0.287340,-0.016650,-0.016650,0.437210,0.107500,43.850000,31.880000,17.520000,3.350000,0.018460,0.112600,0.160400,0.142500,0.492600,0.111500,0.095800,0.214600,0.090800,0.141900,0.560400,0.983000,1.089000,0.015500,0.687000,0.530000,0.051600,0.029400,4.100000,-0.259000,0.034200,0.014800,0.054000,3.550000,2.250000,neutral,0.466700,0.350000,0.222200,0.305600,0.766700,0.872200,0.455800
TSLA,2026-08-21,622.800000,-0.016810,0.052120,-0.006760,0.052120,-0.006760,-0.367030,-0.278440,0.511850,0.545790,-0.431420,-0.431420,0.134610,0.100700,115.960000,89.490000,71.030000,13.130000,0.002940,0.009500,0.014400,0.012100,0.180700,0.076100,0.075100,0.107900,0.064000,0.083100,0.185100,1.574000,2.074000,0.040000,0.723000,1.470000,-0.051500,-0.029400,4.060000,-0.033000,-0.031600,-0.055700,-0.003100,3.550000,2.250000,risk-off,0.044400,0,0,0.777800,0.016700,0.972200,0.225300
JPM,2026-08-21,243.480000,0.013400,0.060500,0.095620,0.060500,0.095620,0.126600,-0.037360,0.224110,0.196920,-0.221190,-0.221190,0.181480,-0.027100,12.190000,14.600000,11.390000,3.640000,0.046810,0.120600,0.175800,0.152700,0.621700,0.424900,0.341600,0.177100,0.014500,0.114700,1.356300,1.043000,1.159000,-0.055900,0.313000,0.593000,0.011300,-0.145500,3.660000,0.156000,0.019000,0.042100,0.079400,3.550000,2.250000,neutral,0.977800,0.427800,0.288900,0.144400,0.344400,0.038900,0.416100
V,2026-08-21,436.910000,-0.001710,0.023040,0.117220,0.023040,0.117220,0.107670,0.097020,0.160650,0.158980,-0.001710,-0.001710,0.214310,0.201300,30.140000,26.760000,21.540000,17.780000,0.031030,0.097900,0.127700,0.108000,0.779800,0.649000,0.533200,0.496900,0.203300,0.405800,0.483500,1.037000,1.254000,0.033600,0.591000,1.407000,-0.011300,0.145600,4.210000,0.062000,-0.025100,-0.005500,0.002400,3.550000,2.250000,risk-on,0.533300,0.222200,0.844400,0.372200,0.505600,0.766700,0.528300
NFLX,2026-08-21,1618.920000,-0.001250,0.022240,0.136200,0.022240,0.136200,0.181640,0.048320,0.271050,0.369330,-0.175140,-0.175140,0.359590,0.191400,46.850000,35.580000,29.410000,10.230000,0.018950,0.171100,0.241600,0.202100,0.467000,0.279500,0.226900,0.378300,0.147600,0.248700,0.764700,2.007000,1.261000,-0.006300,0.425000,1.380000,-0.008500,-0.025800,3.570000,0.151000,0.003600,-0.046000,0.035600,3.550000,2.250000,neutral,0.266700,0.761100,0.322200,0.288900,0.544400,0.322200,0.427200
